statement ok
drop table if exists test_table;

statement ok
drop table if exists test_table_1;

statement ok
CREATE OR REPLACE TABLE test_table as select 1;

statement error 1006
CREATE OR REPLACE TABLE test_table as select 1/0;

query I
select * from test_table;
----
1

statement ok
alter table test_table rename to test_table_1; 

statement ok
insert into test_table_1 values(10);

query I
select * from test_table_1 order by 1;
----
1
10

statement ok
CREATE OR REPLACE TABLE test_table as select 2;

query I
select * from test_table;
----
2

statement ok
drop table if exists test_table_2;

statement ok
CREATE OR REPLACE TABLE test_table_2 as select 1;

statement error 1006
CREATE OR REPLACE TABLE test_table_2 as select 1/0;

statement error 2308
UNDROP TABLE test_table_2

statement ok
drop table if exists test_table;

statement ok
drop table if exists test_table_1;

statement ok
drop table if exists test_table_2;
