statement ok
DROP DATABASE IF EXISTS db1

statement ok
CREATE DATABASE db1

statement ok
USE db1

statement ok
drop table if exists t_insert_default

statement ok
create table t_insert_default(a int null, b int default 2, c float not null, d varchar default 'd')

statement ok
insert into t_insert_default values (default, default, default, default), (1, default, 1.0, default), (3, 3, 3.0, default), (4, 4, 4.0, 'a')

query TIFS
select * from t_insert_default
----
NULL 2 0.0 d
1 2 1.0 d
3 3 3.0 d
4 4 4.0 a

statement ok
drop table t_insert_default

statement error 1006
create table t_insert_default(a int null, b int not null default 2, c float not null, d varchar not null default 'd', e smallint not null default -872582066);


statement ok
create table t_insert_default(a int null, b int not null default 2, c float not null, d varchar not null default 'd', e smallint null default -100);

statement ok
insert into t_insert_default(a, c) values (default, default), (1, 1.0)

query TIFS
select * from t_insert_default
----
NULL 2 0.0 d -100
1 2 1.0 d -100

statement error 1303
insert into t_insert_default values (default)

statement error 1303
insert into t_insert_default values (default, default)

statement error 1303
insert into t_insert_default values (default, default, default)

statement error 1303
insert into t_insert_default values (1)

statement error 1303
insert into t_insert_default values (2, 3)

statement error 1303
insert into t_insert_default values (3, 4, 5.0)

statement ok
drop table t_insert_default

statement ok
drop table if exists t0

statement ok
CREATE TABLE t0(c0INT INT16 NULL DEFAULT(-1), c1VARCHAR VARCHAR NULL, c2VARCHAR VARCHAR NULL)

statement ok
INSERT INTO t0(c2varchar, c1varchar) VALUES ('diu7Pk', '')

statement error 1065
INSERT INTO t0(c2varchar) VALUES (max('1'))

statement error 1005
INSERT INTO t0(c2varchar) VALUES (max('1') partition by('1'))

statement error 1065
INSERT INTO t0(c2varchar) VALUES ('1' || max('2'));

statement ok
alter table t0 add column ts TIMESTAMP DEFAULT now()

query TIFS
SELECT count() FROM t0 WHERE not(t0.c0int)
----
0


statement ok
alter table t0 drop column c0int;

statement ok
alter table t0 add column ts2 bigint;

statement ok
insert into t0 (c1VARCHAR, c2VARCHAR, ts2) values ('1', '2', 1), ('2', '4', 2);

query III
select c1VARCHAR, c2VARCHAR, ts2 from t0 order by ts2 desc limit 2;
----
2 4 2
1 2 1


statement ok
drop table t0
