statement ok
DROP DATABASE IF EXISTS db1

statement ok
CREATE DATABASE db1

statement ok
USE db1

query T
select '==Array(UInt8)=='
----
==Array(UInt8)==

statement ok
drop table if exists t1

statement ok
CREATE TABLE t1(id Int, arr Array(UInt8)) Engine = Fuse

statement ok
INSERT INTO t1 (id, arr) VALUES(1, [1,2,3]), (2, [254,255])

query II
select * from t1
----
1 [1,2,3]
2 [254,255]

query II
select arr[1], arr[2] from t1
----
1 2
254 255

statement ok
drop table if exists t2

statement ok
CREATE TABLE t2(id Int, arr Array(UInt16)) Engine = Fuse

statement ok
INSERT INTO t2 (id, arr) VALUES(1, [1,2,3]), (2, [65534,65535])

query II
select * from t2
----
1 [1,2,3]
2 [65534,65535]

query II
select arr[1], arr[2] from t2
----
1 2
65534 65535

statement ok
drop table if exists t3

statement ok
CREATE TABLE t3(id Int, arr Array(UInt32)) Engine = Fuse

statement ok
INSERT INTO t3 (id, arr) VALUES(1, [1,2,3]), (2, [4294967294,4294967295])

query II
select * from t3
----
1 [1,2,3]
2 [4294967294,4294967295]

query II
select arr[1], arr[2] from t3
----
1 2
4294967294 4294967295

statement ok
drop table if exists t4

statement ok
CREATE TABLE t4(id Int, arr Array(UInt64)) Engine = Fuse

statement ok
INSERT INTO t4 (id, arr) VALUES(1, [1,2,3]), (2, [18446744073709551614,18446744073709551615])

query II
select * from t4
----
1 [1,2,3]
2 [18446744073709551614,18446744073709551615]

query II
select arr[1], arr[2] from t4
----
1 2
18446744073709551614 18446744073709551615

statement ok
drop table if exists t5

statement ok
CREATE TABLE t5(id Int, arr Array(Int8)) Engine = Fuse

statement ok
INSERT INTO t5 (id, arr) VALUES(1, [1,2,3]), (2, [-128,127])

query II
select * from t5
----
1 [1,2,3]
2 [-128,127]

query II
select arr[1], arr[2] from t5
----
1 2
-128 127

statement ok
drop table if exists t6

statement ok
CREATE TABLE t6(id Int, arr Array(Int16)) Engine = Fuse

statement ok
INSERT INTO t6 (id, arr) VALUES(1, [1,2,3]), (2, [-32768,32767])

query II
select * from t6
----
1 [1,2,3]
2 [-32768,32767]

query II
select arr[1], arr[2] from t6
----
1 2
-32768 32767

statement ok
drop table if exists t7

statement ok
CREATE TABLE t7(id Int, arr Array(Int32)) Engine = Fuse

statement ok
INSERT INTO t7 (id, arr) VALUES(1, [1,2,3]), (2, [-2147483648,2147483647])

query II
select * from t7
----
1 [1,2,3]
2 [-2147483648,2147483647]

query II
select arr[1], arr[2] from t7
----
1 2
-2147483648 2147483647

statement ok
drop table if exists t8

statement ok
CREATE TABLE t8(id Int, arr Array(Int64)) Engine = Fuse

statement ok
INSERT INTO t8 (id, arr) VALUES(1, [1,2,3]), (2, [-9223372036854775808,9223372036854775807])

query II
select * from t8
----
1 [1,2,3]
2 [-9223372036854775808,9223372036854775807]

query II
select arr[1], arr[2] from t8
----
1 2
-9223372036854775808 9223372036854775807

statement ok
drop table if exists t9

statement ok
CREATE TABLE t9(id Int, arr Array(Float32)) Engine = Fuse

statement ok
INSERT INTO t9 (id, arr) VALUES(1, [1.1,1.2,1.3]), (2, [-1.1,-1.2,-1.3])

query IF
select * from t9
----
1 [1.1,1.2,1.3]
2 [-1.1,-1.2,-1.3]

query FF
select arr[1], arr[2] from t9
----
1.1 1.2
-1.1 -1.2

statement ok
drop table if exists t10

statement ok
CREATE TABLE t10(id Int, arr Array(Float64)) Engine = Fuse

statement ok
INSERT INTO t10 (id, arr) VALUES(1, [1.1,1.2,1.3]), (2, [-1.1,-1.2,-1.3])

query IF
select * from t10
----
1 [1.1,1.2,1.3]
2 [-1.1,-1.2,-1.3]

query FF
select arr[1], arr[2] from t10
----
1.1 1.2
-1.1 -1.2

statement ok
drop table if exists t11

statement ok
CREATE TABLE t11(id Int, arr Array(Bool)) Engine = Fuse

statement ok
INSERT INTO t11 (id, arr) VALUES(1, [true, true]), (2, [false, false]), (3, [true, false]), (4, [false, true])

query IB
select * from t11
----
1 [1,1]
2 [0,0]
3 [1,0]
4 [0,1]


query BB
select arr[1], arr[2] from t11
----
1 1
0 0
1 0
0 1

statement ok
drop table if exists t12

statement ok
CREATE TABLE t12(id Int, arr Array(Date)) Engine = Fuse

statement ok
INSERT INTO t12 (id, arr) VALUES(1, ['2021-01-01', '2022-01-01']), (2, ['1990-12-01', '2030-01-12'])

statement error (?s).*cannot parse to type `DATE`.
INSERT INTO t12 (id, arr) VALUES(3, ['1000000-01-01', '2000000-01-01'])

query IT
select * from t12
----
1 ['2021-01-01','2022-01-01']
2 ['1990-12-01','2030-01-12']

query TT
select arr[1], arr[2] from t12
----
2021-01-01 2022-01-01
1990-12-01 2030-01-12

statement ok
drop table if exists t13

statement ok
CREATE TABLE t13(id Int, arr Array(Timestamp)) Engine = Fuse

statement ok
INSERT INTO t13 (id, arr) VALUES(1, ['2021-01-01 01:01:01', '2022-01-01 01:01:01']), (2, ['1990-12-01 10:11:12', '2030-01-12 22:00:00'])

statement error (?s).*cannot parse to type `TIMESTAMP`.
INSERT INTO t13 (id, arr) VALUES(3, ['1000000-01-01 01:01:01', '2000000-01-01 01:01:01'])

query IT
select * from t13
----
1 ['2021-01-01 01:01:01.000000','2022-01-01 01:01:01.000000']
2 ['1990-12-01 10:11:12.000000','2030-01-12 22:00:00.000000']

query TT
select arr[1], arr[2] from t13
----
2021-01-01 01:01:01.000000 2022-01-01 01:01:01.000000
1990-12-01 10:11:12.000000 2030-01-12 22:00:00.000000

statement ok
drop table if exists t14

statement ok
CREATE TABLE t14(id Int, arr Array(String)) Engine = Fuse

statement ok
INSERT INTO t14 (id, arr) VALUES(1, ['aa', 'bb']), (2, ['cc', 'dd'])

query IT
select * from t14
----
1 ['aa','bb']
2 ['cc','dd']

query TT
select arr[1], arr[2] from t14
----
aa bb
cc dd

statement ok
drop table if exists t15

statement ok
CREATE TABLE t15(id Int, arr Array(String)) Engine = Fuse

statement ok
INSERT INTO t15 (id, arr) VALUES(1, ['aa', 'bb']), (2, ['cc', 'dd']), (3, [12, 34])

query IT
select * from t15
----
1 ['aa','bb']
2 ['cc','dd']
3 ['12','34']

query TT
select arr[1], arr[2] from t15
----
aa bb
cc dd
12 34

statement ok
drop table if exists t16

statement ok
CREATE TABLE t16(id Int, arr Array(Int64)) Engine = Fuse

statement ok
INSERT INTO t16 (id, arr) VALUES(1, [1,2,3,4]), (2, [5,6,7,8]), (3, ['9','10','11'])

query IT
select * from t16
----
1 [1,2,3,4]
2 [5,6,7,8]
3 [9,10,11]

query II
select arr[1], arr[2] from t16
----
1 2
5 6
9 10

query II
select arr[1], arr[2] from t16 where arr[2] = 6 order by arr[3] desc
----
5 6

statement ok
drop table if exists t17

statement ok
CREATE TABLE t17(id Int, arr Array(String Null)) Engine = Fuse

statement ok
INSERT INTO t17 (id, arr) VALUES(1, ['aa', 'bb']), (2, [null, 'cc']), (3, ['dd', null]), (4, ['ee', 'ff'])

query IT
select * from t17
----
1 ['aa','bb']
2 [NULL,'cc']
3 ['dd',NULL]
4 ['ee','ff']

query TT
select arr[1], arr[2] from t17
----
aa bb
NULL cc
dd NULL
ee ff

statement ok
drop table if exists t18

statement ok
CREATE TABLE t18(id Int, arr Array(Int64 Null)) Engine = Fuse

statement ok
INSERT INTO t18 (id, arr) VALUES(1, [1,2,3,4]), (2, [5,null,7,8]), (3, [null,9,10,11])

statement ok
drop table if exists t19

statement ok
CREATE TABLE t19(id Int, arr Array(Array(Int64))) Engine = Fuse

statement ok
INSERT INTO t19 (id, arr) VALUES(1, [[1,2],[3,4]]), (2, [[5,6]]), (3, [[7,8],[9,10]])

query IT
SELECT * FROM t19
----
1 [[1,2],[3,4]]
2 [[5,6]]
3 [[7,8],[9,10]]

statement ok
drop table if exists t19
