query I
SELECT max(number) FROM numbers_mt (10) where number > 99999999998
----
NULL

query I
SELECT max(number) FROM numbers_mt (10) where number > 2
----
9
