statement ok
set max_threads = 16

statement ok
DROP TABLE if EXISTS t1

statement ok
create table t1(id int)

statement ok
insert into t1 select number as id from numbers(1000)

query I
select count() from t1 where id > 5;
----
994

query I
select 1 + 2 from t1 limit 3;
----
3
3
3

query I
select 1 from t1 where id < 4 limit 3;
----
1
1
1

statement ok
DROP TABLE t1
 
