statement ok
DROP DATABASE IF EXISTS a

statement ok
DROP DATABASE IF EXISTS b

statement ok
CREATE DATABASE a

statement ok
CREATE TABLE a.t(id INT, id2 INT)

statement ok
INSERT INTO a.t VALUES (1, 1),(2, 2)

query I
SELECT id FROM a.t ORDER BY id2 ASC
----
1
2

query I
SELECT id FROM a.t ORDER BY t.id2 ASC
----
1
2

query I
SELECT id FROM a.t ORDER BY a.t.id2 ASC
----
1
2

query I
SELECT DISTINCT(id) FROM a.t ORDER BY a.t.id
----
1
2

statement error (?s)1065.* for SELECT DISTINCT, ORDER BY expressions must appear in select list
SELECT DISTINCT(id) FROM a.t ORDER BY a.t.id2

statement error
SELECT SUM(id) as id2 FROM a.t ORDER BY a.t.id2

statement error (?s)1065.* for SELECT DISTINCT, ORDER BY expressions must appear in select list
SELECT DISTINCT(id) as id2 FROM a.t ORDER BY a.t.id2

query II
SELECT * FROM a.t ORDER BY a.t.id ASC
----
1 1
2 2

statement error (?s)1065.* column id doesn't exist
SELECT * FROM a.t ORDER BY B.T.id ASC

query II
SELECT * FROM a.t ORDER BY a.t.id DESC
----
2 2
1 1

statement error (?s)1065.* column id doesn't exist
SELECT * FROM a.t ORDER BY B.T.id DESC

statement ok
DROP DATABASE a
