statement ok
USE default

statement ok
DROP TABLE IF EXISTS `09_0022_t0`

statement ok
DROP TABLE IF EXISTS `09_0022_t0_1`

statement ok
DROP TABLE IF EXISTS `09_0022_t0_2`

statement ok
CREATE TABLE `09_0022_t0`(a int not null, b Tuple(Bool, Int64, Float64, String, Date, Timestamp) not null,c Array(UInt8) not null,d double not null) Engine = fuse STORAGE_FORMAT = 'native'

statement ok
INSERT INTO TABLE `09_0022_t0` values(1,(true, 100, 12.34, 'abc', '2020-01-01', '2020-01-01 00:00:00'),[101,2],4.0)

query ITIF
SELECT * FROM `09_0022_t0`
----
1 (1,100,12.34,'abc','2020-01-01','2020-01-01 00:00:00.000000') [101,2] 4.0

statement ok
create table `09_0022_t0_1`(a int not null, b Tuple(Bool, Int64, Float64, String, Date, Timestamp) not null,c Array(UInt8) not null,d double not null) Engine = fuse STORAGE_FORMAT = 'native' AS SELECT * FROM `09_0022_t0`;

query ITIF
SELECT * FROM `09_0022_t0_1`
----
1 (1,100,12.34,'abc','2020-01-01','2020-01-01 00:00:00.000000') [101,2] 4.0

statement ok
DROP TABLE IF EXISTS `09_0022_t0_1`

statement ok
ALTER TABLE `09_0022_t0` DROP COLUMN a

statement ok
create table `09_0022_t0_2`(b Tuple(Bool, Int64, Float64, String, Date, Timestamp) not null,c Array(UInt8) not null,d double not null) Engine = fuse STORAGE_FORMAT = 'native' AS SELECT * FROM `09_0022_t0`;

query FIII
SELECT d,b.1,c,b.2 FROM `09_0022_t0_2` 
----
4.0 1 [101,2] 100

statement ok
DROP TABLE IF EXISTS `09_0022_t0_2`

query FIIIF
SELECT d,b.1,c,b.2,b.3 FROM `09_0022_t0`
----
4.0 1 [101,2] 100 12.34

query TIF
SELECT * FROM `09_0022_t0`
----
(1,100,12.34,'abc','2020-01-01','2020-01-01 00:00:00.000000') [101,2] 4.0

statement ok
ALTER TABLE `09_0022_t0` DROP COLUMN b

query IF
SELECT * FROM `09_0022_t0`
----
[101,2] 4.0

statement ok
ALTER TABLE `09_0022_t0` DROP COLUMN d

query I
SELECT * FROM `09_0022_t0`
----
[101,2]

statement error 1109
ALTER TABLE `09_0022_t0` DROP COLUMN c

statement error 1108
ALTER TABLE `09_0022_t0` ADD COLUMN c float not null

statement ok
ALTER TABLE `09_0022_t0` ADD COLUMN a float not null default 101

statement ok
INSERT INTO TABLE `09_0022_t0` values([4,5],5.0)

query IF
SELECT * FROM `09_0022_t0` order by a 
----
[4,5] 5.0
[101,2] 101.0

statement ok
ALTER TABLE `09_0022_t0` ADD COLUMN b Tuple(double, int) not null default (202.0, 13)

statement ok
ALTER TABLE `09_0022_t0` ADD COLUMN e int not null

statement ok
INSERT INTO TABLE `09_0022_t0` values([9,10],6.0,(111.0,2),202)

query IFTI
SELECT * FROM `09_0022_t0` order by a
----
[4,5] 5.0 (202.0,13) 0
[9,10] 6.0 (111.0,2) 202
[101,2] 101.0 (202.0,13) 0

statement ok
ALTER TABLE `09_0022_t0` DROP COLUMN c

query FTI
SELECT * FROM `09_0022_t0` order by a
----
5.0 (202.0,13) 0
6.0 (111.0,2) 202
101.0 (202.0,13) 0

query FFI
SELECT b.1,a,b.2 FROM `09_0022_t0` order by a
----
202.0 5.0 13
111.0 6.0 2
202.0 101.0 13

statement ok
ALTER TABLE `09_0022_t0` DROP COLUMN e

query FT
SELECT * FROM `09_0022_t0` order by a
----
5.0 (202.0,13)
6.0 (111.0,2)
101.0 (202.0,13)

statement ok
ALTER TABLE `09_0022_t0` ADD COLUMN t Tuple(a Tuple(m Int64, n double), b Tuple(x Int64, y Int64)) not null default ((1,2.0),(3,4))

query FTT
SELECT * FROM `09_0022_t0` order by a
----
5.0 (202.0,13) ((1,2.0),(3,4))
6.0 (111.0,2) ((1,2.0),(3,4))
101.0 (202.0,13) ((1,2.0),(3,4))

statement ok
INSERT INTO TABLE `09_0022_t0` (a,t) values(102.0,((3,4.0),(5,6)))

query TIFTII
SELECT t:a,t:a:m,t:a:n,t:b,t:b:x,t:b:y FROM `09_0022_t0` order by t:a:m
----
(1,2.0) 1 2.0 (3,4) 3 4
(1,2.0) 1 2.0 (3,4) 3 4
(1,2.0) 1 2.0 (3,4) 3 4
(3,4.0) 3 4.0 (5,6) 5 6

statement ok
ALTER TABLE `09_0022_t0` ADD COLUMN m Map(Int64, String) not null default map([1],['ab']);

statement ok
INSERT INTO TABLE `09_0022_t0` (a, m) values(1.0, {2:'mn'})

query FTTT
SELECT * FROM `09_0022_t0` order by a
----
1.0 (202.0,13) ((1,2.0),(3,4)) {2:'mn'}
5.0 (202.0,13) ((1,2.0),(3,4)) {1:'ab'}
6.0 (111.0,2) ((1,2.0),(3,4)) {1:'ab'}
101.0 (202.0,13) ((1,2.0),(3,4)) {1:'ab'}
102.0 (202.0,13) ((3,4.0),(5,6)) {1:'ab'}
