statement ok
DROP DATABASE IF EXISTS db_09_0021

statement ok
CREATE DATABASE db_09_0021

statement ok
USE db_09_0021

statement ok
CREATE TABLE t (ta ARRAY(TUPLE(a int, b int)))

statement ok
INSERT INTO t VALUES ([(1,1),(2,2),(3,3)]), ([(4,5)]), ([(7,8)])

query T
SELECT * FROM t
----
[(1,1),(2,2),(3,3)]
[(4,5)]
[(7,8)]

query T
SELECT ta[1] FROM t
----
(1,1)
(4,5)
(7,8)

query T
SELECT ta[2] FROM t
----
(2,2)
NULL
NULL

query T
SELECT ta[3] FROM t
----
(3,3)
NULL
NULL

query I
SELECT ta[1].a FROM t
----
1
4
7

query T
SELECT * FROM t where ta[1].b > 3
----
[(4,5)]
[(7,8)]

statement ok
CREATE TABLE t1 (a int, b Tuple(Bool, Int64, Float64, String, Date, Timestamp), c Array(UInt8), d int);

statement ok
INSERT INTO TABLE t1 VALUES (1, (true, 100, 12.34, 'abc', '2020-01-01', '2020-01-01 00:00:00'), [101, 2], 4);

query I
SELECT a FROM t1 where d = 4
----
1

statement ok
CREATE TABLE t2 (a Tuple(Int64, Tuple(String), Array(Int32)) NULL, b Tuple(Int64 NULL, Tuple(String NULL) NULL, Array(Int32 NULL) NULL) NULL)

statement ok
INSERT INTO TABLE t2 VALUES ((1, ('a'), [2, 3]), (10, null, null)), (null, null), ((2, ('c'), []), (null, (null), [null]))

query TT
SELECT * FROM t2;
----
(1,('a'),[2,3]) (10,NULL,NULL)
NULL NULL
(2,('c'),[]) (NULL,(NULL),[NULL])

statement ok
CREATE TABLE t3 (a Array(Array(UInt8)) NULL, b Array(Array(Int32 NULL) NULL) NULL)

statement ok
INSERT INTO TABLE t3 VALUES ([[1, 2], [3, 4]], [[5, null], null]), (null, null), ([[]], [null])

query TT
SELECT * FROM t3;
----
[[1,2],[3,4]] [[5,NULL],NULL]
NULL NULL
[[]] [NULL]

statement ok
CREATE TABLE t4 (a Map(Int32, Array(String) NULL) NULL, b Map(String, Tuple(Int32 NULL) NULL) NULL)

statement ok
INSERT INTO TABLE t4 VALUES ({1: ['a', 'b']}, {'k1': (1)}), (null, null), ({2: null}, {'k2': (null)})

query TT
SELECT * FROM t4;
----
{1:['a','b']} {'k1':(1)}
NULL NULL
{2:NULL} {'k2':(NULL)}

statement ok
DROP TABLE t

statement ok
DROP TABLE t1

statement ok
DROP TABLE t2

statement ok
DROP TABLE t3

statement ok
DROP TABLE t4

statement ok
create table tt1(a int, b bool);

statement ok
insert into tt1 values(1, true), (2, null), (null, false);

statement ok
create table tt2(a int, b bool);

statement ok
insert into tt2 values(1, true), (2, null), (null, false);

query II rowsort
SELECT (1078286207, tt1.b) FROM tt1 CROSS JOIN tt2;
----
(1078286207,0)
(1078286207,0)
(1078286207,0)
(1078286207,1)
(1078286207,1)
(1078286207,1)
(1078286207,NULL)
(1078286207,NULL)
(1078286207,NULL)


statement ok
drop table tt1;

statement ok
drop table tt2;

statement ok
DROP DATABASE db_09_0021
