# for issue which addressed in PR #10070 (https://github.com/datafuselabs/databend/pull/10070)
statement ok
DROP DATABASE IF EXISTS db_09_0009_04

statement ok
CREATE DATABASE db_09_0009_04

statement ok
USE db_09_0009_04

statement ok
create table range_test_t(a int)

statement ok
insert into range_test_t values(1),(2)

statement ok
alter table range_test_t add column b int default 0

statement ok
insert into range_test_t values(3,3),(4,4)

query II
select * from range_test_t where b=0 order by a
----
1 0
2 0

statement ok
optimize table range_test_t compact

query II
select * from range_test_t where b=0 order by a
----
1 0
2 0

statement ok
insert into range_test_t (a) select number from numbers(10000);


query II
select max(a) from range_test_t where a >= 4000 and a <= 5000;
----
5000

## issue:https://github.com/datafuselabs/databend/issues/15170

statement ok
create or replace table test_range_array(doc varchar, embedding ARRAY(FLOAT32 not null));

statement ok
insert into test_range_array(doc)values('xx');

query I
select count() from test_range_array where embedding is not null;
----
0

query I
select count() from test_range_array where embedding is null;
----
1

statement ok
DROP DATABASE db_09_0009_04
