statement ok
DROP DATABASE IF EXISTS db1

statement ok
CREATE DATABASE db1

statement ok
USE db1

statement ok
CREATE TABLE IF NOT EXISTS t(a varchar, b varchar) Engine = fuse

statement ok
INSERT INTO t(a,b) VALUES('1', 'v1'),('2','v2')

query TT
SELECT * FROM t
----
1 v1
2 v2

statement ok
CREATE TABLE IF NOT EXISTS t2(a varchar, b varchar) Engine = fuse

statement ok
INSERT INTO t2(a,b) VALUES('t2_1', 't2_v1'),('t2_2','t2_v2')

query TT
SELECT * FROM t2
----
t2_1 t2_v1
t2_2 t2_v2

statement ok
DROP TABLE t

statement ok
CREATE TABLE IF NOT EXISTS t(a varchar, b varchar) Engine = fuse

statement ok
SELECT * FROM t

query TT
SELECT * FROM t2
----
t2_1 t2_v1
t2_2 t2_v2

statement ok
DROP DATABASE db1

statement ok
CREATE DATABASE db1

statement ok
USE db1

statement ok
CREATE TABLE IF NOT EXISTS t2(a varchar, b varchar) Engine = fuse

statement ok
SELECT * FROM t2

statement ok
DROP DATABASE IF EXISTS db1

