statement ok
DROP DATABASE IF EXISTS db1

statement ok
CREATE DATABASE db1

statement ok
USE db1

statement ok
CREATE TABLE IF NOT EXISTS t1(a INT) Engine = fuse

statement ok
INSERT INTO t1 (a) values (1), (2), (3)

query I
SELECT COUNT() FROM (SELECT * FROM t1)
----
3

query I
SELECT a FROM t1 ORDER BY a;
----
1
2
3

statement ok
SET max_result_rows=1

query I
SELECT a FROM t1 ORDER BY a;
----
1

query I
SELECT COUNT() FROM (SELECT * FROM t1)
----
3

query I
SELECT COUNT() FROM (SELECT * FROM t1 limit 2)
----
2

statement ok
DROP TABLE t1

statement ok
DROP DATABASE db1
