statement ok
drop database if exists db1;

statement ok
create database db1;

statement ok
drop table if exists db1.t;

statement ok
create table db1.t(id int);

statement ok
drop table db1.t;

statement ok
create table db1.t(id int);

statement ok
drop table db1.t;

statement ok
show drop tables from db1;

statement ok
show drop tables from db1 where name='t';

statement ok
show drop tables from db1 like '%t';

statement ok
show drop tables from db1 where name='t_never_exist$$$$';

query T
select count(name)>=2 from system.tables_with_history where name='t' and database='db1';
----
1

query T
select name, database from system.tables_with_history where database='db1' and dropped_on is not null;
----
t db1
t db1

statement ok
drop database db1;
