statement ok
DROP TABLE IF EXISTS t1

statement ok
CREATE TABLE IF NOT EXISTS t1(a int, b varchar)

statement ok
INSERT INTO t1 values (1, 'a'), (2, 'b')

query ITIT
select $1, $2, a, b from t1
----
1 a 1 a
2 b 2 b

query ITIT
select $1 + a + 1 from t1
----
3
5

query II
select default.t1.$1, t1.$1 from t1
----
1 1
2 2

query IT
select * from t1 where $1 = 1;
----
1 a

statement error 1005
select $0 from t1

statement error 1065
select $3 from t1