statement ok
DROP DATABASE IF EXISTS db_12_0001

statement ok
CREATE DATABASE db_12_0001

statement ok
USE db_12_0001

statement ok
CREATE TABLE t(c1 int)

# system.tables should contain the newly created table
query B
SELECT COUNT(*)=1 from system.tables where name = 't' and database = 'db_12_0001'
----
1




# system.tables_with_history should contain the newly created table, and dropped_on should be NULL
query B
SELECT COUNT(*)=1 from system.tables_with_history where name = 't' and database = 'db_12_0001' and dropped_on is null
----
1



statement ok
DROP TABLE t

# system.tables should NOT contain the dropped table
query B
SELECT COUNT(*)=0 from system.tables where name = 't' and database = 'db_12_0001'
----
1



# system.tables_with_history should contain the dropped table, and dropped_on should NOT be NULL
query B
SELECT COUNT(*)=1 from system.tables_with_history where name = 't' and database = 'db_12_0001' and dropped_on is not NULL
----
1



statement ok
DROP database db_12_0001

