statement ok
drop table if exists objects_test1 all

statement ok
CREATE TABLE IF NOT EXISTS objects_test1(id TINYINT, obj VARIANT, var VARIANT) Engine = Fuse

statement ok
insert into objects_test1 values (1, parse_json('{"a": 1, "b": [1,2,3]}'), parse_json('{"1": 2}'))

query ITT
select id, object_keys(obj), object_keys(var) from objects_test1
----
1 ["a","b"] ["1"]

statement ok
drop table objects_test1


query I
select object_keys(parse_json('[1,2,3]'))
----
NULL


statement error 1065
select object_keys(1)
