query T
select ltrim('      abc')
----
abc

statement ok
select ltrim('')

query T
select ltrim('abc')
----
abc

query T
select ltrim(null)
----
NULL

query T
select ltrim('aaabbaaa', 'aa')
----
bbaaa
