query I
select ascii('1')
----
49

query I
select ascii('123')
----
49

query I
select ascii('-1')
----
45

