statement ok
DROP TABLE IF EXISTS nullable_test

statement ok
CREATE TABLE nullable_test (a UInt32 null, b UInt32 null, c UInt32) Engine = Fuse

statement ok
INSERT INTO nullable_test VALUES(1, Null, 1), (Null, 2, 2), (3, 3, 3)

query IBIB
SELECT a, is_null(a), b, is_not_null(b) FROM nullable_test ORDER BY c ASC
----
1 0 NULL 0
NULL 1 2 1
3 0 3 1


query I
SELECT a FROM nullable_test WHERE a is Not Null ORDER BY c
----
1
3

query I
SELECT b FROM nullable_test WHERE a is Null ORDER BY c
----
2

statement error 1065
SELECT assume_not_null(null)

query IT
SELECT to_nullable(3), to_nullable(4)
----
3 4

statement ok
DROP TABLE IF EXISTS nullable_test

