query T
select split('127.0.0.1', '.');
----
['127','0','0','1']

query T
select split('|', '|');
----
['']

query T
select split('', '|');
----
['']

query T
select split('ab', '');
----
['ab']

query T
select split_part('ab', '', 1);
----
ab

query T
select split_part('ab', '', 0);
----
ab

query T
select split_part('ab', '', -1);
----
ab

query T
select split_part('ab', '', 2);
----
(empty)

query T
select split_part('ab', '', -2);
----
(empty)


query T
select split_part('|', '|', 1);
----
(empty)

query T
select split_part(null, null, 1);
----
NULL

query T
select split(null, null);
----
NULL


query TT
select * from
(select  0, split_part('11.22.33', '.',  0) UNION
select  1, split_part('11.22.33', '.',  1) UNION
select  2, split_part('11.22.33', '.',  2) UNION
select  3, split_part('11.22.33', '.',  3) UNION
select  4, split_part('11.22.33', '.',  4) UNION
select -1, split_part('11.22.33', '.', -1) UNION
select -2, split_part('11.22.33', '.', -2) UNION
select -3, split_part('11.22.33', '.', -3) UNION
select -4, split_part('11.22.33', '.', -4)) order by `0`;
----
-4 (empty)
-3 11
-2 22
-1 33
0 11
1 11
2 22
3 33
4 (empty)

statement ok
drop table if exists t;

statement ok
create table t(c1 string);

statement ok
insert into t values('127.0.0.1'), ('127.0.0.2'), ('192.168.1.3.2222')

query T
select split(c1, '.') from t order by c1
----
['127','0','0','1']
['127','0','0','2']
['192','168','1','3','2222']

query T
select split_part(c1, '.', -5), split_part(c1, '.', -4), split_part(c1, '.', 0), split_part(c1, '.', 1), split_part(c1, '.', 4), split_part(c1, '.', 5) from t order by c1
----
(empty) 127 127 127 1 (empty)
(empty) 127 127 127 2 (empty)
192 168 192 192 3 2222

statement ok
drop table t;
