statement ok
drop table if exists test all

statement ok
CREATE TABLE test (a double) ENGINE=Memory

statement ok
INSERT INTO test VALUES (0.0941881516339449), (0.8833429252655464)

query F 
SELECT try_to_decimal(20, 19)(a) FROM test;
----
0.0941881516339448960
0.8833429252655463424

query F
SELECT try_to_decimal(72, 70)(a) FROM test;
----
0.0941881516339449100633050574100624802968316401997261103828793213059072
0.8833429252655466051261471928059138978240109862085287578837765542903808

statement ok
DROP TABLE test

