query I
select * from generate_series(1,10,1);
----
1
2
3
4
5
6
7
8
9
10

query T
select * from generate_series('2021-03-26 00:00'::timestamp,'2021-03-27 12:00'::timestamp,86400000000);
----
2021-03-26 00:00:00.000000
2021-03-27 00:00:00.000000

query T
select * from generate_series('1970-01-01 00:00'::timestamp,to_timestamp(2),2000000);
----
1970-01-01 00:00:00.000000
1970-01-01 00:00:02.000000

query T
select * from generate_series(to_timestamp(1),to_timestamp(2),2);
----
1970-01-01 00:00:01.000000

query T
select * from generate_series('2021-03-26'::date,'2021-03-27'::date,1);
----
2021-03-26
2021-03-27

query T
select * from range(1, 3)
----
1
2

query T
select max(`range`) from range(1, 10000)
----
9999
