statement ok
use default

query I
SELECT REGEXP_INSTR('dog cat dog', 'dog')
----
1

query I
SELECT REGEXP_INSTR('dog cat dog', 'dog', 2)
----
9

query I
SELECT REGEXP_INSTR('dog cat dog', 'dog', 1, 2)
----
9

query I
SELECT REGEXP_INSTR('dog cat dog', 'dog', 1, 2, 1)
----
12

query I
SELECT REGEXP_INSTR('dog cat dog', 'DOG', 1, 2, 1)
----
12

query I
SELECT REGEXP_INSTR('dog cat dog', 'DOG', 1, 2, 1, 'c')
----
0

query T
SELECT REGEXP_INSTR('dog cat dog', NULL)
----
NULL

query T
SELECT REGEXP_INSTR('dog cat dog', 'dog', NULL)
----
NULL

query I
SELECT REGEXP_INSTR('üç£üç£b', 'b', 2)
----
3

query I
SELECT REGEXP_INSTR('¬µ√•Âë®√ß–±', 'Âë®')
----
3

query I
SELECT REGEXP_INSTR('Âë® Âë®Âë® Âë®Âë®Âë® Âë®Âë®Âë®Âë®', 'Âë®+', 2, 3, 1)
----
14

statement ok
DROP TABLE IF EXISTS t1

statement ok
CREATE TABLE t1(s String NULL, pat String NULL, pos Int64 NULL, occu Int64 NULL, ro Int64 NULL, mt String NULL) Engine = Fuse

statement ok
-- INSERT INTO t1 (s, pat, pos, occu, ro, mt) VALUES (NULL, 'dog', 1, 1, 1, ''), ('dog cat dog', 'dog', NULL, 1, 1, 'c'), ('dog cat dog', 'dog', 1, 1, 1, 'c'), ('dog cat dog', 'dog', 1, 1, 1, NULL)
INSERT INTO t1 (s, pat, pos, occu, ro, mt) VALUES (NULL, 'dog', 1, 1, 1, ''), ('dog cat dog', 'dog', 1, 1, 1, 'c'), ('dog cat dog', 'dog', 1, 1, 1, NULL)

query T
SELECT s FROM t1 WHERE REGEXP_INSTR(s, pat, pos, occu, ro, mt) = 4
----
dog cat dog

statement ok
DROP TABLE t1

