query T
select check_json(null)
----
NULL

query T
select check_json('null')
----
NULL

query T
select check_json('true')
----
NULL

query T
select check_json('-17')
----
NULL

query T
select check_json('123.12')
----
NULL

query T
select check_json('1.912e2')
----
NULL

query T
select check_json('"Om ara pa ca na dhih"  ')
----
NULL

query T
select check_json('[-1, 12, 289, 2188, false]')
----
NULL

query T
select check_json('{ "x" : "abc", "y" : false, "z": 10} ')
----
NULL

query T
select check_json('[1,')
----
EOF while parsing a value, pos 3

query T
select check_json('"ab')
----
EOF while parsing a value, pos 3

statement ok
DROP DATABASE IF EXISTS db1

statement ok
CREATE DATABASE db1

statement ok
USE db1

statement ok
CREATE TABLE IF NOT EXISTS t1(v String null) Engine = Fuse

statement ok
insert into t1 values (null),('null'),('true'),('123'),('"abc"'),('[1,2,3]'),('{"a":"b"}')

query TT
select check_json(v), v from t1
----
NULL NULL
NULL null
NULL true
NULL 123
NULL "abc"
NULL [1,2,3]
NULL {"a":"b"}

statement ok
CREATE TABLE IF NOT EXISTS t2(v String null) Engine = Fuse

statement ok
insert into t2 values ('abc'),('[1,')

query TT
select check_json(v), v from t2
----
expected value, pos 1 abc
EOF while parsing a value, pos 3 [1,

statement ok
DROP DATABASE db1

