statement ok
CREATE TABLE strings_oct_sample_u8 (value UInt8 null) Engine = Fuse

statement ok
CREATE TABLE strings_oct_sample_u16 (value UInt16 null) Engine = Fuse

statement ok
CREATE TABLE strings_oct_sample_u32 (value UInt32 null) Engine = Fuse

statement ok
CREATE TABLE strings_oct_sample_i8 (value Int8 null) Engine = Fuse

statement ok
CREATE TABLE strings_oct_sample_i16 (value Int16 null) Engine = Fuse

statement ok
CREATE TABLE strings_oct_sample_i32 (value Int32 null) Engine = Fuse

statement ok
CREATE TABLE strings_oct_sample_i64 (value Int64 null) Engine = Fuse

statement ok
INSERT INTO strings_oct_sample_u8 VALUES (0), (255), (127), (NULL)

statement ok
INSERT INTO strings_oct_sample_u16 VALUES (0), (65535), (32768), (NULL)

statement ok
INSERT INTO strings_oct_sample_u32 VALUES (0), (4294967295), (2147483647), (NULL)

statement ok
INSERT INTO strings_oct_sample_i8 VALUES (0), ('-128'), (127), (NULL)

statement ok
INSERT INTO strings_oct_sample_i16 VALUES (0), ('-32768'), (32767), (NULL)

statement ok
INSERT INTO strings_oct_sample_i32 VALUES (0), ('-2147483648'), (2147483647), (NULL)

statement ok
INSERT INTO strings_oct_sample_i64 VALUES (0), ('-9223372036854775808'), (9223372036854775807), (NULL)

query T
select oct(value) from strings_oct_sample_u8
----
0
377
177
NULL

query T
select oct(value) from strings_oct_sample_u16
----
0
177777
100000
NULL

query T
select oct(value) from strings_oct_sample_u32
----
0
37777777777
17777777777
NULL

query T
select oct(value) from strings_oct_sample_i8
----
0
1777777777777777777600
177
NULL

query T
select oct(value) from strings_oct_sample_i16
----
0
1777777777777777700000
77777
NULL

query T
select oct(value) from strings_oct_sample_i32
----
0
1777777777760000000000
17777777777
NULL

query T
select oct(value) from strings_oct_sample_i64
----
0
1000000000000000000000
777777777777777777777
NULL

query T
select oct(-128)
----
1777777777777777777600

query T
select oct(127)
----
177

statement ok
DROP TABLE strings_oct_sample_u8

statement ok
DROP TABLE strings_oct_sample_u16

statement ok
DROP TABLE strings_oct_sample_u32

statement ok
DROP TABLE strings_oct_sample_i8

statement ok
DROP TABLE strings_oct_sample_i16

statement ok
DROP TABLE strings_oct_sample_i32

statement ok
DROP TABLE strings_oct_sample_i64
