query T
SELECT CONCAT_WS(',', 'data', 'fuse', 'labs', '2021')
----
data,fuse,labs,2021

query T
SELECT CONCAT_WS(',', 'data', NULL, 'bend')
----
data,bend

query T
SELECT CONCAT_WS(',', 'data', NULL, NULL, 'bend')
----
data,bend

query T
SELECT CONCAT_WS(NULL, 'data', 'fuse', 'labs')
----
NULL

query T
SELECT CONCAT_WS(',', to_varchar(number), 'data', to_varchar(number+1)) from numbers(3) order by number
----
0,data,1
1,data,2
2,data,3

query T
SELECT CONCAT_WS(NULL, to_varchar(number), 'data') from numbers(3)
----
NULL
NULL
NULL

# is empty, not NULL
statement ok
SELECT CONCAT_WS(',', NULL)

