query B
select nvl(nullif(rand()>0, true), false) is null from (unnest(range(1,10)));
----
0
0
0
0
0
0
0
0
0

query I
SELECT NVL(1, 1)
----
1

query I
SELECT NVL(2, 1)
----
2

query I
SELECT NVL(1, 2)
----
1

query I
SELECT NVL(1, NULL)
----
1

query I
SELECT NVL(NULL, 1)
----
1

query T
SELECT NVL('a', 'a')
----
a

query T
SELECT NVL('a', 'b')
----
a

query T
SELECT NVL('b', 'a')
----
b

query T
SELECT NVL('a', NULL)
----
a

query T
SELECT NVL(NULL, 'a')
----
a

query T
SELECT NVL(NULL, NULL)
----
NULL

statement ok
CREATE TABLE IF NOT EXISTS t(a INT, b INT) ENGINE=Memory

statement ok
INSERT INTO t VALUES(0, 0), (0, 1), (1, 0), (1, 1)

query III
SELECT a, b, NVL(a, b) FROM t
----
0 0 0
0 1 0
1 0 1
1 1 1

statement ok
DROP TABLE t

statement ok
CREATE TABLE IF NOT EXISTS t(a INT NULL, b INT NULL) ENGINE=Memory

statement ok
INSERT INTO t VALUES (0, NULL), (1, NULL), (NULL, 0), (NULL, 1), (NULL, NULL)

query III
SELECT a, b, NVL(a, b) FROM t
----
0 NULL 0
1 NULL 1
NULL 0 0
NULL 1 1
NULL NULL NULL

statement ok
DROP TABLE t

