# https://github.com/postgres/postgres/blob/master/src/test/regress/expected/int8.out

statement ok
CREATE OR REPLACE TABLE INT64_TBL(q1 int64, q2 int64);

statement ok
INSERT INTO INT64_TBL VALUES
  ('123','456'),
  ('123','4567890123456789'),
  ('4567890123456789','123'),
  (+4567890123456789,'4567890123456789'),
  ('+4567890123456789','-4567890123456789');

query T
SELECT to_char(q1, '9G999G999G999G999G999'), to_char(q2, '9,999,999,999,999,999') FROM INT64_TBL;
----
                    123                     456
                    123   4,567,890,123,456,789
  4,567,890,123,456,789                     123
  4,567,890,123,456,789   4,567,890,123,456,789
  4,567,890,123,456,789  -4,567,890,123,456,789

# SELECT to_char(q1, '9G999G999G999G999G999D999G999'), to_char(q2, '9,999,999,999,999,999.999,999') FROM INT64_TBL;
query T
SELECT to_char(q1, '9,999,999,999,999,999.999,999'), to_char(q2, '9,999,999,999,999,999.999,999') FROM INT64_TBL;
----
                    123.000,000                     456.000,000
                    123.000,000   4,567,890,123,456,789.000,000
  4,567,890,123,456,789.000,000                     123.000,000
  4,567,890,123,456,789.000,000   4,567,890,123,456,789.000,000
  4,567,890,123,456,789.000,000  -4,567,890,123,456,789.000,000

query T
SELECT to_char( (q1 * -1), '9999999999999999PR'), to_char( (q2 * -1), '9999999999999999.999PR') FROM INT64_TBL;
----
                <123>              <456.000>
                <123> <4567890123456789.000>
   <4567890123456789>              <123.000>
   <4567890123456789> <4567890123456789.000>
   <4567890123456789>  4567890123456789.000 

query T
SELECT to_char( (q1 * -1), '9999999999999999S'), to_char( (q2 * -1), 'S9999999999999999') FROM INT64_TBL;
----
               123-               -456
               123-  -4567890123456789
  4567890123456789-               -123
  4567890123456789-  -4567890123456789
  4567890123456789-  +4567890123456789

query T
SELECT to_char(q2, 'MI9999999999999999') FROM INT64_TBL;
----
                 456
    4567890123456789
                 123
    4567890123456789
   -4567890123456789

# SELECT to_char(q2, 'FMS9999999999999999') FROM INT64_TBL;
query T
SELECT to_char(q2, 'FMSG9999999999999999') FROM INT64_TBL;
----
   +456
   +4567890123456789
   +123
   +4567890123456789
   -4567890123456789

# query T
# SELECT to_char(q2, 'FM9999999999999999THPR') FROM INT64_TBL;
#--------------------
# 456TH
# 4567890123456789TH
# 123RD
# 4567890123456789TH
# <4567890123456789>

# query T
# SELECT to_char(q2, 'SG9999999999999999th') FROM INT64_TBL;
#---------------------
# +             456th
# +4567890123456789th
# +             123rd
# +4567890123456789th
# -4567890123456789

query T
SELECT to_char(q2, '0999999999999999') FROM INT64_TBL;
----
    0000000000000456
    4567890123456789
    0000000000000123
    4567890123456789
   -4567890123456789

query T
SELECT to_char(q2, 'S0999999999999999') FROM INT64_TBL;
----
  +0000000000000456
  +4567890123456789
  +0000000000000123
  +4567890123456789
  -4567890123456789

query T
SELECT to_char(q2, 'FM0999999999999999') FROM INT64_TBL;
----
   0000000000000456
   4567890123456789
   0000000000000123
   4567890123456789
   -4567890123456789

query T
SELECT to_char(q2, 'FM9999999999999999.000') FROM INT64_TBL;
----
   456.000
   4567890123456789.000
   123.000
   4567890123456789.000
   -4567890123456789.000

# query T
# SELECT to_char(q2, 'L9999999999999999.000')  FROM INT64_TBL;
#------------------------
#                456.000
#   4567890123456789.000
#                123.000
#   4567890123456789.000
#  -4567890123456789.000

query T
SELECT to_char(q2, 'FM9999999999999999.999') FROM INT64_TBL;
----
   456.
   4567890123456789.
   123.
   4567890123456789.
   -4567890123456789.


# SELECT to_char(q2, 'S 9 9 9 9 9 9 9 9 9 9 9 9 9 9 9 9 . 9 9 9') FROM INT64_TBL;
query T
SELECT to_char(q2, '9 9 9 9 9 9 9 9 9 9 9 9 9 9 9 9 . 9 9 9') FROM INT64_TBL;
----
                             4 5 6 . 0 0 0
   4 5 6 7 8 9 0 1 2 3 4 5 6 7 8 9 . 0 0 0
                             1 2 3 . 0 0 0
   4 5 6 7 8 9 0 1 2 3 4 5 6 7 8 9 . 0 0 0
  -4 5 6 7 8 9 0 1 2 3 4 5 6 7 8 9 . 0 0 0

query T
SELECT to_char(q2, '99999 "text" 9999 "9999" 999 "\\"text between quote marks\\"" 9999') FROM INT64_TBL;
----
          text      9999     "text between quote marks"   456
     45678 text 9012 9999 345 "text between quote marks" 6789
          text      9999     "text between quote marks"   123
     45678 text 9012 9999 345 "text between quote marks" 6789
    -45678 text 9012 9999 345 "text between quote marks" 6789

query T
SELECT to_char(q2, '999999SG9999999999') FROM INT64_TBL;
----
         +       456
   456789+0123456789
         +       123
   456789+0123456789
   456789-0123456789

query T
select to_char(123,'0099');
----
 0123

statement ok
DROP TABLE IF EXISTS INT64_TBL;
