statement error 2004
SELECT histogram(n, [10, 20, 30, 40, 50]) FROM numbers(100) t(n);

query T
SELECT histogram(n, 1) FROM numbers(100) t(n);
----
[{"lower":"0","upper":"99","ndv":100,"count":100,"pre_sum":0}]

query T
SELECT histogram(3)(n) FROM numbers(100) t(n);
----
[{"lower":"0","upper":"33","ndv":34,"count":34,"pre_sum":0},{"lower":"34","upper":"67","ndv":34,"count":34,"pre_sum":34},{"lower":"68","upper":"99","ndv":32,"count":32,"pre_sum":68}]

statement ok
create or replace table histagg (
    c_id INT,
    c_tinyint TINYINT,
    c_smallint SMALLINT,
    c_int INT,
    c_bigint BIGINT,
    c_float FLOAT,
    c_double DOUBLE,
    c_decimal DECIMAL(9, 2),
    c_char CHAR,
    c_varchar VARCHAR(10),
    c_string STRING,
    c_date DATE,
    c_date_time DATETIME,
    c_string_not_null VARCHAR(10) NOT NULL
);

statement ok
INSERT INTO histagg values
    (1, NULL, NULL, NULL, NULL, NULL, NULL, NULL, NULL, NULL, NULL,
    NULL, NULL, 'not null'),
    (1, 10, 20, 30, 4444444444444, 0.1, 0.222, 3333.33, 'c', 'varchar1', 'string1',
    '2022-12-01', '2022-12-01 22:23:23', 'not null');

statement ok
INSERT INTO histagg values
    (1, NULL, NULL, NULL, NULL, NULL, NULL, NULL, NULL, NULL, NULL,
    NULL, NULL, 'not null'),
    (1, 11, 21, 33, 4444444444444, 0.1, 0.222, 3333.33, 'c', 'varchar1', 'string1',
    '2022-12-01', '2022-12-01 22:23:23', 'not null');

statement ok
INSERT INTO histagg values
    (1, NULL, NULL, NULL, NULL, NULL, NULL, NULL, NULL, NULL, NULL,
    NULL, NULL, 'not null'),
    (1, 11, 12, 13, 1444444444444, 1.1, 1.222, 13333.33, 'd', 'varchar2', 'string2',
    '2022-12-02', '2022-12-02 22:23:23', 'not null');

statement ok
INSERT INTO histagg values
    (2, NULL, NULL, NULL, NULL, NULL, NULL, NULL, NULL, NULL, NULL,
    NULL, NULL, 'not null'),
    (2, 21, 22, 23, 2444444444444, 2.1, 2.222, 23333.33, 'f', 'varchar3', 'string3',
    '2022-12-03', '2022-12-03 22:23:23', 'not null');

statement ok
INSERT INTO histagg values
    (2, NULL, NULL, NULL, NULL, NULL, NULL, NULL, NULL, NULL, NULL,
    NULL, NULL, 'not null'),
    (2, 31, 32, 33, 3444444444444, 3.1, 3.222, 33333.33, 'l', 'varchar3', 'string3',
    '2022-12-03', '2022-12-03 22:23:23', 'not null');

statement ok
INSERT INTO histagg values
    (2, NULL, NULL, NULL, NULL, NULL, NULL, NULL, NULL, NULL, NULL,
    NULL, NULL, 'not null'),
    (2, 10, 20, 30, 944444444444, 9.1, 9.222, 93333.33, 'p', 'varchar9', 'string9',
    '2022-12-09', '2022-12-09 22:23:23', 'not null');

query T
select histogram(c_id) from histagg;
----
[{"lower":"1","upper":"1","ndv":1,"count":6,"pre_sum":0},{"lower":"2","upper":"2","ndv":1,"count":6,"pre_sum":6}]

query T
select histogram(c_tinyint) from histagg;
----
[{"lower":"10","upper":"10","ndv":1,"count":2,"pre_sum":0},{"lower":"11","upper":"11","ndv":1,"count":2,"pre_sum":2},{"lower":"21","upper":"21","ndv":1,"count":1,"pre_sum":4},{"lower":"31","upper":"31","ndv":1,"count":1,"pre_sum":5}]

query T
select histogram(c_smallint) from histagg;
----
[{"lower":"12","upper":"12","ndv":1,"count":1,"pre_sum":0},{"lower":"20","upper":"20","ndv":1,"count":2,"pre_sum":1},{"lower":"21","upper":"21","ndv":1,"count":1,"pre_sum":3},{"lower":"22","upper":"22","ndv":1,"count":1,"pre_sum":4},{"lower":"32","upper":"32","ndv":1,"count":1,"pre_sum":5}]

query T
select histogram(c_int) from histagg;
----
[{"lower":"13","upper":"13","ndv":1,"count":1,"pre_sum":0},{"lower":"23","upper":"23","ndv":1,"count":1,"pre_sum":1},{"lower":"30","upper":"30","ndv":1,"count":2,"pre_sum":2},{"lower":"33","upper":"33","ndv":1,"count":2,"pre_sum":4}]

query T
select histogram(c_bigint) from histagg;
----
[{"lower":"944444444444","upper":"944444444444","ndv":1,"count":1,"pre_sum":0},{"lower":"1444444444444","upper":"1444444444444","ndv":1,"count":1,"pre_sum":1},{"lower":"2444444444444","upper":"2444444444444","ndv":1,"count":1,"pre_sum":2},{"lower":"3444444444444","upper":"3444444444444","ndv":1,"count":1,"pre_sum":3},{"lower":"4444444444444","upper":"4444444444444","ndv":1,"count":2,"pre_sum":4}]

query T
select histogram(c_float) from histagg;
----
[{"lower":"0.1","upper":"0.1","ndv":1,"count":2,"pre_sum":0},{"lower":"1.1","upper":"1.1","ndv":1,"count":1,"pre_sum":2},{"lower":"2.1","upper":"2.1","ndv":1,"count":1,"pre_sum":3},{"lower":"3.1","upper":"3.1","ndv":1,"count":1,"pre_sum":4},{"lower":"9.1","upper":"9.1","ndv":1,"count":1,"pre_sum":5}]

query T
select histogram(c_double) from histagg;
----
[{"lower":"0.222","upper":"0.222","ndv":1,"count":2,"pre_sum":0},{"lower":"1.222","upper":"1.222","ndv":1,"count":1,"pre_sum":2},{"lower":"2.222","upper":"2.222","ndv":1,"count":1,"pre_sum":3},{"lower":"3.222","upper":"3.222","ndv":1,"count":1,"pre_sum":4},{"lower":"9.222","upper":"9.222","ndv":1,"count":1,"pre_sum":5}]

query T
select histogram(c_decimal) from histagg;
----
[{"lower":"3333.33","upper":"3333.33","ndv":1,"count":2,"pre_sum":0},{"lower":"13333.33","upper":"13333.33","ndv":1,"count":1,"pre_sum":2},{"lower":"23333.33","upper":"23333.33","ndv":1,"count":1,"pre_sum":3},{"lower":"33333.33","upper":"33333.33","ndv":1,"count":1,"pre_sum":4},{"lower":"93333.33","upper":"93333.33","ndv":1,"count":1,"pre_sum":5}]

query T
select histogram(c_char) from histagg;
----
[{"lower":"'c'","upper":"'c'","ndv":1,"count":2,"pre_sum":0},{"lower":"'d'","upper":"'d'","ndv":1,"count":1,"pre_sum":2},{"lower":"'f'","upper":"'f'","ndv":1,"count":1,"pre_sum":3},{"lower":"'l'","upper":"'l'","ndv":1,"count":1,"pre_sum":4},{"lower":"'p'","upper":"'p'","ndv":1,"count":1,"pre_sum":5}]

query T
select histogram(c_varchar) from histagg;
----
[{"lower":"'varchar1'","upper":"'varchar1'","ndv":1,"count":2,"pre_sum":0},{"lower":"'varchar2'","upper":"'varchar2'","ndv":1,"count":1,"pre_sum":2},{"lower":"'varchar3'","upper":"'varchar3'","ndv":1,"count":2,"pre_sum":3},{"lower":"'varchar9'","upper":"'varchar9'","ndv":1,"count":1,"pre_sum":5}]

query T
select histogram(c_string) from histagg;
----
[{"lower":"'string1'","upper":"'string1'","ndv":1,"count":2,"pre_sum":0},{"lower":"'string2'","upper":"'string2'","ndv":1,"count":1,"pre_sum":2},{"lower":"'string3'","upper":"'string3'","ndv":1,"count":2,"pre_sum":3},{"lower":"'string9'","upper":"'string9'","ndv":1,"count":1,"pre_sum":5}]

query T
select histogram(c_date) from histagg;
----
[{"lower":"'2022-12-01'","upper":"'2022-12-01'","ndv":1,"count":2,"pre_sum":0},{"lower":"'2022-12-02'","upper":"'2022-12-02'","ndv":1,"count":1,"pre_sum":2},{"lower":"'2022-12-03'","upper":"'2022-12-03'","ndv":1,"count":2,"pre_sum":3},{"lower":"'2022-12-09'","upper":"'2022-12-09'","ndv":1,"count":1,"pre_sum":5}]

query T
select histogram(c_date_time) from histagg;
----
[{"lower":"'2022-12-01 22:23:23.000000'","upper":"'2022-12-01 22:23:23.000000'","ndv":1,"count":2,"pre_sum":0},{"lower":"'2022-12-02 22:23:23.000000'","upper":"'2022-12-02 22:23:23.000000'","ndv":1,"count":1,"pre_sum":2},{"lower":"'2022-12-03 22:23:23.000000'","upper":"'2022-12-03 22:23:23.000000'","ndv":1,"count":2,"pre_sum":3},{"lower":"'2022-12-09 22:23:23.000000'","upper":"'2022-12-09 22:23:23.000000'","ndv":1,"count":1,"pre_sum":5}]

query T
select histogram(c_string_not_null) from histagg;
----
[{"lower":"'not null'","upper":"'not null'","ndv":1,"count":12,"pre_sum":0}]

query T
select histogram(c_id, 1) from histagg;
----
[{"lower":"1","upper":"2","ndv":2,"count":12,"pre_sum":0}]

statement error
select histogram() from histagg;

statement error
select histogram(c_id, "1") from histagg;

statement ok
select histogram(c_id, 1.1) from histagg;

statement error
select histogram(c_id, -1) from histagg;

statement ok
DROP TABLE histagg