statement ok
DROP TABLE IF EXISTS t1

statement ok
CREATE TABLE t1 (lat Float64, lon Float64, resolution UInt8) ENGINE=Memory

statement ok
INSERT INTO t1 VALUES(55.77922738, 37.63098076, 15)

statement ok
INSERT INTO t1 VALUES(55.76324100, 37.66018300, 15)

statement ok
INSERT INTO t1 VALUES(55.72076200, 37.59813500, 15)

statement ok
INSERT INTO t1 VALUES(55.72076201, 37.59813500, 15)

statement ok
INSERT INTO t1 VALUES(55.72076200, 37.59813500, 14)

query I
select geo_to_h3(37.63098076, 55.77922738, 15)
----
644325529094369568

query I
select geo_to_h3(lon, lat, resolution) from t1 order by lat, lon, resolution
----
639821928864584823
644325528491955313
644325528491955313
644325528627451570
644325529094369568

statement ok
DROP TABLE t1

query T
select geohash_decode('ezs42')
----
(-5.60302734375,42.60498046875)

query T
select geohash_encode(-5.60302734375, 42.593994140625)
----
ezs42d000000

# form 1
query T
select point_in_polygon((3., 3.), [(6, 0), (8, 4), (5, 8), (0, 2)])
----
1

# form 2
query T
select point_in_polygon((1., 1.), [[(4., 0.), (8., 4.), (4., 8.), (0., 4.)], [(3., 3.), (3., 5.), (5., 5.), (5., 3.)]])
----
0

# form 3
query T
select point_in_polygon((2.5, 2.5), [(4., 0.), (8., 4.), (4., 8.), (0., 4.)], [(3., 3.), (3., 5.), (5., 5.), (5., 3.)])
----
1

statement error 1065
select point_in_polygon((3,), [(6, 0), (8, 4)])

statement error 1065
select point_in_polygon((1.,), [[(4., 0.), (8., 4.), (4., 8.), (0., 4.)], [(3., 3.), (3., 5.), (5., 5.), (5., 3.)]])

statement error 1065
select point_in_polygon((2.5,), [(4., 0.), (8., 4.), (4., 8.), (0., 4.)], [(3., 3.), (3., 5.), (5., 5.), (5., 3.)])

query T
select great_circle_angle(-2181569507.9714413, 15253014773.129665, 0.5823419941455749, 0.5823419941455749)
----
1.3941863e12