query T
SELECT '1' + 1
----
2

statement error 1006
SELECT 'foo' + 1

query T
SELECT parse_json('1') + 1
----
2

query T
SELECT parse_json('"1"') + 1
----
2

query T
SELECT parse_json('"foo"') + 1
----
NULL
