# INNER JOIN
statement ok
use default

statement ok
drop table if exists t1

statement ok
create table t1(a int, b int)

statement ok
insert into t1 values(7, 8), (3, 4), (5, 6)

statement ok
drop table if exists t2

statement ok
create table t2(a int, d int)

statement ok
insert into t2 values(1, 2), (3, 4), (5, 6)

query III
select * from t1 join t2 using(a) order by t1.a, t2.a
----
3 4 4
5 6 6

query I
select t1.a from t1 join t2 using(a) order by t1.a, t2.a
----
3
5

query II
select t1.a, t2.a from t1 join t2 using(a) order by t1.a, t2.a
----
3 3
5 5

query I
select a from t1 join t2 using(a) order by t1.a, t2.a
----
3
5

query I
select t2.d from t1 join t2 using(a) order by t1.a, t2.a
----
4
6

query I
select a from (select number as a from numbers(3)) n join (select number as a from numbers(4)) nn using (a) order by a
----
0
1
2

query III
select * from t1 natural join t2 order by t1.a, t2.a
----
3 4 4
5 6 6

statement ok
drop table t1

statement ok
drop table t2

statement ok
create table t1(a int, b int)

statement ok
insert into t1 values(1, 2), (1, 3), (2, 4)

statement ok
create table t2(c int, d int)

statement ok
insert into t2 values(1, 2), (2, 6)

query IIII
select * from t2 inner join t1 on t1.a = t2.c order by a, b, c, d
----
1 2 1 2
1 2 1 3
2 6 2 4

statement ok
drop table if exists t1

statement ok
drop table if exists t2

statement ok
drop table if exists t3

statement ok
drop table if exists t4

statement ok
create table t1_null(a int null , b int null)

statement ok
create table t2_null(a int null , b int null)

statement ok
insert into t1_null values(1, 2), (2, 3), (null, 1)

statement ok
insert into t2_null values(3, 4), (2, 3), (null, 2)

query IIII
select * from t1_null inner join t2_null on t1_null.a = t2_null.a
----
2 3 2 3

query II
select * from numbers(10) x join (select 1::UInt64 number) y on x.number = y.number
----
1 1

query III
select a.number, pt,register_at from ( select number,  to_yyyymmdd(to_timestamp(number))   as pt
	from numbers(10) where number > 5
) a join ( select distinct number , to_yyyymmdd(to_timestamp(number)) as  register_at from numbers(10) where number > 5
) b on  a.number=b.number order by a.number;
----
6 19700101 19700101
7 19700101 19700101
8 19700101 19700101
9 19700101 19700101