statement ok
drop table if exists t1 all

statement ok
create table t1(a integer null, b integer null, c integer null, d integer null, e integer null)

statement ok
insert into t1(e,c,b,d,a) values(null,102,null,101,104)

statement ok
insert into t1(a,c,d,e,b) values(107,106,108,109,105)

statement ok
insert into t1(e,d,b,a,c) values(110,114,112,null,113)

statement ok
insert into t1(d,c,e,a,b) values(116,119,117,115,null)

statement ok
insert into t1(c,d,b,e,a) values(123,122,124,null,121)

statement ok
insert into t1(a,d,b,e,c) values(127,128,129,126,125)

statement ok
insert into t1(e,c,a,d,b) values(132,134,131,133,130)

statement ok
insert into t1(a,d,b,e,c) values(138,136,139,135,137)

statement ok
insert into t1(e,c,d,a,b) values(144,141,140,142,143)

statement ok
insert into t1(b,a,e,d,c) values(145,149,146,null,147)

statement ok
insert into t1(b,c,a,d,e) values(151,150,153,null,null)

statement ok
insert into t1(c,e,a,d,b) values(155,157,159,null,158)

statement ok
insert into t1(c,b,a,d,e) values(161,160,163,164,162)

statement ok
insert into t1(b,d,a,e,c) values(167,null,168,165,166)

statement ok
insert into t1(d,b,c,e,a) values(171,170,172,173,174)

statement ok
insert into t1(e,c,a,d,b) values(177,176,179,null,175)

statement ok
insert into t1(b,e,a,d,c) values(181,180,182,183,184)

statement ok
insert into t1(c,a,b,e,d) values(187,188,186,189,185)

statement ok
insert into t1(d,b,c,e,a) values(190,194,193,192,191)

statement ok
insert into t1(a,e,b,d,c) values(199,197,198,196,195)

statement ok
insert into t1(b,c,d,a,e) values(null,202,203,201,204)

statement ok
insert into t1(c,e,a,b,d) values(208,null,null,206,207)

statement ok
insert into t1(c,e,a,d,b) values(214,210,213,212,211)

statement ok
insert into t1(b,c,a,d,e) values(218,215,216,217,219)

statement ok
insert into t1(b,e,d,a,c) values(223,221,222,220,224)

statement ok
insert into t1(d,e,b,a,c) values(226,227,228,229,225)

statement ok
insert into t1(a,c,b,e,d) values(234,231,232,230,233)

statement ok
insert into t1(e,b,a,c,d) values(237,236,239,null,238)

statement ok
insert into t1(e,c,b,a,d) values(null,244,240,243,null)

statement ok
insert into t1(e,d,c,b,a) values(246,248,247,249,245)

# need to check the result later, currently just use ok to skip
onlyif todo
statement ok
select abs(b-c) as col1,
       case when c>(select avg(c) from t1) then a*2 else b*10 end as col2,
       abs(a) as col3,
       a+b*2+c*3+d*4+e*5 as col4,
       b as col5,
       (select count(*) from t1 as x where x.c>t1.c and x.d<t1.d) as col6
from t1
where e+d between a+b-10 and c+130
    or (e>a and e<b)
    or d>e
order by col6,col2,col3,col5,col4,col1

# need to check the result later, currently just use ok to skip
onlyif todo
statement ok
select b as col1,
       a-b as col2,
       a+b*2 as col3
from t1
where (a>b-2 and a<b+2)
    or exists(select 1 from t1 as x where x.b<t1.b)
order by col2,col3,col1

# need to check the result later, currently just use ok to skip
onlyif todo
statement ok
select b as col1,
       a-b as col2,
       a+b*2 as col3
from t1
where (a>b-2 and a<b+2)
    or exists(select 1 from t1 as x where x.b<t1.b)
order by col2,col1,col3

# need to check the result later, currently just use ok to skip
onlyif todo
statement ok
select b as col1,
       a-b as col2,
       a+b*2 as col3
from t1
where exists(select 1 from t1 as x where x.b<t1.b)
    or (a>b-2 and a<b+2)
order by col2,col3,col1

# need to check the result later, currently just use ok to skip
onlyif todo
statement ok
select b as col1,
       a-b as col2,
       a+b*2 as col3
from t1
where exists(select 1 from t1 as x where x.b<t1.b)
    or (a>b-2 and a<b+2)
order by col2,col1,col3

# need to check the result later, currently just use ok to skip
onlyif todo
statement ok
select case a+1 when b then 111 when c then 222
        when d then 333  when e then 444 else 555 end as col1,
       b as col2,
       case when a<b-3 then 111 when a<=b then 222
        when a<b+3 then 333 else 444 end as col3,
       d-e as col4,
       a-b as col5,
       abs(b-c) as col6
from t1
where (c<=d-2 or c>=d+2)
    or d not between 110 and 150
    or a>b
order by col6,col4,col5,col2,col3,col1

# need to check the result later, currently just use ok to skip
onlyif todo
statement ok
select case a+1 when b then 111 when c then 222
        when d then 333  when e then 444 else 555 end as col1,
       b as col2,
       case when a<b-3 then 111 when a<=b then 222
        when a<b+3 then 333 else 444 end as col3,
       d-e as col4,
       a-b as col5,
       abs(b-c) as col6
from t1
where (c<=d-2 or c>=d+2)
    or d not between 110 and 150
    or a>b
order by col3,col5,col6,col2,col1,col4

# need to check the result later, currently just use ok to skip
onlyif todo
statement ok
select case a+1 when b then 111 when c then 222
        when d then 333  when e then 444 else 555 end as col1,
       b as col2,
       case when a<b-3 then 111 when a<=b then 222
        when a<b+3 then 333 else 444 end as col3,
       d-e as col4,
       a-b as col5,
       abs(b-c) as col6
from t1
where d not between 110 and 150
    or (c<=d-2 or c>=d+2)
    or a>b
order by col6,col4,col5,col2,col3,col1

# need to check the result later, currently just use ok to skip
onlyif todo
statement ok
select case a+1 when b then 111 when c then 222
        when d then 333  when e then 444 else 555 end as col1,
       b as col2,
       case when a<b-3 then 111 when a<=b then 222
        when a<b+3 then 333 else 444 end as col3,
       d-e as col4,
       a-b as col5,
       abs(b-c) as col6
from t1
where d not between 110 and 150
    or (c<=d-2 or c>=d+2)
    or a>b
order by col4,col1,col3,col6,col5,col2

# need to check the result later, currently just use ok to skip
onlyif todo
statement ok
select case a+1 when b then 111 when c then 222
        when d then 333  when e then 444 else 555 end as col1,
       b as col2,
       case when a<b-3 then 111 when a<=b then 222
        when a<b+3 then 333 else 444 end as col3,
       d-e as col4,
       a-b as col5,
       abs(b-c) as col6
from t1
where a>b
    or d not between 110 and 150
    or (c<=d-2 or c>=d+2)
order by col6,col4,col5,col2,col3,col1

# need to check the result later, currently just use ok to skip
onlyif todo
statement ok
select case a+1 when b then 111 when c then 222
        when d then 333  when e then 444 else 555 end as col1,
       b as col2,
       case when a<b-3 then 111 when a<=b then 222
        when a<b+3 then 333 else 444 end as col3,
       d-e as col4,
       a-b as col5,
       abs(b-c) as col6
from t1
where a>b
    or d not between 110 and 150
    or (c<=d-2 or c>=d+2)
order by col5,col6,col2,col3,col4,col1

# need to check the result later, currently just use ok to skip
onlyif todo
statement ok
select a+b*2+c*3 as col1,
       d-e as col2,
       abs(a) as col3
from t1
where b>c
   and c between b-2 and d+2
order by col2,col3,col1

# need to check the result later, currently just use ok to skip
onlyif todo
statement ok
select a+b*2+c*3 as col1,
       d-e as col2,
       abs(a) as col3
from t1
where b>c
   and c between b-2 and d+2
order by col2,col3,col1

# need to check the result later, currently just use ok to skip
onlyif todo
statement ok
select a+b*2+c*3 as col1,
       d-e as col2,
       abs(a) as col3
from t1
where c between b-2 and d+2
   and b>c
order by col2,col3,col1

# need to check the result later, currently just use ok to skip
onlyif todo
statement ok
select a+b*2+c*3 as col1,
       d-e as col2,
       abs(a) as col3
from t1
where c between b-2 and d+2
   and b>c
order by col3,col1,col2

# need to check the result later, currently just use ok to skip
onlyif todo
statement ok
select abs(b-c) as col1,
       (select count(*) from t1 as x where x.b<t1.b) as col2,
       b as col3,
       (a+b+c+d+e)/5 as col4,
       case when c>(select avg(c) from t1) then a*2 else b*10 end as col5,
       case a+1 when b then 111 when c then 222
        when d then 333  when e then 444 else 555 end as col6,
       d-e as col7
from t1
where d>e
order by col6,col7,col4,col5,col2,col3,col1

# need to check the result later, currently just use ok to skip
onlyif todo
statement ok
select abs(b-c) as col1,
       (select count(*) from t1 as x where x.b<t1.b) as col2,
       b as col3,
       (a+b+c+d+e)/5 as col4,
       case when c>(select avg(c) from t1) then a*2 else b*10 end as col5,
       case a+1 when b then 111 when c then 222
        when d then 333  when e then 444 else 555 end as col6,
       d-e as col7
from t1
where d>e
order by col3,col7,col1,col6,col2,col4,col5

# need to check the result later, currently just use ok to skip
onlyif todo
statement ok
select b as col1,
       (select count(*) from t1 as x where x.c>t1.c and x.d<t1.d) as col2,
       a+b*2+c*3 as col3,
       a-b as col4,
       (a+b+c+d+e)/5 as col5,
       a+b*2+c*3+d*4 as col6,
       abs(b-c) as col7
from t1
where a>b
    or b>c
    or (e>c or e<d)
order by col6,col7,col4,col5,col2,col3,col1

# need to check the result later, currently just use ok to skip
onlyif todo
statement ok
select b as col1,
       (select count(*) from t1 as x where x.c>t1.c and x.d<t1.d) as col2,
       a+b*2+c*3 as col3,
       a-b as col4,
       (a+b+c+d+e)/5 as col5,
       a+b*2+c*3+d*4 as col6,
       abs(b-c) as col7
from t1
where a>b
    or b>c
    or (e>c or e<d)
order by col2,col4,col7,col6,col5,col3,col1

# need to check the result later, currently just use ok to skip
onlyif todo
statement ok
select b as col1,
       (select count(*) from t1 as x where x.c>t1.c and x.d<t1.d) as col2,
       a+b*2+c*3 as col3,
       a-b as col4,
       (a+b+c+d+e)/5 as col5,
       a+b*2+c*3+d*4 as col6,
       abs(b-c) as col7
from t1
where b>c
    or (e>c or e<d)
    or a>b
order by col6,col7,col4,col5,col2,col3,col1

# need to check the result later, currently just use ok to skip
onlyif todo
statement ok
select b as col1,
       (select count(*) from t1 as x where x.c>t1.c and x.d<t1.d) as col2,
       a+b*2+c*3 as col3,
       a-b as col4,
       (a+b+c+d+e)/5 as col5,
       a+b*2+c*3+d*4 as col6,
       abs(b-c) as col7
from t1
where b>c
    or (e>c or e<d)
    or a>b
order by col4,col5,col3,col7,col6,col1,col2

# need to check the result later, currently just use ok to skip
onlyif todo
statement ok
select b as col1,
       (select count(*) from t1 as x where x.c>t1.c and x.d<t1.d) as col2,
       a+b*2+c*3 as col3,
       a-b as col4,
       (a+b+c+d+e)/5 as col5,
       a+b*2+c*3+d*4 as col6,
       abs(b-c) as col7
from t1
where (e>c or e<d)
    or a>b
    or b>c
order by col6,col7,col4,col5,col2,col3,col1

# need to check the result later, currently just use ok to skip
onlyif todo
statement ok
select b as col1,
       (select count(*) from t1 as x where x.c>t1.c and x.d<t1.d) as col2,
       a+b*2+c*3 as col3,
       a-b as col4,
       (a+b+c+d+e)/5 as col5,
       a+b*2+c*3+d*4 as col6,
       abs(b-c) as col7
from t1
where (e>c or e<d)
    or a>b
    or b>c
order by col4,col7,col1,col5,col6,col2,col3

# need to check the result later, currently just use ok to skip
onlyif todo
statement ok
select a as col1,
       case a+1 when b then 111 when c then 222
        when d then 333  when e then 444 else 555 end as col2,
       e as col3,
       (select count(*) from t1 as x where x.b<t1.b) as col4
from t1
where (e>a and e<b)
    or (c<=d-2 or c>=d+2)
    or (e>c or e<d)
order by col4,col2,col3,col1

# need to check the result later, currently just use ok to skip
onlyif todo
statement ok
select a as col1,
       case a+1 when b then 111 when c then 222
        when d then 333  when e then 444 else 555 end as col2,
       e as col3,
       (select count(*) from t1 as x where x.b<t1.b) as col4
from t1
where (e>a and e<b)
    or (c<=d-2 or c>=d+2)
    or (e>c or e<d)
order by col3,col2,col1,col4

# need to check the result later, currently just use ok to skip
onlyif todo
statement ok
select a as col1,
       case a+1 when b then 111 when c then 222
        when d then 333  when e then 444 else 555 end as col2,
       e as col3,
       (select count(*) from t1 as x where x.b<t1.b) as col4
from t1
where (e>a and e<b)
    or (e>c or e<d)
    or (c<=d-2 or c>=d+2)
order by col4,col2,col3,col1

# need to check the result later, currently just use ok to skip
onlyif todo
statement ok
select a as col1,
       case a+1 when b then 111 when c then 222
        when d then 333  when e then 444 else 555 end as col2,
       e as col3,
       (select count(*) from t1 as x where x.b<t1.b) as col4
from t1
where (e>a and e<b)
    or (e>c or e<d)
    or (c<=d-2 or c>=d+2)
order by col1,col4,col3,col2

# need to check the result later, currently just use ok to skip
onlyif todo
statement ok
select a as col1,
       case a+1 when b then 111 when c then 222
        when d then 333  when e then 444 else 555 end as col2,
       e as col3,
       (select count(*) from t1 as x where x.b<t1.b) as col4
from t1
where (e>c or e<d)
    or (e>a and e<b)
    or (c<=d-2 or c>=d+2)
order by col4,col2,col3,col1

# need to check the result later, currently just use ok to skip
onlyif todo
statement ok
select a as col1,
       case a+1 when b then 111 when c then 222
        when d then 333  when e then 444 else 555 end as col2,
       e as col3,
       (select count(*) from t1 as x where x.b<t1.b) as col4
from t1
where (e>c or e<d)
    or (e>a and e<b)
    or (c<=d-2 or c>=d+2)
order by col1,col2,col4,col3

# need to check the result later, currently just use ok to skip
onlyif todo
statement ok
select a as col1,
       case a+1 when b then 111 when c then 222
        when d then 333  when e then 444 else 555 end as col2,
       e as col3,
       (select count(*) from t1 as x where x.b<t1.b) as col4
from t1
where (c<=d-2 or c>=d+2)
    or (e>c or e<d)
    or (e>a and e<b)
order by col4,col2,col3,col1

# need to check the result later, currently just use ok to skip
onlyif todo
statement ok
select a as col1,
       case a+1 when b then 111 when c then 222
        when d then 333  when e then 444 else 555 end as col2,
       e as col3,
       (select count(*) from t1 as x where x.b<t1.b) as col4
from t1
where (c<=d-2 or c>=d+2)
    or (e>c or e<d)
    or (e>a and e<b)
order by col2,col3,col4,col1

query IIII
select abs(a) as col1,
       d-e as col2,
       a as col3,
       a+b*2+c*3 as col4
from t1
order by col4,col2,col3,col1
----
107 -1 107 635
121 NULL 121 738
127 2 127 760
131 1 131 793
138 1 138 827
142 -4 142 851
149 NULL 149 880
153 NULL 153 905
159 NULL 159 940
163 2 163 966
168 NULL 168 1000
174 -2 174 1030
179 NULL 179 1057
182 3 182 1096
188 -4 188 1121
191 -2 191 1158
199 -1 199 1180
213 2 213 1277
216 -2 216 1297
220 1 220 1338
229 -1 229 1360
234 3 234 1391
243 NULL 243 1455
245 2 245 1484
115 -1 115 NULL
201 -1 201 NULL
239 1 239 NULL
NULL 4 NULL NULL
104 NULL 104 NULL
NULL NULL NULL NULL

query IIII
select abs(a) as col1,
       d-e as col2,
       a as col3,
       a+b*2+c*3 as col4
from t1
order by col4,col1,col2,col3
----
107 -1 107 635
121 NULL 121 738
127 2 127 760
131 1 131 793
138 1 138 827
142 -4 142 851
149 NULL 149 880
153 NULL 153 905
159 NULL 159 940
163 2 163 966
168 NULL 168 1000
174 -2 174 1030
179 NULL 179 1057
182 3 182 1096
188 -4 188 1121
191 -2 191 1158
199 -1 199 1180
213 2 213 1277
216 -2 216 1297
220 1 220 1338
229 -1 229 1360
234 3 234 1391
243 NULL 243 1455
245 2 245 1484
104 NULL 104 NULL
115 -1 115 NULL
201 -1 201 NULL
239 1 239 NULL
NULL 4 NULL NULL
NULL NULL NULL NULL

# need to check the result later, currently just use ok to skip
onlyif todo
statement ok
select a-b as col1
from t1
where e+d between a+b-10 and c+130
order by col1

# need to check the result later, currently just use ok to skip
onlyif todo
statement ok
select a-b as col1
from t1
where e+d between a+b-10 and c+130
order by col1

query IIII
select a+b*2+c*3+d*4+e*5 as col1,
       abs(a) as col2,
       b-c as col3,
       a+b*2+c*3+d*4 as col4
from t1
order by col4,col2,col3,col1
----
1612 107 -1 1067
NULL 121 1 1226
1902 127 4 1272
1985 131 -4 1325
2046 138 2 1371
2131 142 2 1411
2432 163 -1 1622
2579 174 -2 1714
2728 182 -3 1828
2806 188 -1 1861
2878 191 1 1918
2949 199 3 1964
3175 213 -3 2125
3260 216 3 2165
3331 220 -1 2226
3399 229 3 2264
3473 234 1 2323
3706 245 2 2476
NULL 104 NULL NULL
NULL 115 NULL NULL
NULL 149 -2 NULL
NULL 153 1 NULL
NULL 159 3 NULL
NULL 168 1 NULL
NULL 179 -1 NULL
NULL 201 NULL NULL
NULL 239 NULL NULL
NULL 243 -4 NULL
NULL NULL -2 NULL
NULL NULL -1 NULL

query IIII
select a+b*2+c*3+d*4+e*5 as col1,
       abs(a) as col2,
       b-c as col3,
       a+b*2+c*3+d*4 as col4
from t1
order by col4,col1,col2,col3
----
1612 107 -1 1067
NULL 121 1 1226
1902 127 4 1272
1985 131 -4 1325
2046 138 2 1371
2131 142 2 1411
2432 163 -1 1622
2579 174 -2 1714
2728 182 -3 1828
2806 188 -1 1861
2878 191 1 1918
2949 199 3 1964
3175 213 -3 2125
3260 216 3 2165
3331 220 -1 2226
3399 229 3 2264
3473 234 1 2323
3706 245 2 2476
NULL 104 NULL NULL
NULL 115 NULL NULL
NULL 149 -2 NULL
NULL 153 1 NULL
NULL 159 3 NULL
NULL 168 1 NULL
NULL 179 -1 NULL
NULL 201 NULL NULL
NULL 239 NULL NULL
NULL 243 -4 NULL
NULL NULL -2 NULL
NULL NULL -1 NULL

# need to check the result later, currently just use ok to skip
onlyif todo
statement ok
select a+b*2 as col1,
       b-c as col2,
       d as col3,
       (select count(*) from t1 as x where x.c>t1.c and x.d<t1.d) as col4,
       abs(b-c) as col5
from t1
where c between b-2 and d+2
   and (c<=d-2 or c>=d+2)
order by col4,col5,col2,col3,col1

# need to check the result later, currently just use ok to skip
onlyif todo
statement ok
select a+b*2 as col1,
       b-c as col2,
       d as col3,
       (select count(*) from t1 as x where x.c>t1.c and x.d<t1.d) as col4,
       abs(b-c) as col5
from t1
where c between b-2 and d+2
   and (c<=d-2 or c>=d+2)
order by col2,col5,col3,col4,col1

# need to check the result later, currently just use ok to skip
onlyif todo
statement ok
select c-d as col1,
       abs(a) as col2
from t1
where (c<=d-2 or c>=d+2)
   and c>d
   and b>c
order by col2,col1

# need to check the result later, currently just use ok to skip
onlyif todo
statement ok
select c-d as col1,
       abs(a) as col2
from t1
where (c<=d-2 or c>=d+2)
   and c>d
   and b>c
order by col1,col2

# need to check the result later, currently just use ok to skip
onlyif todo
statement ok
select c-d as col1,
       abs(a) as col2
from t1
where c>d
   and b>c
   and (c<=d-2 or c>=d+2)
order by col2,col1

# need to check the result later, currently just use ok to skip
onlyif todo
statement ok
select c-d as col1,
       abs(a) as col2
from t1
where c>d
   and b>c
   and (c<=d-2 or c>=d+2)
order by col1,col2

# need to check the result later, currently just use ok to skip
onlyif todo
statement ok
select c-d as col1,
       abs(a) as col2
from t1
where b>c
   and c>d
   and (c<=d-2 or c>=d+2)
order by col2,col1

# need to check the result later, currently just use ok to skip
onlyif todo
statement ok
select c-d as col1,
       abs(a) as col2
from t1
where b>c
   and c>d
   and (c<=d-2 or c>=d+2)
order by col1,col2

# need to check the result later, currently just use ok to skip
onlyif todo
statement ok
select a+b*2+c*3 as col1,
       a+b*2 as col2,
       c as col3,
       abs(b-c) as col4,
       e as col5,
       b as col6
from t1
where (e>c or e<d)
   and b>c
   and c between b-2 and d+2
order by col6,col4,col5,col2,col3,col1

# need to check the result later, currently just use ok to skip
onlyif todo
statement ok
select a+b*2+c*3 as col1,
       a+b*2 as col2,
       c as col3,
       abs(b-c) as col4,
       e as col5,
       b as col6
from t1
where (e>c or e<d)
   and b>c
   and c between b-2 and d+2
order by col4,col5,col1,col3,col6,col2

# need to check the result later, currently just use ok to skip
onlyif todo
statement ok
select (select count(*) from t1 as x where x.c>t1.c and x.d<t1.d) as col1,
       e as col2,
       c-d as col3,
       case when a<b-3 then 111 when a<=b then 222
        when a<b+3 then 333 else 444 end as col4,
       d as col5
from t1
where (e>c or e<d)
    or exists(select 1 from t1 as x where x.b<t1.b)
order by col4,col5,col2,col3,col1

# need to check the result later, currently just use ok to skip
onlyif todo
statement ok
select (select count(*) from t1 as x where x.c>t1.c and x.d<t1.d) as col1,
       e as col2,
       c-d as col3,
       case when a<b-3 then 111 when a<=b then 222
        when a<b+3 then 333 else 444 end as col4,
       d as col5
from t1
where (e>c or e<d)
    or exists(select 1 from t1 as x where x.b<t1.b)
order by col5,col2,col4,col3,col1

# need to check the result later, currently just use ok to skip
onlyif todo
statement ok
select (select count(*) from t1 as x where x.c>t1.c and x.d<t1.d) as col1,
       e as col2,
       c-d as col3,
       case when a<b-3 then 111 when a<=b then 222
        when a<b+3 then 333 else 444 end as col4,
       d as col5
from t1
where exists(select 1 from t1 as x where x.b<t1.b)
    or (e>c or e<d)
order by col4,col5,col2,col3,col1

# need to check the result later, currently just use ok to skip
onlyif todo
statement ok
select (select count(*) from t1 as x where x.c>t1.c and x.d<t1.d) as col1,
       e as col2,
       c-d as col3,
       case when a<b-3 then 111 when a<=b then 222
        when a<b+3 then 333 else 444 end as col4,
       d as col5
from t1
where exists(select 1 from t1 as x where x.b<t1.b)
    or (e>c or e<d)
order by col5,col4,col3,col2,col1

# need to check the result later, currently just use ok to skip
onlyif todo
statement ok
select a+b*2+c*3+d*4+e*5 as col1,
       abs(b-c) as col2,
       e as col3,
       c-d as col4,
       a-b as col5,
       d as col6
from t1
where c between b-2 and d+2
   and b>c
   and (a>b-2 and a<b+2)
order by col6,col4,col5,col2,col3,col1

# need to check the result later, currently just use ok to skip
onlyif todo
statement ok
select a+b*2+c*3+d*4+e*5 as col1,
       abs(b-c) as col2,
       e as col3,
       c-d as col4,
       a-b as col5,
       d as col6
from t1
where c between b-2 and d+2
   and b>c
   and (a>b-2 and a<b+2)
order by col2,col1,col6,col4,col5,col3

# need to check the result later, currently just use ok to skip
onlyif todo
statement ok
select a+b*2+c*3+d*4+e*5 as col1,
       abs(b-c) as col2,
       e as col3,
       c-d as col4,
       a-b as col5,
       d as col6
from t1
where c between b-2 and d+2
   and (a>b-2 and a<b+2)
   and b>c
order by col6,col4,col5,col2,col3,col1

# need to check the result later, currently just use ok to skip
onlyif todo
statement ok
select a+b*2+c*3+d*4+e*5 as col1,
       abs(b-c) as col2,
       e as col3,
       c-d as col4,
       a-b as col5,
       d as col6
from t1
where c between b-2 and d+2
   and (a>b-2 and a<b+2)
   and b>c
order by col4,col2,col1,col5,col6,col3

# need to check the result later, currently just use ok to skip
onlyif todo
statement ok
select a+b*2+c*3+d*4+e*5 as col1,
       abs(b-c) as col2,
       e as col3,
       c-d as col4,
       a-b as col5,
       d as col6
from t1
where (a>b-2 and a<b+2)
   and b>c
   and c between b-2 and d+2
order by col6,col4,col5,col2,col3,col1

# need to check the result later, currently just use ok to skip
onlyif todo
statement ok
select a+b*2+c*3+d*4+e*5 as col1,
       abs(b-c) as col2,
       e as col3,
       c-d as col4,
       a-b as col5,
       d as col6
from t1
where (a>b-2 and a<b+2)
   and b>c
   and c between b-2 and d+2
order by col4,col6,col3,col5,col2,col1

# need to check the result later, currently just use ok to skip
onlyif todo
statement ok
select b-c as col1,
       a+b*2+c*3 as col2,
       d as col3,
       abs(b-c) as col4,
       case a+1 when b then 111 when c then 222
        when d then 333  when e then 444 else 555 end as col5
from t1
where (e>c or e<d)
order by col4,col5,col2,col3,col1

# need to check the result later, currently just use ok to skip
onlyif todo
statement ok
select b-c as col1,
       a+b*2+c*3 as col2,
       d as col3,
       abs(b-c) as col4,
       case a+1 when b then 111 when c then 222
        when d then 333  when e then 444 else 555 end as col5
from t1
where (e>c or e<d)
order by col1,col2,col5,col4,col3

query I
select case when c>avg_c then a*2 else b*10 end as col1
from (
 select a, b, c, d, e, avg_c
 from (
  select avg(c) as avg_c from t1
 ) as Q cross join (select a, b, c, d, e from t1) as R
)
where b>c
    or (c<=d-2 or c>=d+2)
order by col1
----
376
382
398
426
432
440
458
468
490
1050
1240
1290
1390
1430
1510
1580
1600
1670
NULL

query I
select case when c>avg_c then a*2 else b*10 end as col1
from (
 select a, b, c, d, e, avg_c
 from (
  select avg(c) as avg_c from t1
 ) as Q cross join (select a, b, c, d, e from t1) as R
)
where b>c
    or (c<=d-2 or c>=d+2)
order by col1
----
376
382
398
426
432
440
458
468
490
1050
1240
1290
1390
1430
1510
1580
1600
1670
NULL

query I
select case when c>avg_c then a*2 else b*10 end as col1
from (
 select a, b, c, d, e, avg_c
 from (
  select avg(c) as avg_c from t1
 ) as Q cross join (select a, b, c, d, e from t1) as R
)
where (c<=d-2 or c>=d+2)
    or b>c
order by col1
----
376
382
398
426
432
440
458
468
490
1050
1240
1290
1390
1430
1510
1580
1600
1670
NULL

query I
select case when c>avg_c then a*2 else b*10 end as col1
from (
 select a, b, c, d, e, avg_c
 from (
  select avg(c) as avg_c from t1
 ) as Q cross join (select a, b, c, d, e from t1) as R
)
where (c<=d-2 or c>=d+2)
    or b>c
order by col1
----
376
382
398
426
432
440
458
468
490
1050
1240
1290
1390
1430
1510
1580
1600
1670
NULL

# need to check the result later, currently just use ok to skip
onlyif todo
statement ok
select abs(b-c) as col1,
       abs(a) as col2,
       a+b*2+c*3+d*4 as col3
from t1
where c>d
    or a>b
order by col2,col3,col1

# need to check the result later, currently just use ok to skip
onlyif todo
statement ok
select abs(b-c) as col1,
       abs(a) as col2,
       a+b*2+c*3+d*4 as col3
from t1
where c>d
    or a>b
order by col2,col1,col3

# need to check the result later, currently just use ok to skip
onlyif todo
statement ok
select abs(b-c) as col1,
       abs(a) as col2,
       a+b*2+c*3+d*4 as col3
from t1
where a>b
    or c>d
order by col2,col3,col1

# need to check the result later, currently just use ok to skip
onlyif todo
statement ok
select abs(b-c) as col1,
       abs(a) as col2,
       a+b*2+c*3+d*4 as col3
from t1
where a>b
    or c>d
order by col2,col3,col1

# need to check the result later, currently just use ok to skip
onlyif todo
statement ok
select b as col1,
       a+b*2+c*3+d*4+e*5 as col2
from t1
where exists(select 1 from t1 as x where x.b<t1.b)
   and d>e
order by col2,col1

# need to check the result later, currently just use ok to skip
onlyif todo
statement ok
select b as col1,
       a+b*2+c*3+d*4+e*5 as col2
from t1
where exists(select 1 from t1 as x where x.b<t1.b)
   and d>e
order by col1,col2

# need to check the result later, currently just use ok to skip
onlyif todo
statement ok
select b as col1,
       a+b*2+c*3+d*4+e*5 as col2
from t1
where d>e
   and exists(select 1 from t1 as x where x.b<t1.b)
order by col2,col1

# need to check the result later, currently just use ok to skip
onlyif todo
statement ok
select b as col1,
       a+b*2+c*3+d*4+e*5 as col2
from t1
where d>e
   and exists(select 1 from t1 as x where x.b<t1.b)
order by col1,col2

# need to check the result later, currently just use ok to skip
onlyif todo
statement ok
select d-e as col1,
       a as col2,
       a+b*2 as col3
from t1
where c between b-2 and d+2
    or (a>b-2 and a<b+2)
    or (e>c or e<d)
order by col2,col3,col1

# need to check the result later, currently just use ok to skip
onlyif todo
statement ok
select d-e as col1,
       a as col2,
       a+b*2 as col3
from t1
where c between b-2 and d+2
    or (a>b-2 and a<b+2)
    or (e>c or e<d)
order by col1,col2,col3

# need to check the result later, currently just use ok to skip
onlyif todo
statement ok
select d-e as col1,
       a as col2,
       a+b*2 as col3
from t1
where (a>b-2 and a<b+2)
    or c between b-2 and d+2
    or (e>c or e<d)
order by col2,col3,col1

# need to check the result later, currently just use ok to skip
onlyif todo
statement ok
select d-e as col1,
       a as col2,
       a+b*2 as col3
from t1
where (a>b-2 and a<b+2)
    or c between b-2 and d+2
    or (e>c or e<d)
order by col2,col3,col1

# need to check the result later, currently just use ok to skip
onlyif todo
statement ok
select d-e as col1,
       a as col2,
       a+b*2 as col3
from t1
where c between b-2 and d+2
    or (e>c or e<d)
    or (a>b-2 and a<b+2)
order by col2,col3,col1

# need to check the result later, currently just use ok to skip
onlyif todo
statement ok
select d-e as col1,
       a as col2,
       a+b*2 as col3
from t1
where c between b-2 and d+2
    or (e>c or e<d)
    or (a>b-2 and a<b+2)
order by col3,col1,col2

# need to check the result later, currently just use ok to skip
onlyif todo
statement ok
select a+b*2+c*3+d*4+e*5 as col1,
       d as col2,
       a-b as col3,
       (a+b+c+d+e)/5 as col4
from t1
where (e>c or e<d)
   and b>c
order by col4,col2,col3,col1

# need to check the result later, currently just use ok to skip
onlyif todo
statement ok
select a+b*2+c*3+d*4+e*5 as col1,
       d as col2,
       a-b as col3,
       (a+b+c+d+e)/5 as col4
from t1
where (e>c or e<d)
   and b>c
order by col2,col4,col3,col1

# need to check the result later, currently just use ok to skip
onlyif todo
statement ok
select a+b*2 as col1,
       abs(a) as col2,
       (select count(*) from t1 as x where x.b<t1.b) as col3,
       case a+1 when b then 111 when c then 222
        when d then 333  when e then 444 else 555 end as col4,
       case when a<b-3 then 111 when a<=b then 222
        when a<b+3 then 333 else 444 end as col5,
       a-b as col6
from t1
where (c<=d-2 or c>=d+2)
order by col6,col4,col5,col2,col3,col1

# need to check the result later, currently just use ok to skip
onlyif todo
statement ok
select a+b*2 as col1,
       abs(a) as col2,
       (select count(*) from t1 as x where x.b<t1.b) as col3,
       case a+1 when b then 111 when c then 222
        when d then 333  when e then 444 else 555 end as col4,
       case when a<b-3 then 111 when a<=b then 222
        when a<b+3 then 333 else 444 end as col5,
       a-b as col6
from t1
where (c<=d-2 or c>=d+2)
order by col3,col4,col2,col5,col1,col6

# need to check the result later, currently just use ok to skip
onlyif todo
statement ok
select c-d as col1,
       case when a<b-3 then 111 when a<=b then 222
        when a<b+3 then 333 else 444 end as col2,
       a+b*2+c*3+d*4 as col3,
       b as col4,
       a-b as col5,
       (select count(*) from t1 as x where x.b<t1.b) as col6,
       d-e as col7
from t1
order by col6,col7,col4,col5,col2,col3,col1

# need to check the result later, currently just use ok to skip
onlyif todo
statement ok
select c-d as col1,
       case when a<b-3 then 111 when a<=b then 222
        when a<b+3 then 333 else 444 end as col2,
       a+b*2+c*3+d*4 as col3,
       b as col4,
       a-b as col5,
       (select count(*) from t1 as x where x.b<t1.b) as col6,
       d-e as col7
from t1
order by col4,col5,col2,col7,col1,col3,col6

query IIIIII
select e as col1,
       d-e as col2,
       abs(b-c) as col3,
       c as col4,
       case a+1 when b then 111 when c then 222
        when d then 333  when e then 444 else 555 end as col5,
       case when c>avg_c then a*2 else b*10 end as col6
from (
 select a, b, c, d, e, avg_c
 from (
  select avg(c) as avg_c from t1
 ) as Q cross join (select a, b, c, d, e from t1) as R
)
where c between b-2 and d+2
order by col6,col4,col5,col2,col3,col1
----
180 3 3 184 333 364
189 -4 1 187 444 376
210 2 3 214 222 426
221 1 1 224 444 440
230 3 1 231 555 468
246 2 2 247 444 490
109 -1 1 106 333 1050
110 4 1 113 555 1120
NULL NULL 1 123 333 1240
132 1 4 134 444 1300
135 1 2 137 111 1390
144 -4 2 141 111 1430
162 2 1 161 333 1600
173 -2 2 172 555 1700
NULL NULL 2 208 555 NULL

query IIIIII
select e as col1,
       d-e as col2,
       abs(b-c) as col3,
       c as col4,
       case a+1 when b then 111 when c then 222
        when d then 333  when e then 444 else 555 end as col5,
       case when c>avg_c then a*2 else b*10 end as col6
from (
 select a, b, c, d, e, avg_c
 from (
  select avg(c) as avg_c from t1
 ) as Q cross join (select a, b, c, d, e from t1) as R
)
where c between b-2 and d+2
order by col1,col4,col6,col5,col2,col3
----
109 -1 1 106 333 1050
110 4 1 113 555 1120
132 1 4 134 444 1300
135 1 2 137 111 1390
144 -4 2 141 111 1430
162 2 1 161 333 1600
173 -2 2 172 555 1700
180 3 3 184 333 364
189 -4 1 187 444 376
210 2 3 214 222 426
221 1 1 224 444 440
230 3 1 231 555 468
246 2 2 247 444 490
NULL NULL 1 123 333 1240
NULL NULL 2 208 555 NULL

# need to check the result later, currently just use ok to skip
onlyif todo
statement ok
select (select count(*) from t1 as x where x.b<t1.b) as col1,
       a+b*2 as col2,
       d as col3,
       abs(b-c) as col4
from t1
where exists(select 1 from t1 as x where x.b<t1.b)
   and d not between 110 and 150
order by col4,col2,col3,col1

# need to check the result later, currently just use ok to skip
onlyif todo
statement ok
select (select count(*) from t1 as x where x.b<t1.b) as col1,
       a+b*2 as col2,
       d as col3,
       abs(b-c) as col4
from t1
where exists(select 1 from t1 as x where x.b<t1.b)
   and d not between 110 and 150
order by col2,col1,col3,col4

# need to check the result later, currently just use ok to skip
onlyif todo
statement ok
select (select count(*) from t1 as x where x.b<t1.b) as col1,
       a+b*2 as col2,
       d as col3,
       abs(b-c) as col4
from t1
where d not between 110 and 150
   and exists(select 1 from t1 as x where x.b<t1.b)
order by col4,col2,col3,col1

# need to check the result later, currently just use ok to skip
onlyif todo
statement ok
select (select count(*) from t1 as x where x.b<t1.b) as col1,
       a+b*2 as col2,
       d as col3,
       abs(b-c) as col4
from t1
where d not between 110 and 150
   and exists(select 1 from t1 as x where x.b<t1.b)
order by col4,col2,col3,col1

# need to check the result later, currently just use ok to skip
onlyif todo
statement ok
select a+b*2+c*3 as col1,
       abs(b-c) as col2,
       a+b*2 as col3,
       abs(a) as col4,
       a+b*2+c*3+d*4+e*5 as col5
from t1
where exists(select 1 from t1 as x where x.b<t1.b)
order by col4,col5,col2,col3,col1

# need to check the result later, currently just use ok to skip
onlyif todo
statement ok
select a+b*2+c*3 as col1,
       abs(b-c) as col2,
       a+b*2 as col3,
       abs(a) as col4,
       a+b*2+c*3+d*4+e*5 as col5
from t1
where exists(select 1 from t1 as x where x.b<t1.b)
order by col1,col3,col2,col4,col5

query IIII
select e as col1,
       a-b as col2,
       c as col3,
       d-e as col4
from t1
order by col4,col2,col3,col1
----
144 -1 141 -4
189 2 187 -4
192 -3 193 -2
219 -2 215 -2
173 4 172 -2
197 1 195 -1
227 1 225 -1
109 2 106 -1
117 NULL 119 -1
204 NULL 202 -1
221 -3 224 1
135 -1 137 1
132 1 134 1
237 3 NULL 1
246 -4 247 2
126 -2 125 2
210 2 214 2
162 3 161 2
180 1 184 3
230 2 231 3
110 NULL 113 4
NULL -3 123 NULL
157 1 155 NULL
165 1 166 NULL
NULL 2 150 NULL
NULL 3 244 NULL
146 4 147 NULL
177 4 176 NULL
NULL NULL 102 NULL
NULL NULL 208 NULL

query IIII
select e as col1,
       a-b as col2,
       c as col3,
       d-e as col4
from t1
order by col1,col3,col4,col2
----
109 2 106 -1
110 NULL 113 4
117 NULL 119 -1
126 -2 125 2
132 1 134 1
135 -1 137 1
144 -1 141 -4
146 4 147 NULL
157 1 155 NULL
162 3 161 2
165 1 166 NULL
173 4 172 -2
177 4 176 NULL
180 1 184 3
189 2 187 -4
192 -3 193 -2
197 1 195 -1
204 NULL 202 -1
210 2 214 2
219 -2 215 -2
221 -3 224 1
227 1 225 -1
230 2 231 3
237 3 NULL 1
246 -4 247 2
NULL NULL 102 NULL
NULL -3 123 NULL
NULL 2 150 NULL
NULL NULL 208 NULL
NULL 3 244 NULL

# need to check the result later, currently just use ok to skip
onlyif todo
statement ok
select (select count(*) from t1 as x where x.c>t1.c and x.d<t1.d) as col1
from t1
where c between b-2 and d+2
    or (a>b-2 and a<b+2)
order by col1

# need to check the result later, currently just use ok to skip
onlyif todo
statement ok
select (select count(*) from t1 as x where x.c>t1.c and x.d<t1.d) as col1
from t1
where c between b-2 and d+2
    or (a>b-2 and a<b+2)
order by col1

# need to check the result later, currently just use ok to skip
onlyif todo
statement ok
select (select count(*) from t1 as x where x.c>t1.c and x.d<t1.d) as col1
from t1
where (a>b-2 and a<b+2)
    or c between b-2 and d+2
order by col1

# need to check the result later, currently just use ok to skip
onlyif todo
statement ok
select (select count(*) from t1 as x where x.c>t1.c and x.d<t1.d) as col1
from t1
where (a>b-2 and a<b+2)
    or c between b-2 and d+2
order by col1

# need to check the result later, currently just use ok to skip
onlyif todo
statement ok
select a+b*2+c*3+d*4 as col1,
       (a+b+c+d+e)/5 as col2,
       abs(b-c) as col3,
       case when a<b-3 then 111 when a<=b then 222
        when a<b+3 then 333 else 444 end as col4
from t1
where (c<=d-2 or c>=d+2)
    or e+d between a+b-10 and c+130
    or (e>c or e<d)
order by col4,col2,col3,col1

# need to check the result later, currently just use ok to skip
onlyif todo
statement ok
select a+b*2+c*3+d*4 as col1,
       (a+b+c+d+e)/5 as col2,
       abs(b-c) as col3,
       case when a<b-3 then 111 when a<=b then 222
        when a<b+3 then 333 else 444 end as col4
from t1
where (c<=d-2 or c>=d+2)
    or e+d between a+b-10 and c+130
    or (e>c or e<d)
order by col3,col2,col4,col1

# need to check the result later, currently just use ok to skip
onlyif todo
statement ok
select a+b*2+c*3+d*4 as col1,
       (a+b+c+d+e)/5 as col2,
       abs(b-c) as col3,
       case when a<b-3 then 111 when a<=b then 222
        when a<b+3 then 333 else 444 end as col4
from t1
where (c<=d-2 or c>=d+2)
    or (e>c or e<d)
    or e+d between a+b-10 and c+130
order by col4,col2,col3,col1

# need to check the result later, currently just use ok to skip
onlyif todo
statement ok
select a+b*2+c*3+d*4 as col1,
       (a+b+c+d+e)/5 as col2,
       abs(b-c) as col3,
       case when a<b-3 then 111 when a<=b then 222
        when a<b+3 then 333 else 444 end as col4
from t1
where (c<=d-2 or c>=d+2)
    or (e>c or e<d)
    or e+d between a+b-10 and c+130
order by col3,col1,col2,col4

# need to check the result later, currently just use ok to skip
onlyif todo
statement ok
select a+b*2+c*3+d*4 as col1,
       (a+b+c+d+e)/5 as col2,
       abs(b-c) as col3,
       case when a<b-3 then 111 when a<=b then 222
        when a<b+3 then 333 else 444 end as col4
from t1
where e+d between a+b-10 and c+130
    or (e>c or e<d)
    or (c<=d-2 or c>=d+2)
order by col4,col2,col3,col1

# need to check the result later, currently just use ok to skip
onlyif todo
statement ok
select a+b*2+c*3+d*4 as col1,
       (a+b+c+d+e)/5 as col2,
       abs(b-c) as col3,
       case when a<b-3 then 111 when a<=b then 222
        when a<b+3 then 333 else 444 end as col4
from t1
where e+d between a+b-10 and c+130
    or (e>c or e<d)
    or (c<=d-2 or c>=d+2)
order by col3,col4,col2,col1

# need to check the result later, currently just use ok to skip
onlyif todo
statement ok
select (select count(*) from t1 as x where x.c>t1.c and x.d<t1.d) as col1,
       d-e as col2,
       (a+b+c+d+e)/5 as col3,
       c-d as col4,
       a+b*2+c*3 as col5,
       case when c>(select avg(c) from t1) then a*2 else b*10 end as col6,
       c as col7
from t1
where (e>c or e<d)
order by col6,col7,col4,col5,col2,col3,col1

# need to check the result later, currently just use ok to skip
onlyif todo
statement ok
select (select count(*) from t1 as x where x.c>t1.c and x.d<t1.d) as col1,
       d-e as col2,
       (a+b+c+d+e)/5 as col3,
       c-d as col4,
       a+b*2+c*3 as col5,
       case when c>(select avg(c) from t1) then a*2 else b*10 end as col6,
       c as col7
from t1
where (e>c or e<d)
order by col4,col5,col6,col7,col2,col3,col1

query I
select c as col1
from t1
where d>e
    or (a>b-2 and a<b+2)
order by col1
----
113
125
134
137
141
155
161
166
184
195
214
224
225
231
247
NULL

query I
select c as col1
from t1
where d>e
    or (a>b-2 and a<b+2)
order by col1
----
113
125
134
137
141
155
161
166
184
195
214
224
225
231
247
NULL

query I
select c as col1
from t1
where (a>b-2 and a<b+2)
    or d>e
order by col1
----
113
125
134
137
141
155
161
166
184
195
214
224
225
231
247
NULL

query I
select c as col1
from t1
where (a>b-2 and a<b+2)
    or d>e
order by col1
----
113
125
134
137
141
155
161
166
184
195
214
224
225
231
247
NULL

query I
select e as col1
from t1
where (a>b-2 and a<b+2)
order by col1
----
132
135
144
157
165
180
197
227

query I
select e as col1
from t1
where (a>b-2 and a<b+2)
order by col1
----
132
135
144
157
165
180
197
227

# need to check the result later, currently just use ok to skip
onlyif todo
statement ok
select a+b*2+c*3 as col1,
       d-e as col2
from t1
where (e>a and e<b)
    or (c<=d-2 or c>=d+2)
order by col2,col1

# need to check the result later, currently just use ok to skip
onlyif todo
statement ok
select a+b*2+c*3 as col1,
       d-e as col2
from t1
where (e>a and e<b)
    or (c<=d-2 or c>=d+2)
order by col1,col2

# need to check the result later, currently just use ok to skip
onlyif todo
statement ok
select a+b*2+c*3 as col1,
       d-e as col2
from t1
where (c<=d-2 or c>=d+2)
    or (e>a and e<b)
order by col2,col1

# need to check the result later, currently just use ok to skip
onlyif todo
statement ok
select a+b*2+c*3 as col1,
       d-e as col2
from t1
where (c<=d-2 or c>=d+2)
    or (e>a and e<b)
order by col2,col1

query IIII
select a as col1,
       e as col2,
       a+b*2+c*3 as col3,
       a+b*2 as col4
from t1
order by col4,col2,col3,col1
----
107 109 635 317
121 NULL 738 369
127 126 760 385
131 132 793 391
138 135 827 416
142 144 851 428
149 146 880 439
153 NULL 905 455
159 157 940 475
163 162 966 483
168 165 1000 502
174 173 1030 514
179 177 1057 529
182 180 1096 544
188 189 1121 560
191 192 1158 579
199 197 1180 595
213 210 1277 635
216 219 1297 652
220 221 1338 666
229 227 1360 685
234 230 1391 698
239 237 NULL 711
243 NULL 1455 723
245 246 1484 743
NULL 110 NULL NULL
115 117 NULL NULL
201 204 NULL NULL
104 NULL NULL NULL
NULL NULL NULL NULL

query IIII
select a as col1,
       e as col2,
       a+b*2+c*3 as col3,
       a+b*2 as col4
from t1
order by col3,col1,col4,col2
----
107 109 635 317
121 NULL 738 369
127 126 760 385
131 132 793 391
138 135 827 416
142 144 851 428
149 146 880 439
153 NULL 905 455
159 157 940 475
163 162 966 483
168 165 1000 502
174 173 1030 514
179 177 1057 529
182 180 1096 544
188 189 1121 560
191 192 1158 579
199 197 1180 595
213 210 1277 635
216 219 1297 652
220 221 1338 666
229 227 1360 685
234 230 1391 698
243 NULL 1455 723
245 246 1484 743
104 NULL NULL NULL
115 117 NULL NULL
201 204 NULL NULL
239 237 NULL 711
NULL 110 NULL NULL
NULL NULL NULL NULL

# need to check the result later, currently just use ok to skip
onlyif todo
statement ok
select d as col1,
       c as col2,
       a+b*2+c*3+d*4 as col3
from t1
where d not between 110 and 150
    or c>d
order by col2,col3,col1

# need to check the result later, currently just use ok to skip
onlyif todo
statement ok
select d as col1,
       c as col2,
       a+b*2+c*3+d*4 as col3
from t1
where d not between 110 and 150
    or c>d
order by col1,col2,col3

# need to check the result later, currently just use ok to skip
onlyif todo
statement ok
select d as col1,
       c as col2,
       a+b*2+c*3+d*4 as col3
from t1
where c>d
    or d not between 110 and 150
order by col2,col3,col1

# need to check the result later, currently just use ok to skip
onlyif todo
statement ok
select d as col1,
       c as col2,
       a+b*2+c*3+d*4 as col3
from t1
where c>d
    or d not between 110 and 150
order by col2,col3,col1

query F
select (a+b+c+d+e)/5 as col1
from t1
order by col1
----
107.0
127.0
132.0
137.0
142.0
162.0
172.0
182.0
187.0
192.0
197.0
212.0
217.0
222.0
227.0
232.0
247.0
NULL
NULL
NULL
NULL
NULL
NULL
NULL
NULL
NULL
NULL
NULL
NULL
NULL

query F
select (a+b+c+d+e)/5 as col1
from t1
order by col1
----
107.0
127.0
132.0
137.0
142.0
162.0
172.0
182.0
187.0
192.0
197.0
212.0
217.0
222.0
227.0
232.0
247.0
NULL
NULL
NULL
NULL
NULL
NULL
NULL
NULL
NULL
NULL
NULL
NULL
NULL

# need to check the result later, currently just use ok to skip
onlyif todo
statement ok
select case when a<b-3 then 111 when a<=b then 222
        when a<b+3 then 333 else 444 end as col1,
       b-c as col2
from t1
where (e>a and e<b)
   and exists(select 1 from t1 as x where x.b<t1.b)
   and (c<=d-2 or c>=d+2)
order by col2,col1

# need to check the result later, currently just use ok to skip
onlyif todo
statement ok
select case when a<b-3 then 111 when a<=b then 222
        when a<b+3 then 333 else 444 end as col1,
       b-c as col2
from t1
where (e>a and e<b)
   and exists(select 1 from t1 as x where x.b<t1.b)
   and (c<=d-2 or c>=d+2)
order by col1,col2

# need to check the result later, currently just use ok to skip
onlyif todo
statement ok
select case when a<b-3 then 111 when a<=b then 222
        when a<b+3 then 333 else 444 end as col1,
       b-c as col2
from t1
where exists(select 1 from t1 as x where x.b<t1.b)
   and (c<=d-2 or c>=d+2)
   and (e>a and e<b)
order by col2,col1

# need to check the result later, currently just use ok to skip
onlyif todo
statement ok
select case when a<b-3 then 111 when a<=b then 222
        when a<b+3 then 333 else 444 end as col1,
       b-c as col2
from t1
where exists(select 1 from t1 as x where x.b<t1.b)
   and (c<=d-2 or c>=d+2)
   and (e>a and e<b)
order by col1,col2

# need to check the result later, currently just use ok to skip
onlyif todo
statement ok
select case when a<b-3 then 111 when a<=b then 222
        when a<b+3 then 333 else 444 end as col1,
       b-c as col2
from t1
where (c<=d-2 or c>=d+2)
   and exists(select 1 from t1 as x where x.b<t1.b)
   and (e>a and e<b)
order by col2,col1

# need to check the result later, currently just use ok to skip
onlyif todo
statement ok
select case when a<b-3 then 111 when a<=b then 222
        when a<b+3 then 333 else 444 end as col1,
       b-c as col2
from t1
where (c<=d-2 or c>=d+2)
   and exists(select 1 from t1 as x where x.b<t1.b)
   and (e>a and e<b)
order by col2,col1

# need to check the result later, currently just use ok to skip
onlyif todo
statement ok
select a-b as col1,
       a+b*2+c*3 as col2,
       abs(a) as col3
from t1
where e+d between a+b-10 and c+130
    or (a>b-2 and a<b+2)
order by col2,col3,col1

# need to check the result later, currently just use ok to skip
onlyif todo
statement ok
select a-b as col1,
       a+b*2+c*3 as col2,
       abs(a) as col3
from t1
where e+d between a+b-10 and c+130
    or (a>b-2 and a<b+2)
order by col2,col1,col3

# need to check the result later, currently just use ok to skip
onlyif todo
statement ok
select a-b as col1,
       a+b*2+c*3 as col2,
       abs(a) as col3
from t1
where (a>b-2 and a<b+2)
    or e+d between a+b-10 and c+130
order by col2,col3,col1

# need to check the result later, currently just use ok to skip
onlyif todo
statement ok
select a-b as col1,
       a+b*2+c*3 as col2,
       abs(a) as col3
from t1
where (a>b-2 and a<b+2)
    or e+d between a+b-10 and c+130
order by col1,col3,col2

# need to check the result later, currently just use ok to skip
onlyif todo
statement ok
select c as col1,
       a as col2,
       a+b*2+c*3 as col3
from t1
where (c<=d-2 or c>=d+2)
   and d not between 110 and 150
order by col2,col3,col1

# need to check the result later, currently just use ok to skip
onlyif todo
statement ok
select c as col1,
       a as col2,
       a+b*2+c*3 as col3
from t1
where (c<=d-2 or c>=d+2)
   and d not between 110 and 150
order by col3,col2,col1

# need to check the result later, currently just use ok to skip
onlyif todo
statement ok
select (select count(*) from t1 as x where x.b<t1.b) as col1,
       a+b*2 as col2,
       c as col3,
       b-c as col4,
       d-e as col5,
       c-d as col6,
       case when c>(select avg(c) from t1) then a*2 else b*10 end as col7
from t1
where (c<=d-2 or c>=d+2)
    or a>b
    or (a>b-2 and a<b+2)
order by col6,col7,col4,col5,col2,col3,col1

# need to check the result later, currently just use ok to skip
onlyif todo
statement ok
select (select count(*) from t1 as x where x.b<t1.b) as col1,
       a+b*2 as col2,
       c as col3,
       b-c as col4,
       d-e as col5,
       c-d as col6,
       case when c>(select avg(c) from t1) then a*2 else b*10 end as col7
from t1
where (c<=d-2 or c>=d+2)
    or a>b
    or (a>b-2 and a<b+2)
order by col2,col5,col1,col7,col4,col6,col3

# need to check the result later, currently just use ok to skip
onlyif todo
statement ok
select (select count(*) from t1 as x where x.b<t1.b) as col1,
       a+b*2 as col2,
       c as col3,
       b-c as col4,
       d-e as col5,
       c-d as col6,
       case when c>(select avg(c) from t1) then a*2 else b*10 end as col7
from t1
where a>b
    or (c<=d-2 or c>=d+2)
    or (a>b-2 and a<b+2)
order by col6,col7,col4,col5,col2,col3,col1

# need to check the result later, currently just use ok to skip
onlyif todo
statement ok
select (select count(*) from t1 as x where x.b<t1.b) as col1,
       a+b*2 as col2,
       c as col3,
       b-c as col4,
       d-e as col5,
       c-d as col6,
       case when c>(select avg(c) from t1) then a*2 else b*10 end as col7
from t1
where a>b
    or (c<=d-2 or c>=d+2)
    or (a>b-2 and a<b+2)
order by col7,col1,col5,col3,col6,col4,col2

# need to check the result later, currently just use ok to skip
onlyif todo
statement ok
select (select count(*) from t1 as x where x.b<t1.b) as col1,
       a+b*2 as col2,
       c as col3,
       b-c as col4,
       d-e as col5,
       c-d as col6,
       case when c>(select avg(c) from t1) then a*2 else b*10 end as col7
from t1
where a>b
    or (a>b-2 and a<b+2)
    or (c<=d-2 or c>=d+2)
order by col6,col7,col4,col5,col2,col3,col1

# need to check the result later, currently just use ok to skip
onlyif todo
statement ok
select (select count(*) from t1 as x where x.b<t1.b) as col1,
       a+b*2 as col2,
       c as col3,
       b-c as col4,
       d-e as col5,
       c-d as col6,
       case when c>(select avg(c) from t1) then a*2 else b*10 end as col7
from t1
where a>b
    or (a>b-2 and a<b+2)
    or (c<=d-2 or c>=d+2)
order by col3,col1,col4,col5,col2,col7,col6

# need to check the result later, currently just use ok to skip
onlyif todo
statement ok
select (select count(*) from t1 as x where x.b<t1.b) as col1,
       a+b*2 as col2,
       c as col3,
       b-c as col4,
       d-e as col5,
       c-d as col6,
       case when c>(select avg(c) from t1) then a*2 else b*10 end as col7
from t1
where (a>b-2 and a<b+2)
    or (c<=d-2 or c>=d+2)
    or a>b
order by col6,col7,col4,col5,col2,col3,col1

# need to check the result later, currently just use ok to skip
onlyif todo
statement ok
select (select count(*) from t1 as x where x.b<t1.b) as col1,
       a+b*2 as col2,
       c as col3,
       b-c as col4,
       d-e as col5,
       c-d as col6,
       case when c>(select avg(c) from t1) then a*2 else b*10 end as col7
from t1
where (a>b-2 and a<b+2)
    or (c<=d-2 or c>=d+2)
    or a>b
order by col7,col1,col6,col4,col5,col2,col3

# need to check the result later, currently just use ok to skip
onlyif todo
statement ok
select c as col1,
       a as col2,
       case when a<b-3 then 111 when a<=b then 222
        when a<b+3 then 333 else 444 end as col3,
       a+b*2+c*3+d*4 as col4,
       a+b*2 as col5,
       (a+b+c+d+e)/5 as col6,
       e as col7
from t1
where b>c
   and d not between 110 and 150
order by col6,col7,col4,col5,col2,col3,col1

# need to check the result later, currently just use ok to skip
onlyif todo
statement ok
select c as col1,
       a as col2,
       case when a<b-3 then 111 when a<=b then 222
        when a<b+3 then 333 else 444 end as col3,
       a+b*2+c*3+d*4 as col4,
       a+b*2 as col5,
       (a+b+c+d+e)/5 as col6,
       e as col7
from t1
where b>c
   and d not between 110 and 150
order by col1,col2,col5,col7,col3,col4,col6

# need to check the result later, currently just use ok to skip
onlyif todo
statement ok
select c as col1,
       a as col2,
       case when a<b-3 then 111 when a<=b then 222
        when a<b+3 then 333 else 444 end as col3,
       a+b*2+c*3+d*4 as col4,
       a+b*2 as col5,
       (a+b+c+d+e)/5 as col6,
       e as col7
from t1
where d not between 110 and 150
   and b>c
order by col6,col7,col4,col5,col2,col3,col1

# need to check the result later, currently just use ok to skip
onlyif todo
statement ok
select c as col1,
       a as col2,
       case when a<b-3 then 111 when a<=b then 222
        when a<b+3 then 333 else 444 end as col3,
       a+b*2+c*3+d*4 as col4,
       a+b*2 as col5,
       (a+b+c+d+e)/5 as col6,
       e as col7
from t1
where d not between 110 and 150
   and b>c
order by col2,col3,col7,col4,col1,col6,col5

# need to check the result later, currently just use ok to skip
onlyif todo
statement ok
select abs(a) as col1,
       b as col2
from t1
where b>c
order by col2,col1

# need to check the result later, currently just use ok to skip
onlyif todo
statement ok
select abs(a) as col1,
       b as col2
from t1
where b>c
order by col2,col1

# need to check the result later, currently just use ok to skip
onlyif todo
statement ok
select case a+1 when b then 111 when c then 222
        when d then 333  when e then 444 else 555 end as col1,
       (a+b+c+d+e)/5 as col2
from t1
where exists(select 1 from t1 as x where x.b<t1.b)
   and (e>a and e<b)
order by col2,col1

# need to check the result later, currently just use ok to skip
onlyif todo
statement ok
select case a+1 when b then 111 when c then 222
        when d then 333  when e then 444 else 555 end as col1,
       (a+b+c+d+e)/5 as col2
from t1
where exists(select 1 from t1 as x where x.b<t1.b)
   and (e>a and e<b)
order by col1,col2

# need to check the result later, currently just use ok to skip
onlyif todo
statement ok
select case a+1 when b then 111 when c then 222
        when d then 333  when e then 444 else 555 end as col1,
       (a+b+c+d+e)/5 as col2
from t1
where (e>a and e<b)
   and exists(select 1 from t1 as x where x.b<t1.b)
order by col2,col1

# need to check the result later, currently just use ok to skip
onlyif todo
statement ok
select case a+1 when b then 111 when c then 222
        when d then 333  when e then 444 else 555 end as col1,
       (a+b+c+d+e)/5 as col2
from t1
where (e>a and e<b)
   and exists(select 1 from t1 as x where x.b<t1.b)
order by col2,col1

# need to check the result later, currently just use ok to skip
onlyif todo
statement ok
select d as col1,
       case when a<b-3 then 111 when a<=b then 222
        when a<b+3 then 333 else 444 end as col2
from t1
where b>c
    or (c<=d-2 or c>=d+2)
    or c between b-2 and d+2
order by col2,col1

# need to check the result later, currently just use ok to skip
onlyif todo
statement ok
select d as col1,
       case when a<b-3 then 111 when a<=b then 222
        when a<b+3 then 333 else 444 end as col2
from t1
where b>c
    or (c<=d-2 or c>=d+2)
    or c between b-2 and d+2
order by col1,col2

# need to check the result later, currently just use ok to skip
onlyif todo
statement ok
select d as col1,
       case when a<b-3 then 111 when a<=b then 222
        when a<b+3 then 333 else 444 end as col2
from t1
where b>c
    or c between b-2 and d+2
    or (c<=d-2 or c>=d+2)
order by col2,col1

# need to check the result later, currently just use ok to skip
onlyif todo
statement ok
select d as col1,
       case when a<b-3 then 111 when a<=b then 222
        when a<b+3 then 333 else 444 end as col2
from t1
where b>c
    or c between b-2 and d+2
    or (c<=d-2 or c>=d+2)
order by col2,col1

# need to check the result later, currently just use ok to skip
onlyif todo
statement ok
select d as col1,
       case when a<b-3 then 111 when a<=b then 222
        when a<b+3 then 333 else 444 end as col2
from t1
where (c<=d-2 or c>=d+2)
    or c between b-2 and d+2
    or b>c
order by col2,col1

# need to check the result later, currently just use ok to skip
onlyif todo
statement ok
select d as col1,
       case when a<b-3 then 111 when a<=b then 222
        when a<b+3 then 333 else 444 end as col2
from t1
where (c<=d-2 or c>=d+2)
    or c between b-2 and d+2
    or b>c
order by col2,col1

# need to check the result later, currently just use ok to skip
onlyif todo
statement ok
select c as col1
from t1
where (a>b-2 and a<b+2)
   and e+d between a+b-10 and c+130
order by col1

# need to check the result later, currently just use ok to skip
onlyif todo
statement ok
select c as col1
from t1
where (a>b-2 and a<b+2)
   and e+d between a+b-10 and c+130
order by col1

# need to check the result later, currently just use ok to skip
onlyif todo
statement ok
select c as col1
from t1
where e+d between a+b-10 and c+130
   and (a>b-2 and a<b+2)
order by col1

# need to check the result later, currently just use ok to skip
onlyif todo
statement ok
select c as col1
from t1
where e+d between a+b-10 and c+130
   and (a>b-2 and a<b+2)
order by col1

# need to check the result later, currently just use ok to skip
onlyif todo
statement ok
select case when c>(select avg(c) from t1) then a*2 else b*10 end as col1,
       (select count(*) from t1 as x where x.b<t1.b) as col2,
       case a+1 when b then 111 when c then 222
        when d then 333  when e then 444 else 555 end as col3,
       (select count(*) from t1 as x where x.c>t1.c and x.d<t1.d) as col4,
       c-d as col5,
       d-e as col6
from t1
where (a>b-2 and a<b+2)
    or b>c
    or (c<=d-2 or c>=d+2)
order by col6,col4,col5,col2,col3,col1

# need to check the result later, currently just use ok to skip
onlyif todo
statement ok
select case when c>(select avg(c) from t1) then a*2 else b*10 end as col1,
       (select count(*) from t1 as x where x.b<t1.b) as col2,
       case a+1 when b then 111 when c then 222
        when d then 333  when e then 444 else 555 end as col3,
       (select count(*) from t1 as x where x.c>t1.c and x.d<t1.d) as col4,
       c-d as col5,
       d-e as col6
from t1
where (a>b-2 and a<b+2)
    or b>c
    or (c<=d-2 or c>=d+2)
order by col6,col3,col1,col4,col5,col2

# need to check the result later, currently just use ok to skip
onlyif todo
statement ok
select case when c>(select avg(c) from t1) then a*2 else b*10 end as col1,
       (select count(*) from t1 as x where x.b<t1.b) as col2,
       case a+1 when b then 111 when c then 222
        when d then 333  when e then 444 else 555 end as col3,
       (select count(*) from t1 as x where x.c>t1.c and x.d<t1.d) as col4,
       c-d as col5,
       d-e as col6
from t1
where b>c
    or (a>b-2 and a<b+2)
    or (c<=d-2 or c>=d+2)
order by col6,col4,col5,col2,col3,col1

# need to check the result later, currently just use ok to skip
onlyif todo
statement ok
select case when c>(select avg(c) from t1) then a*2 else b*10 end as col1,
       (select count(*) from t1 as x where x.b<t1.b) as col2,
       case a+1 when b then 111 when c then 222
        when d then 333  when e then 444 else 555 end as col3,
       (select count(*) from t1 as x where x.c>t1.c and x.d<t1.d) as col4,
       c-d as col5,
       d-e as col6
from t1
where b>c
    or (a>b-2 and a<b+2)
    or (c<=d-2 or c>=d+2)
order by col2,col6,col4,col3,col1,col5

# need to check the result later, currently just use ok to skip
onlyif todo
statement ok
select case when c>(select avg(c) from t1) then a*2 else b*10 end as col1,
       (select count(*) from t1 as x where x.b<t1.b) as col2,
       case a+1 when b then 111 when c then 222
        when d then 333  when e then 444 else 555 end as col3,
       (select count(*) from t1 as x where x.c>t1.c and x.d<t1.d) as col4,
       c-d as col5,
       d-e as col6
from t1
where (a>b-2 and a<b+2)
    or (c<=d-2 or c>=d+2)
    or b>c
order by col6,col4,col5,col2,col3,col1

# need to check the result later, currently just use ok to skip
onlyif todo
statement ok
select case when c>(select avg(c) from t1) then a*2 else b*10 end as col1,
       (select count(*) from t1 as x where x.b<t1.b) as col2,
       case a+1 when b then 111 when c then 222
        when d then 333  when e then 444 else 555 end as col3,
       (select count(*) from t1 as x where x.c>t1.c and x.d<t1.d) as col4,
       c-d as col5,
       d-e as col6
from t1
where (a>b-2 and a<b+2)
    or (c<=d-2 or c>=d+2)
    or b>c
order by col2,col4,col5,col3,col6,col1

# need to check the result later, currently just use ok to skip
onlyif todo
statement ok
select a+b*2+c*3+d*4+e*5 as col1,
       c-d as col2,
       case when a<b-3 then 111 when a<=b then 222
        when a<b+3 then 333 else 444 end as col3,
       d-e as col4,
       a+b*2 as col5,
       a as col6
from t1
where a>b
   and (e>a and e<b)
order by col6,col4,col5,col2,col3,col1

# need to check the result later, currently just use ok to skip
onlyif todo
statement ok
select a+b*2+c*3+d*4+e*5 as col1,
       c-d as col2,
       case when a<b-3 then 111 when a<=b then 222
        when a<b+3 then 333 else 444 end as col3,
       d-e as col4,
       a+b*2 as col5,
       a as col6
from t1
where a>b
   and (e>a and e<b)
order by col3,col4,col6,col5,col2,col1

query III
select a+b*2 as col1,
       a+b*2+c*3+d*4+e*5 as col2,
       b as col3
from t1
order by col2,col3,col1
----
317 1612 105
385 1902 129
391 1985 130
416 2046 139
428 2131 143
483 2432 160
514 2579 170
544 2728 181
560 2806 186
579 2878 194
595 2949 198
635 3175 211
652 3260 218
666 3331 223
685 3399 228
698 3473 232
743 3706 249
NULL NULL 112
369 NULL 124
439 NULL 145
455 NULL 151
475 NULL 158
502 NULL 167
529 NULL 175
NULL NULL 206
711 NULL 236
723 NULL 240
NULL NULL NULL
NULL NULL NULL
NULL NULL NULL

query III
select a+b*2 as col1,
       a+b*2+c*3+d*4+e*5 as col2,
       b as col3
from t1
order by col1,col2,col3
----
317 1612 105
369 NULL 124
385 1902 129
391 1985 130
416 2046 139
428 2131 143
439 NULL 145
455 NULL 151
475 NULL 158
483 2432 160
502 NULL 167
514 2579 170
529 NULL 175
544 2728 181
560 2806 186
579 2878 194
595 2949 198
635 3175 211
652 3260 218
666 3331 223
685 3399 228
698 3473 232
711 NULL 236
723 NULL 240
743 3706 249
NULL NULL 112
NULL NULL 206
NULL NULL NULL
NULL NULL NULL
NULL NULL NULL

# need to check the result later, currently just use ok to skip
onlyif todo
statement ok
select a+b*2+c*3+d*4 as col1,
       d-e as col2,
       c-d as col3,
       case when c>(select avg(c) from t1) then a*2 else b*10 end as col4,
       a as col5
from t1
where d not between 110 and 150
    or exists(select 1 from t1 as x where x.b<t1.b)
order by col4,col5,col2,col3,col1

# need to check the result later, currently just use ok to skip
onlyif todo
statement ok
select a+b*2+c*3+d*4 as col1,
       d-e as col2,
       c-d as col3,
       case when c>(select avg(c) from t1) then a*2 else b*10 end as col4,
       a as col5
from t1
where d not between 110 and 150
    or exists(select 1 from t1 as x where x.b<t1.b)
order by col2,col3,col5,col4,col1

# need to check the result later, currently just use ok to skip
onlyif todo
statement ok
select a+b*2+c*3 as col1,
       a+b*2+c*3+d*4+e*5 as col2,
       (select count(*) from t1 as x where x.b<t1.b) as col3,
       d as col4,
       a as col5,
       a+b*2+c*3+d*4 as col6,
       (select count(*) from t1 as x where x.c>t1.c and x.d<t1.d) as col7
from t1
where (e>a and e<b)
   and (a>b-2 and a<b+2)
order by col6,col7,col4,col5,col2,col3,col1

# need to check the result later, currently just use ok to skip
onlyif todo
statement ok
select a+b*2+c*3 as col1,
       a+b*2+c*3+d*4+e*5 as col2,
       (select count(*) from t1 as x where x.b<t1.b) as col3,
       d as col4,
       a as col5,
       a+b*2+c*3+d*4 as col6,
       (select count(*) from t1 as x where x.c>t1.c and x.d<t1.d) as col7
from t1
where (e>a and e<b)
   and (a>b-2 and a<b+2)
order by col5,col7,col6,col2,col4,col3,col1

query IIII
select case when c>avg_c then a*2 else b*10 end as col1,
       b as col2,
       a-b as col3,
       case when a<b-3 then 111 when a<=b then 222
        when a<b+3 then 333 else 444 end as col4
from (
 select a, b, c, d, e, avg_c
 from (
  select avg(c) as avg_c from t1
 ) as Q cross join (select a, b, c, d, e from t1) as R
)
where e+d between a+b-10 and c+130
order by col4,col2,col3,col1
----
1290 129 -2 222
1050 105 2 333

query IIII
select case when c>avg_c then a*2 else b*10 end as col1,
       b as col2,
       a-b as col3,
       case when a<b-3 then 111 when a<=b then 222
        when a<b+3 then 333 else 444 end as col4
from (
 select a, b, c, d, e, avg_c
 from (
  select avg(c) as avg_c from t1
 ) as Q cross join (select a, b, c, d, e from t1) as R
)
where e+d between a+b-10 and c+130
order by col2,col4,col3,col1
----
1050 105 2 333
1290 129 -2 222

# need to check the result later, currently just use ok to skip
onlyif todo
statement ok
select a+b*2+c*3+d*4+e*5 as col1,
       abs(a) as col2,
       (select count(*) from t1 as x where x.c>t1.c and x.d<t1.d) as col3,
       a as col4,
       c as col5,
       case when a<b-3 then 111 when a<=b then 222
        when a<b+3 then 333 else 444 end as col6
from t1
order by col6,col4,col5,col2,col3,col1

# need to check the result later, currently just use ok to skip
onlyif todo
statement ok
select a+b*2+c*3+d*4+e*5 as col1,
       abs(a) as col2,
       (select count(*) from t1 as x where x.c>t1.c and x.d<t1.d) as col3,
       a as col4,
       c as col5,
       case when a<b-3 then 111 when a<=b then 222
        when a<b+3 then 333 else 444 end as col6
from t1
order by col2,col3,col4,col6,col1,col5

# need to check the result later, currently just use ok to skip
onlyif todo
statement ok
select c as col1,
       d-e as col2,
       a+b*2+c*3+d*4+e*5 as col3,
       abs(a) as col4,
       a as col5,
       a-b as col6,
       case when a<b-3 then 111 when a<=b then 222
        when a<b+3 then 333 else 444 end as col7
from t1
where (e>a and e<b)
   and e+d between a+b-10 and c+130
order by col6,col7,col4,col5,col2,col3,col1

# need to check the result later, currently just use ok to skip
onlyif todo
statement ok
select c as col1,
       d-e as col2,
       a+b*2+c*3+d*4+e*5 as col3,
       abs(a) as col4,
       a as col5,
       a-b as col6,
       case when a<b-3 then 111 when a<=b then 222
        when a<b+3 then 333 else 444 end as col7
from t1
where (e>a and e<b)
   and e+d between a+b-10 and c+130
order by col1,col6,col7,col3,col4,col5,col2

# need to check the result later, currently just use ok to skip
onlyif todo
statement ok
select a+b*2+c*3+d*4 as col1,
       (a+b+c+d+e)/5 as col2,
       (select count(*) from t1 as x where x.b<t1.b) as col3,
       b-c as col4,
       a as col5
from t1
order by col4,col5,col2,col3,col1

# need to check the result later, currently just use ok to skip
onlyif todo
statement ok
select a+b*2+c*3+d*4 as col1,
       (a+b+c+d+e)/5 as col2,
       (select count(*) from t1 as x where x.b<t1.b) as col3,
       b-c as col4,
       a as col5
from t1
order by col2,col1,col3,col5,col4

# need to check the result later, currently just use ok to skip
onlyif todo
statement ok
select abs(b-c) as col1,
       (select count(*) from t1 as x where x.b<t1.b) as col2,
       d as col3,
       b-c as col4,
       case when c>(select avg(c) from t1) then a*2 else b*10 end as col5
from t1
where d not between 110 and 150
   and (e>a and e<b)
order by col4,col5,col2,col3,col1

# need to check the result later, currently just use ok to skip
onlyif todo
statement ok
select abs(b-c) as col1,
       (select count(*) from t1 as x where x.b<t1.b) as col2,
       d as col3,
       b-c as col4,
       case when c>(select avg(c) from t1) then a*2 else b*10 end as col5
from t1
where d not between 110 and 150
   and (e>a and e<b)
order by col2,col1,col4,col5,col3

# need to check the result later, currently just use ok to skip
onlyif todo
statement ok
select abs(b-c) as col1,
       (select count(*) from t1 as x where x.b<t1.b) as col2,
       d as col3,
       b-c as col4,
       case when c>(select avg(c) from t1) then a*2 else b*10 end as col5
from t1
where (e>a and e<b)
   and d not between 110 and 150
order by col4,col5,col2,col3,col1

# need to check the result later, currently just use ok to skip
onlyif todo
statement ok
select abs(b-c) as col1,
       (select count(*) from t1 as x where x.b<t1.b) as col2,
       d as col3,
       b-c as col4,
       case when c>(select avg(c) from t1) then a*2 else b*10 end as col5
from t1
where (e>a and e<b)
   and d not between 110 and 150
order by col1,col5,col4,col2,col3

# need to check the result later, currently just use ok to skip
onlyif todo
statement ok
select e as col1,
       b as col2,
       case a+1 when b then 111 when c then 222
        when d then 333  when e then 444 else 555 end as col3,
       a as col4
from t1
where e+d between a+b-10 and c+130
    or exists(select 1 from t1 as x where x.b<t1.b)
order by col4,col2,col3,col1

# need to check the result later, currently just use ok to skip
onlyif todo
statement ok
select e as col1,
       b as col2,
       case a+1 when b then 111 when c then 222
        when d then 333  when e then 444 else 555 end as col3,
       a as col4
from t1
where e+d between a+b-10 and c+130
    or exists(select 1 from t1 as x where x.b<t1.b)
order by col3,col4,col1,col2

# need to check the result later, currently just use ok to skip
onlyif todo
statement ok
select e as col1,
       b as col2,
       case a+1 when b then 111 when c then 222
        when d then 333  when e then 444 else 555 end as col3,
       a as col4
from t1
where exists(select 1 from t1 as x where x.b<t1.b)
    or e+d between a+b-10 and c+130
order by col4,col2,col3,col1

# need to check the result later, currently just use ok to skip
onlyif todo
statement ok
select e as col1,
       b as col2,
       case a+1 when b then 111 when c then 222
        when d then 333  when e then 444 else 555 end as col3,
       a as col4
from t1
where exists(select 1 from t1 as x where x.b<t1.b)
    or e+d between a+b-10 and c+130
order by col2,col3,col4,col1

query IIIII
select abs(b-c) as col1,
       b-c as col2,
       c-d as col3,
       a+b*2+c*3+d*4 as col4,
       case when c>avg_c then a*2 else b*10 end as col5
from (
 select a, b, c, d, e, avg_c
 from (
  select avg(c) as avg_c from t1
 ) as Q cross join (select a, b, c, d, e from t1) as R
)
order by col4,col5,col2,col3,col1
----
1 -1 -2 1067 1050
1 1 1 1226 1240
4 4 -3 1272 1290
4 -4 1 1325 1300
2 2 1 1371 1390
2 2 1 1411 1430
1 -1 -3 1622 1600
2 -2 1 1714 1700
3 -3 1 1828 364
1 -1 2 1861 376
1 1 3 1918 382
3 3 -1 1964 398
3 -3 2 2125 426
3 3 -2 2165 432
1 -1 2 2226 440
3 3 -1 2264 458
1 1 -2 2323 468
2 2 -1 2476 490
1 -1 NULL NULL 358
NULL NULL -1 NULL 402
4 -4 NULL NULL 486
1 -1 -1 NULL 1120
2 -2 NULL NULL 1450
1 1 NULL NULL 1510
3 3 NULL NULL 1580
1 1 NULL NULL 1670
NULL NULL NULL NULL 2360
2 -2 1 NULL NULL
NULL NULL 1 NULL NULL
NULL NULL 3 NULL NULL

query IIIII
select abs(b-c) as col1,
       b-c as col2,
       c-d as col3,
       a+b*2+c*3+d*4 as col4,
       case when c>avg_c then a*2 else b*10 end as col5
from (
 select a, b, c, d, e, avg_c
 from (
  select avg(c) as avg_c from t1
 ) as Q cross join (select a, b, c, d, e from t1) as R
)
order by col1,col4,col2,col5,col3
----
1 -1 -2 1067 1050
1 1 1 1226 1240
1 -1 -3 1622 1600
1 -1 2 1861 376
1 1 3 1918 382
1 -1 2 2226 440
1 1 -2 2323 468
1 -1 NULL NULL 358
1 -1 -1 NULL 1120
1 1 NULL NULL 1510
1 1 NULL NULL 1670
2 2 1 1371 1390
2 2 1 1411 1430
2 -2 1 1714 1700
2 2 -1 2476 490
2 -2 NULL NULL 1450
2 -2 1 NULL NULL
3 -3 1 1828 364
3 3 -1 1964 398
3 -3 2 2125 426
3 3 -2 2165 432
3 3 -1 2264 458
3 3 NULL NULL 1580
4 4 -3 1272 1290
4 -4 1 1325 1300
4 -4 NULL NULL 486
NULL NULL -1 NULL 402
NULL NULL NULL NULL 2360
NULL NULL 1 NULL NULL
NULL NULL 3 NULL NULL

# need to check the result later, currently just use ok to skip
onlyif todo
statement ok
select b-c as col1,
       c as col2,
       case a+1 when b then 111 when c then 222
        when d then 333  when e then 444 else 555 end as col3
from t1
where (a>b-2 and a<b+2)
    or (e>c or e<d)
order by col2,col3,col1

# need to check the result later, currently just use ok to skip
onlyif todo
statement ok
select b-c as col1,
       c as col2,
       case a+1 when b then 111 when c then 222
        when d then 333  when e then 444 else 555 end as col3
from t1
where (a>b-2 and a<b+2)
    or (e>c or e<d)
order by col3,col1,col2

# need to check the result later, currently just use ok to skip
onlyif todo
statement ok
select b-c as col1,
       c as col2,
       case a+1 when b then 111 when c then 222
        when d then 333  when e then 444 else 555 end as col3
from t1
where (e>c or e<d)
    or (a>b-2 and a<b+2)
order by col2,col3,col1

# need to check the result later, currently just use ok to skip
onlyif todo
statement ok
select b-c as col1,
       c as col2,
       case a+1 when b then 111 when c then 222
        when d then 333  when e then 444 else 555 end as col3
from t1
where (e>c or e<d)
    or (a>b-2 and a<b+2)
order by col1,col3,col2

# need to check the result later, currently just use ok to skip
onlyif todo
statement ok
select d as col1,
       c as col2,
       a+b*2 as col3,
       abs(b-c) as col4,
       abs(a) as col5,
       c-d as col6,
       case a+1 when b then 111 when c then 222
        when d then 333  when e then 444 else 555 end as col7
from t1
where (a>b-2 and a<b+2)
order by col6,col7,col4,col5,col2,col3,col1

# need to check the result later, currently just use ok to skip
onlyif todo
statement ok
select d as col1,
       c as col2,
       a+b*2 as col3,
       abs(b-c) as col4,
       abs(a) as col5,
       c-d as col6,
       case a+1 when b then 111 when c then 222
        when d then 333  when e then 444 else 555 end as col7
from t1
where (a>b-2 and a<b+2)
order by col4,col2,col6,col7,col5,col3,col1

# need to check the result later, currently just use ok to skip
onlyif todo
statement ok
select d-e as col1,
       a as col2,
       b as col3
from t1
where d not between 110 and 150
   and (e>a and e<b)
order by col2,col3,col1

# need to check the result later, currently just use ok to skip
onlyif todo
statement ok
select d-e as col1,
       a as col2,
       b as col3
from t1
where d not between 110 and 150
   and (e>a and e<b)
order by col3,col1,col2

# need to check the result later, currently just use ok to skip
onlyif todo
statement ok
select d-e as col1,
       a as col2,
       b as col3
from t1
where (e>a and e<b)
   and d not between 110 and 150
order by col2,col3,col1

# need to check the result later, currently just use ok to skip
onlyif todo
statement ok
select d-e as col1,
       a as col2,
       b as col3
from t1
where (e>a and e<b)
   and d not between 110 and 150
order by col2,col3,col1

# need to check the result later, currently just use ok to skip
onlyif todo
statement ok
select (select count(*) from t1 as x where x.b<t1.b) as col1,
       case a+1 when b then 111 when c then 222
        when d then 333  when e then 444 else 555 end as col2,
       a+b*2 as col3,
       d-e as col4,
       d as col5
from t1
where b>c
order by col4,col5,col2,col3,col1

# need to check the result later, currently just use ok to skip
onlyif todo
statement ok
select (select count(*) from t1 as x where x.b<t1.b) as col1,
       case a+1 when b then 111 when c then 222
        when d then 333  when e then 444 else 555 end as col2,
       a+b*2 as col3,
       d-e as col4,
       d as col5
from t1
where b>c
order by col4,col2,col5,col3,col1

# need to check the result later, currently just use ok to skip
onlyif todo
statement ok
select (a+b+c+d+e)/5 as col1,
       a+b*2+c*3 as col2,
       a+b*2+c*3+d*4+e*5 as col3,
       (select count(*) from t1 as x where x.b<t1.b) as col4,
       (select count(*) from t1 as x where x.c>t1.c and x.d<t1.d) as col5,
       e as col6,
       b-c as col7
from t1
where (e>a and e<b)
order by col6,col7,col4,col5,col2,col3,col1

# need to check the result later, currently just use ok to skip
onlyif todo
statement ok
select (a+b+c+d+e)/5 as col1,
       a+b*2+c*3 as col2,
       a+b*2+c*3+d*4+e*5 as col3,
       (select count(*) from t1 as x where x.b<t1.b) as col4,
       (select count(*) from t1 as x where x.c>t1.c and x.d<t1.d) as col5,
       e as col6,
       b-c as col7
from t1
where (e>a and e<b)
order by col5,col7,col4,col3,col1,col6,col2

query I
select e as col1
from t1
where (a>b-2 and a<b+2)
    or a>b
order by col1
----
109
132
135
144
146
157
162
165
173
177
180
189
197
210
227
230
237
NULL
NULL

query I
select e as col1
from t1
where (a>b-2 and a<b+2)
    or a>b
order by col1
----
109
132
135
144
146
157
162
165
173
177
180
189
197
210
227
230
237
NULL
NULL

query I
select e as col1
from t1
where a>b
    or (a>b-2 and a<b+2)
order by col1
----
109
132
135
144
146
157
162
165
173
177
180
189
197
210
227
230
237
NULL
NULL

query I
select e as col1
from t1
where a>b
    or (a>b-2 and a<b+2)
order by col1
----
109
132
135
144
146
157
162
165
173
177
180
189
197
210
227
230
237
NULL
NULL

# need to check the result later, currently just use ok to skip
onlyif todo
statement ok
select c-d as col1
from t1
where a>b
    or d>e
    or c between b-2 and d+2
order by col1

# need to check the result later, currently just use ok to skip
onlyif todo
statement ok
select c-d as col1
from t1
where a>b
    or d>e
    or c between b-2 and d+2
order by col1

# need to check the result later, currently just use ok to skip
onlyif todo
statement ok
select c-d as col1
from t1
where c between b-2 and d+2
    or d>e
    or a>b
order by col1

# need to check the result later, currently just use ok to skip
onlyif todo
statement ok
select c-d as col1
from t1
where c between b-2 and d+2
    or d>e
    or a>b
order by col1

# need to check the result later, currently just use ok to skip
onlyif todo
statement ok
select c-d as col1
from t1
where a>b
    or c between b-2 and d+2
    or d>e
order by col1

# need to check the result later, currently just use ok to skip
onlyif todo
statement ok
select c-d as col1
from t1
where a>b
    or c between b-2 and d+2
    or d>e
order by col1

query I
select a+b*2+c*3+d*4 as col1
from t1
order by col1
----
1067
1226
1272
1325
1371
1411
1622
1714
1828
1861
1918
1964
2125
2165
2226
2264
2323
2476
NULL
NULL
NULL
NULL
NULL
NULL
NULL
NULL
NULL
NULL
NULL
NULL

query I
select a+b*2+c*3+d*4 as col1
from t1
order by col1
----
1067
1226
1272
1325
1371
1411
1622
1714
1828
1861
1918
1964
2125
2165
2226
2264
2323
2476
NULL
NULL
NULL
NULL
NULL
NULL
NULL
NULL
NULL
NULL
NULL
NULL

# need to check the result later, currently just use ok to skip
onlyif todo
statement ok
select c as col1,
       (select count(*) from t1 as x where x.b<t1.b) as col2,
       case a+1 when b then 111 when c then 222
        when d then 333  when e then 444 else 555 end as col3,
       a as col4,
       a+b*2 as col5
from t1
where c between b-2 and d+2
order by col4,col5,col2,col3,col1

# need to check the result later, currently just use ok to skip
onlyif todo
statement ok
select c as col1,
       (select count(*) from t1 as x where x.b<t1.b) as col2,
       case a+1 when b then 111 when c then 222
        when d then 333  when e then 444 else 555 end as col3,
       a as col4,
       a+b*2 as col5
from t1
where c between b-2 and d+2
order by col2,col1,col4,col5,col3

# need to check the result later, currently just use ok to skip
onlyif todo
statement ok
select abs(a) as col1,
       (a+b+c+d+e)/5 as col2,
       a+b*2+c*3+d*4+e*5 as col3,
       case a+1 when b then 111 when c then 222
        when d then 333  when e then 444 else 555 end as col4,
       (select count(*) from t1 as x where x.b<t1.b) as col5,
       case when c>(select avg(c) from t1) then a*2 else b*10 end as col6
from t1
where d>e
order by col6,col4,col5,col2,col3,col1

# need to check the result later, currently just use ok to skip
onlyif todo
statement ok
select abs(a) as col1,
       (a+b+c+d+e)/5 as col2,
       a+b*2+c*3+d*4+e*5 as col3,
       case a+1 when b then 111 when c then 222
        when d then 333  when e then 444 else 555 end as col4,
       (select count(*) from t1 as x where x.b<t1.b) as col5,
       case when c>(select avg(c) from t1) then a*2 else b*10 end as col6
from t1
where d>e
order by col2,col4,col5,col1,col3,col6

query IIIIIII
select abs(b-c) as col1,
       b-c as col2,
       a+b*2+c*3 as col3,
       a-b as col4,
       e as col5,
       a+b*2 as col6,
       case when c>avg_c then a*2 else b*10 end as col7
from (
 select a, b, c, d, e, avg_c
 from (
  select avg(c) as avg_c from t1
 ) as Q cross join (select a, b, c, d, e from t1) as R
)
where e+d between a+b-10 and c+130
    or (e>c or e<d)
order by col6,col7,col4,col5,col2,col3,col1
----
1 -1 635 2 109 317 1050
4 4 760 -2 126 385 1290
4 -4 793 1 132 391 1300
2 2 827 -1 135 416 1390
2 2 851 -1 144 428 1430
3 3 940 1 157 475 1580
1 -1 966 3 162 483 1600
2 -2 1030 4 173 514 1700
1 -1 1057 4 177 529 358
3 -3 1096 1 180 544 364
1 -1 1121 2 189 560 376
3 3 1180 1 197 595 398
3 -3 1277 2 210 635 426
3 3 1297 -2 219 652 432
1 -1 1338 -3 221 666 440
3 3 1360 1 227 685 458
1 1 1391 2 230 698 468
NULL NULL NULL 3 237 711 2360
2 2 1484 -4 246 743 490
NULL NULL NULL NULL 204 NULL 402
1 -1 NULL NULL 110 NULL 1120

query IIIIIII
select abs(b-c) as col1,
       b-c as col2,
       a+b*2+c*3 as col3,
       a-b as col4,
       e as col5,
       a+b*2 as col6,
       case when c>avg_c then a*2 else b*10 end as col7
from (
 select a, b, c, d, e, avg_c
 from (
  select avg(c) as avg_c from t1
 ) as Q cross join (select a, b, c, d, e from t1) as R
)
where e+d between a+b-10 and c+130
    or (e>c or e<d)
order by col7,col6,col4,col3,col1,col5,col2
----
1 -1 1057 4 177 529 358
3 -3 1096 1 180 544 364
1 -1 1121 2 189 560 376
3 3 1180 1 197 595 398
NULL NULL NULL NULL 204 NULL 402
3 -3 1277 2 210 635 426
3 3 1297 -2 219 652 432
1 -1 1338 -3 221 666 440
3 3 1360 1 227 685 458
1 1 1391 2 230 698 468
2 2 1484 -4 246 743 490
1 -1 635 2 109 317 1050
1 -1 NULL NULL 110 NULL 1120
4 4 760 -2 126 385 1290
4 -4 793 1 132 391 1300
2 2 827 -1 135 416 1390
2 2 851 -1 144 428 1430
3 3 940 1 157 475 1580
1 -1 966 3 162 483 1600
2 -2 1030 4 173 514 1700
NULL NULL NULL 3 237 711 2360

query IIIIIII
select abs(b-c) as col1,
       b-c as col2,
       a+b*2+c*3 as col3,
       a-b as col4,
       e as col5,
       a+b*2 as col6,
       case when c>avg_c then a*2 else b*10 end as col7
from (
 select a, b, c, d, e, avg_c
 from (
  select avg(c) as avg_c from t1
 ) as Q cross join (select a, b, c, d, e from t1) as R
)
where (e>c or e<d)
    or e+d between a+b-10 and c+130
order by col6,col7,col4,col5,col2,col3,col1
----
1 -1 635 2 109 317 1050
4 4 760 -2 126 385 1290
4 -4 793 1 132 391 1300
2 2 827 -1 135 416 1390
2 2 851 -1 144 428 1430
3 3 940 1 157 475 1580
1 -1 966 3 162 483 1600
2 -2 1030 4 173 514 1700
1 -1 1057 4 177 529 358
3 -3 1096 1 180 544 364
1 -1 1121 2 189 560 376
3 3 1180 1 197 595 398
3 -3 1277 2 210 635 426
3 3 1297 -2 219 652 432
1 -1 1338 -3 221 666 440
3 3 1360 1 227 685 458
1 1 1391 2 230 698 468
NULL NULL NULL 3 237 711 2360
2 2 1484 -4 246 743 490
NULL NULL NULL NULL 204 NULL 402
1 -1 NULL NULL 110 NULL 1120

query IIIIIII
select abs(b-c) as col1,
       b-c as col2,
       a+b*2+c*3 as col3,
       a-b as col4,
       e as col5,
       a+b*2 as col6,
       case when c>avg_c then a*2 else b*10 end as col7
from (
 select a, b, c, d, e, avg_c
 from (
  select avg(c) as avg_c from t1
 ) as Q cross join (select a, b, c, d, e from t1) as R
)
where (e>c or e<d)
    or e+d between a+b-10 and c+130
order by col7,col5,col6,col1,col4,col3,col2
----
1 -1 1057 4 177 529 358
3 -3 1096 1 180 544 364
1 -1 1121 2 189 560 376
3 3 1180 1 197 595 398
NULL NULL NULL NULL 204 NULL 402
3 -3 1277 2 210 635 426
3 3 1297 -2 219 652 432
1 -1 1338 -3 221 666 440
3 3 1360 1 227 685 458
1 1 1391 2 230 698 468
2 2 1484 -4 246 743 490
1 -1 635 2 109 317 1050
1 -1 NULL NULL 110 NULL 1120
4 4 760 -2 126 385 1290
4 -4 793 1 132 391 1300
2 2 827 -1 135 416 1390
2 2 851 -1 144 428 1430
3 3 940 1 157 475 1580
1 -1 966 3 162 483 1600
2 -2 1030 4 173 514 1700
NULL NULL NULL 3 237 711 2360

query FIII
select (a+b+c+d+e)/5 as col1,
       d as col2,
       e as col3,
       a+b*2 as col4
from t1
order by col4,col2,col3,col1
----
107.0 108 109 317
NULL 122 NULL 369
127.0 128 126 385
132.0 133 132 391
137.0 136 135 416
142.0 140 144 428
NULL NULL 146 439
NULL NULL NULL 455
NULL NULL 157 475
162.0 164 162 483
NULL NULL 165 502
172.0 171 173 514
NULL NULL 177 529
182.0 183 180 544
187.0 185 189 560
192.0 190 192 579
197.0 196 197 595
212.0 212 210 635
217.0 217 219 652
222.0 222 221 666
227.0 226 227 685
232.0 233 230 698
NULL 238 237 711
NULL NULL NULL 723
247.0 248 246 743
NULL 101 NULL NULL
NULL 114 110 NULL
NULL 116 117 NULL
NULL 203 204 NULL
NULL 207 NULL NULL

query FIII
select (a+b+c+d+e)/5 as col1,
       d as col2,
       e as col3,
       a+b*2 as col4
from t1
order by col1,col2,col4,col3
----
107.0 108 109 317
127.0 128 126 385
132.0 133 132 391
137.0 136 135 416
142.0 140 144 428
162.0 164 162 483
172.0 171 173 514
182.0 183 180 544
187.0 185 189 560
192.0 190 192 579
197.0 196 197 595
212.0 212 210 635
217.0 217 219 652
222.0 222 221 666
227.0 226 227 685
232.0 233 230 698
247.0 248 246 743
NULL 101 NULL NULL
NULL 114 110 NULL
NULL 116 117 NULL
NULL 122 NULL 369
NULL 203 204 NULL
NULL 207 NULL NULL
NULL 238 237 711
NULL NULL 146 439
NULL NULL NULL 455
NULL NULL 157 475
NULL NULL 165 502
NULL NULL 177 529
NULL NULL NULL 723

# need to check the result later, currently just use ok to skip
onlyif todo
statement ok
select case a+1 when b then 111 when c then 222
        when d then 333  when e then 444 else 555 end as col1,
       c as col2
from t1
where exists(select 1 from t1 as x where x.b<t1.b)
   and b>c
   and (e>c or e<d)
order by col2,col1

# need to check the result later, currently just use ok to skip
onlyif todo
statement ok
select case a+1 when b then 111 when c then 222
        when d then 333  when e then 444 else 555 end as col1,
       c as col2
from t1
where exists(select 1 from t1 as x where x.b<t1.b)
   and b>c
   and (e>c or e<d)
order by col1,col2

# need to check the result later, currently just use ok to skip
onlyif todo
statement ok
select case a+1 when b then 111 when c then 222
        when d then 333  when e then 444 else 555 end as col1,
       c as col2
from t1
where (e>c or e<d)
   and b>c
   and exists(select 1 from t1 as x where x.b<t1.b)
order by col2,col1

