statement ok
drop table if exists t1 all

statement ok
create table t1(a integer null, b integer null, c integer null, d integer null, e integer null)

statement ok
insert into t1(e,c,b,d,a) values(null,102,null,101,104)

statement ok
insert into t1(a,c,d,e,b) values(107,106,108,109,105)

statement ok
insert into t1(e,d,b,a,c) values(110,114,112,null,113)

statement ok
insert into t1(d,c,e,a,b) values(116,119,117,115,null)

statement ok
insert into t1(c,d,b,e,a) values(123,122,124,null,121)

statement ok
insert into t1(a,d,b,e,c) values(127,128,129,126,125)

statement ok
insert into t1(e,c,a,d,b) values(132,134,131,133,130)

statement ok
insert into t1(a,d,b,e,c) values(138,136,139,135,137)

statement ok
insert into t1(e,c,d,a,b) values(144,141,140,142,143)

statement ok
insert into t1(b,a,e,d,c) values(145,149,146,null,147)

statement ok
insert into t1(b,c,a,d,e) values(151,150,153,null,null)

statement ok
insert into t1(c,e,a,d,b) values(155,157,159,null,158)

statement ok
insert into t1(c,b,a,d,e) values(161,160,163,164,162)

statement ok
insert into t1(b,d,a,e,c) values(167,null,168,165,166)

statement ok
insert into t1(d,b,c,e,a) values(171,170,172,173,174)

statement ok
insert into t1(e,c,a,d,b) values(177,176,179,null,175)

statement ok
insert into t1(b,e,a,d,c) values(181,180,182,183,184)

statement ok
insert into t1(c,a,b,e,d) values(187,188,186,189,185)

statement ok
insert into t1(d,b,c,e,a) values(190,194,193,192,191)

statement ok
insert into t1(a,e,b,d,c) values(199,197,198,196,195)

statement ok
insert into t1(b,c,d,a,e) values(null,202,203,201,204)

statement ok
insert into t1(c,e,a,b,d) values(208,null,null,206,207)

statement ok
insert into t1(c,e,a,d,b) values(214,210,213,212,211)

statement ok
insert into t1(b,c,a,d,e) values(218,215,216,217,219)

statement ok
insert into t1(b,e,d,a,c) values(223,221,222,220,224)

statement ok
insert into t1(d,e,b,a,c) values(226,227,228,229,225)

statement ok
insert into t1(a,c,b,e,d) values(234,231,232,230,233)

statement ok
insert into t1(e,b,a,c,d) values(237,236,239,null,238)

statement ok
insert into t1(e,c,b,a,d) values(null,244,240,243,null)

statement ok
insert into t1(e,d,c,b,a) values(246,248,247,249,245)

# need to check the result later, currently just use ok to skip
onlyif todo
statement ok
select abs(a) as col1,
       b as col2,
       case when c>(select avg(c) from t1) then a*2 else b*10 end as col3,
       a-b as col4,
       e as col5,
       c-d as col6,
       (select count(*) from t1 as x where x.c>t1.c and x.d<t1.d) as col7
from t1
where a>b
    or (e>a and e<b)
order by col6,col7,col4,col5,col2,col3,col1

# need to check the result later, currently just use ok to skip
onlyif todo
statement ok
select abs(a) as col1,
       b as col2,
       case when c>(select avg(c) from t1) then a*2 else b*10 end as col3,
       a-b as col4,
       e as col5,
       c-d as col6,
       (select count(*) from t1 as x where x.c>t1.c and x.d<t1.d) as col7
from t1
where a>b
    or (e>a and e<b)
order by col7,col2,col6,col4,col5,col3,col1

# need to check the result later, currently just use ok to skip
onlyif todo
statement ok
select (select count(*) from t1 as x where x.b<t1.b) as col1,
       abs(a) as col2,
       a+b*2+c*3 as col3,
       b-c as col4,
       (a+b+c+d+e)/5 as col5,
       abs(b-c) as col6,
       c as col7
from t1
where d not between 110 and 150
   and a>b
   and (a>b-2 and a<b+2)
order by col6,col7,col4,col5,col2,col3,col1

# need to check the result later, currently just use ok to skip
onlyif todo
statement ok
select (select count(*) from t1 as x where x.b<t1.b) as col1,
       abs(a) as col2,
       a+b*2+c*3 as col3,
       b-c as col4,
       (a+b+c+d+e)/5 as col5,
       abs(b-c) as col6,
       c as col7
from t1
where d not between 110 and 150
   and a>b
   and (a>b-2 and a<b+2)
order by col1,col5,col6,col7,col4,col2,col3

# need to check the result later, currently just use ok to skip
onlyif todo
statement ok
select (select count(*) from t1 as x where x.b<t1.b) as col1,
       abs(a) as col2,
       a+b*2+c*3 as col3,
       b-c as col4,
       (a+b+c+d+e)/5 as col5,
       abs(b-c) as col6,
       c as col7
from t1
where a>b
   and (a>b-2 and a<b+2)
   and d not between 110 and 150
order by col6,col7,col4,col5,col2,col3,col1

# need to check the result later, currently just use ok to skip
onlyif todo
statement ok
select (select count(*) from t1 as x where x.b<t1.b) as col1,
       abs(a) as col2,
       a+b*2+c*3 as col3,
       b-c as col4,
       (a+b+c+d+e)/5 as col5,
       abs(b-c) as col6,
       c as col7
from t1
where a>b
   and (a>b-2 and a<b+2)
   and d not between 110 and 150
order by col6,col4,col7,col5,col2,col3,col1

# need to check the result later, currently just use ok to skip
onlyif todo
statement ok
select (select count(*) from t1 as x where x.b<t1.b) as col1,
       abs(a) as col2,
       a+b*2+c*3 as col3,
       b-c as col4,
       (a+b+c+d+e)/5 as col5,
       abs(b-c) as col6,
       c as col7
from t1
where d not between 110 and 150
   and (a>b-2 and a<b+2)
   and a>b
order by col6,col7,col4,col5,col2,col3,col1

# need to check the result later, currently just use ok to skip
onlyif todo
statement ok
select (select count(*) from t1 as x where x.b<t1.b) as col1,
       abs(a) as col2,
       a+b*2+c*3 as col3,
       b-c as col4,
       (a+b+c+d+e)/5 as col5,
       abs(b-c) as col6,
       c as col7
from t1
where d not between 110 and 150
   and (a>b-2 and a<b+2)
   and a>b
order by col1,col3,col4,col5,col6,col2,col7

query III
select b as col1,
       case when a<b-3 then 111 when a<=b then 222
        when a<b+3 then 333 else 444 end as col2,
       abs(a) as col3
from t1
order by col2,col3,col1
----
249 111 245
124 222 121
129 222 127
139 222 138
143 222 142
194 222 191
218 222 216
223 222 220
105 333 107
130 333 131
151 333 153
158 333 159
167 333 168
181 333 182
186 333 188
198 333 199
211 333 213
228 333 229
232 333 234
NULL 444 104
NULL 444 115
145 444 149
160 444 163
170 444 174
175 444 179
NULL 444 201
236 444 239
240 444 243
112 444 NULL
206 444 NULL

query III
select b as col1,
       case when a<b-3 then 111 when a<=b then 222
        when a<b+3 then 333 else 444 end as col2,
       abs(a) as col3
from t1
order by col2,col1,col3
----
249 111 245
124 222 121
129 222 127
139 222 138
143 222 142
194 222 191
218 222 216
223 222 220
105 333 107
130 333 131
151 333 153
158 333 159
167 333 168
181 333 182
186 333 188
198 333 199
211 333 213
228 333 229
232 333 234
112 444 NULL
145 444 149
160 444 163
170 444 174
175 444 179
206 444 NULL
236 444 239
240 444 243
NULL 444 104
NULL 444 115
NULL 444 201

# need to check the result later, currently just use ok to skip
onlyif todo
statement ok
select b-c as col1,
       a-b as col2,
       case when c>(select avg(c) from t1) then a*2 else b*10 end as col3,
       b as col4,
       a+b*2+c*3+d*4 as col5,
       (select count(*) from t1 as x where x.c>t1.c and x.d<t1.d) as col6,
       d-e as col7
from t1
order by col6,col7,col4,col5,col2,col3,col1

# need to check the result later, currently just use ok to skip
onlyif todo
statement ok
select b-c as col1,
       a-b as col2,
       case when c>(select avg(c) from t1) then a*2 else b*10 end as col3,
       b as col4,
       a+b*2+c*3+d*4 as col5,
       (select count(*) from t1 as x where x.c>t1.c and x.d<t1.d) as col6,
       d-e as col7
from t1
order by col2,col7,col3,col4,col1,col5,col6

# need to check the result later, currently just use ok to skip
onlyif todo
statement ok
select a+b*2+c*3+d*4+e*5 as col1,
       (select count(*) from t1 as x where x.b<t1.b) as col2,
       d-e as col3,
       abs(a) as col4,
       b as col5
from t1
order by col4,col5,col2,col3,col1

# need to check the result later, currently just use ok to skip
onlyif todo
statement ok
select a+b*2+c*3+d*4+e*5 as col1,
       (select count(*) from t1 as x where x.b<t1.b) as col2,
       d-e as col3,
       abs(a) as col4,
       b as col5
from t1
order by col4,col1,col3,col2,col5

query IIIII
select b as col1,
       d-e as col2,
       case a+1 when b then 111 when c then 222
        when d then 333  when e then 444 else 555 end as col3,
       c-d as col4,
       a+b*2+c*3+d*4+e*5 as col5
from t1
order by col4,col5,col2,col3,col1
----
129 2 333 -3 1902
160 2 333 -3 2432
105 -1 333 -2 1612
218 -2 333 -2 3260
232 3 555 -2 3473
198 -1 555 -1 2949
228 -1 555 -1 3399
249 2 444 -1 3706
NULL -1 222 -1 NULL
112 4 555 -1 NULL
130 1 444 1 1985
139 1 111 1 2046
143 -4 111 1 2131
170 -2 555 1 2579
181 3 333 1 2728
124 NULL 333 1 NULL
206 NULL 555 1 NULL
NULL NULL 555 1 NULL
186 -4 444 2 2806
211 2 222 2 3175
223 1 444 2 3331
194 -2 444 3 2878
NULL -1 333 3 NULL
236 1 555 NULL NULL
240 NULL 222 NULL NULL
145 NULL 555 NULL NULL
151 NULL 555 NULL NULL
158 NULL 555 NULL NULL
167 NULL 555 NULL NULL
175 NULL 555 NULL NULL

query IIIII
select b as col1,
       d-e as col2,
       case a+1 when b then 111 when c then 222
        when d then 333  when e then 444 else 555 end as col3,
       c-d as col4,
       a+b*2+c*3+d*4+e*5 as col5
from t1
order by col2,col5,col4,col1,col3
----
143 -4 111 1 2131
186 -4 444 2 2806
170 -2 555 1 2579
194 -2 444 3 2878
218 -2 333 -2 3260
105 -1 333 -2 1612
198 -1 555 -1 2949
228 -1 555 -1 3399
NULL -1 222 -1 NULL
NULL -1 333 3 NULL
130 1 444 1 1985
139 1 111 1 2046
223 1 444 2 3331
236 1 555 NULL NULL
129 2 333 -3 1902
160 2 333 -3 2432
211 2 222 2 3175
249 2 444 -1 3706
181 3 333 1 2728
232 3 555 -2 3473
112 4 555 -1 NULL
124 NULL 333 1 NULL
206 NULL 555 1 NULL
NULL NULL 555 1 NULL
145 NULL 555 NULL NULL
151 NULL 555 NULL NULL
158 NULL 555 NULL NULL
167 NULL 555 NULL NULL
175 NULL 555 NULL NULL
240 NULL 222 NULL NULL

# need to check the result later, currently just use ok to skip
onlyif todo
statement ok
select abs(a) as col1,
       case when a<b-3 then 111 when a<=b then 222
        when a<b+3 then 333 else 444 end as col2
from t1
where c>d
   and (a>b-2 and a<b+2)
   and d>e
order by col2,col1

# need to check the result later, currently just use ok to skip
onlyif todo
statement ok
select abs(a) as col1,
       case when a<b-3 then 111 when a<=b then 222
        when a<b+3 then 333 else 444 end as col2
from t1
where c>d
   and (a>b-2 and a<b+2)
   and d>e
order by col1,col2

# need to check the result later, currently just use ok to skip
onlyif todo
statement ok
select abs(a) as col1,
       case when a<b-3 then 111 when a<=b then 222
        when a<b+3 then 333 else 444 end as col2
from t1
where d>e
   and (a>b-2 and a<b+2)
   and c>d
order by col2,col1

# need to check the result later, currently just use ok to skip
onlyif todo
statement ok
select abs(a) as col1,
       case when a<b-3 then 111 when a<=b then 222
        when a<b+3 then 333 else 444 end as col2
from t1
where d>e
   and (a>b-2 and a<b+2)
   and c>d
order by col1,col2

# need to check the result later, currently just use ok to skip
onlyif todo
statement ok
select abs(a) as col1,
       case when a<b-3 then 111 when a<=b then 222
        when a<b+3 then 333 else 444 end as col2
from t1
where c>d
   and d>e
   and (a>b-2 and a<b+2)
order by col2,col1

# need to check the result later, currently just use ok to skip
onlyif todo
statement ok
select abs(a) as col1,
       case when a<b-3 then 111 when a<=b then 222
        when a<b+3 then 333 else 444 end as col2
from t1
where c>d
   and d>e
   and (a>b-2 and a<b+2)
order by col2,col1

# need to check the result later, currently just use ok to skip
onlyif todo
statement ok
select e as col1,
       (a+b+c+d+e)/5 as col2,
       abs(a) as col3,
       c-d as col4,
       a+b*2+c*3 as col5
from t1
where exists(select 1 from t1 as x where x.b<t1.b)
    or d not between 110 and 150
order by col4,col5,col2,col3,col1

# need to check the result later, currently just use ok to skip
onlyif todo
statement ok
select e as col1,
       (a+b+c+d+e)/5 as col2,
       abs(a) as col3,
       c-d as col4,
       a+b*2+c*3 as col5
from t1
where exists(select 1 from t1 as x where x.b<t1.b)
    or d not between 110 and 150
order by col3,col4,col2,col5,col1

query IIIII
select d as col1,
       a+b*2+c*3 as col2,
       c as col3,
       a+b*2+c*3+d*4 as col4,
       case when a<b-3 then 111 when a<=b then 222
        when a<b+3 then 333 else 444 end as col5
from t1
order by col4,col5,col2,col3,col1
----
108 635 106 1067 333
122 738 123 1226 222
128 760 125 1272 222
133 793 134 1325 333
136 827 137 1371 222
140 851 141 1411 222
164 966 161 1622 444
171 1030 172 1714 444
183 1096 184 1828 333
185 1121 187 1861 333
190 1158 193 1918 222
196 1180 195 1964 333
212 1277 214 2125 333
217 1297 215 2165 222
222 1338 224 2226 222
226 1360 225 2264 333
233 1391 231 2323 333
248 1484 247 2476 111
NULL 905 150 NULL 333
NULL 940 155 NULL 333
NULL 1000 166 NULL 333
NULL 880 147 NULL 444
NULL 1057 176 NULL 444
NULL 1455 244 NULL 444
101 NULL 102 NULL 444
114 NULL 113 NULL 444
116 NULL 119 NULL 444
203 NULL 202 NULL 444
207 NULL 208 NULL 444
238 NULL NULL NULL 444

query ITITI
select d as col1,
       a+b*2+c*3 as col2,
       c as col3,
       a+b*2+c*3+d*4 as col4,
       case when a<b-3 then 111 when a<=b then 222
        when a<b+3 then 333 else 444 end as col5
from t1
order by col3,col2,col5,col4,col1
----
101 NULL 102 NULL 444
108 635 106 1067 333
114 NULL 113 NULL 444
116 NULL 119 NULL 444
122 738 123 1226 222
128 760 125 1272 222
133 793 134 1325 333
136 827 137 1371 222
140 851 141 1411 222
NULL 880 147 NULL 444
NULL 905 150 NULL 333
NULL 940 155 NULL 333
164 966 161 1622 444
NULL 1000 166 NULL 333
171 1030 172 1714 444
NULL 1057 176 NULL 444
183 1096 184 1828 333
185 1121 187 1861 333
190 1158 193 1918 222
196 1180 195 1964 333
203 NULL 202 NULL 444
207 NULL 208 NULL 444
212 1277 214 2125 333
217 1297 215 2165 222
222 1338 224 2226 222
226 1360 225 2264 333
233 1391 231 2323 333
NULL 1455 244 NULL 444
248 1484 247 2476 111
238 NULL NULL NULL 444

query II
select c-d as col1,
       case when c>avg_c then a*2 else b*10 end as col2
from (
 select a, b, c, d, e, avg_c
 from (
  select avg(c) as avg_c from t1
 ) as Q cross join (select a, b, c, d, e from t1) as R
)
where (c<=d-2 or c>=d+2)
order by col2,col1
----
2 376
3 382
2 426
-2 432
2 440
-2 468
-2 1050
-3 1290
-3 1600
3 NULL

query II
select c-d as col1,
       case when c>avg_c then a*2 else b*10 end as col2
from (
 select a, b, c, d, e, avg_c
 from (
  select avg(c) as avg_c from t1
 ) as Q cross join (select a, b, c, d, e from t1) as R
)
where (c<=d-2 or c>=d+2)
order by col2,col1
----
2 376
3 382
2 426
-2 432
2 440
-2 468
-2 1050
-3 1290
-3 1600
3 NULL

# need to check the result later, currently just use ok to skip
onlyif todo
statement ok
select d as col1,
       d-e as col2,
       case a+1 when b then 111 when c then 222
        when d then 333  when e then 444 else 555 end as col3,
       (select count(*) from t1 as x where x.c>t1.c and x.d<t1.d) as col4,
       a+b*2+c*3+d*4+e*5 as col5,
       e as col6,
       (a+b+c+d+e)/5 as col7
from t1
order by col6,col7,col4,col5,col2,col3,col1

# need to check the result later, currently just use ok to skip
onlyif todo
statement ok
select d as col1,
       d-e as col2,
       case a+1 when b then 111 when c then 222
        when d then 333  when e then 444 else 555 end as col3,
       (select count(*) from t1 as x where x.c>t1.c and x.d<t1.d) as col4,
       a+b*2+c*3+d*4+e*5 as col5,
       e as col6,
       (a+b+c+d+e)/5 as col7
from t1
order by col7,col5,col4,col6,col1,col2,col3

# need to check the result later, currently just use ok to skip
onlyif todo
statement ok
select c as col1,
       (select count(*) from t1 as x where x.c>t1.c and x.d<t1.d) as col2,
       case when c>(select avg(c) from t1) then a*2 else b*10 end as col3,
       a+b*2+c*3+d*4 as col4
from t1
where d not between 110 and 150
    or (e>c or e<d)
    or b>c
order by col4,col2,col3,col1

# need to check the result later, currently just use ok to skip
onlyif todo
statement ok
select c as col1,
       (select count(*) from t1 as x where x.c>t1.c and x.d<t1.d) as col2,
       case when c>(select avg(c) from t1) then a*2 else b*10 end as col3,
       a+b*2+c*3+d*4 as col4
from t1
where d not between 110 and 150
    or (e>c or e<d)
    or b>c
order by col4,col2,col3,col1

# need to check the result later, currently just use ok to skip
onlyif todo
statement ok
select c as col1,
       (select count(*) from t1 as x where x.c>t1.c and x.d<t1.d) as col2,
       case when c>(select avg(c) from t1) then a*2 else b*10 end as col3,
       a+b*2+c*3+d*4 as col4
from t1
where b>c
    or d not between 110 and 150
    or (e>c or e<d)
order by col4,col2,col3,col1

# need to check the result later, currently just use ok to skip
onlyif todo
statement ok
select c as col1,
       (select count(*) from t1 as x where x.c>t1.c and x.d<t1.d) as col2,
       case when c>(select avg(c) from t1) then a*2 else b*10 end as col3,
       a+b*2+c*3+d*4 as col4
from t1
where b>c
    or d not between 110 and 150
    or (e>c or e<d)
order by col2,col1,col4,col3

# need to check the result later, currently just use ok to skip
onlyif todo
statement ok
select c as col1,
       (select count(*) from t1 as x where x.c>t1.c and x.d<t1.d) as col2,
       case when c>(select avg(c) from t1) then a*2 else b*10 end as col3,
       a+b*2+c*3+d*4 as col4
from t1
where (e>c or e<d)
    or d not between 110 and 150
    or b>c
order by col4,col2,col3,col1

# need to check the result later, currently just use ok to skip
onlyif todo
statement ok
select c as col1,
       (select count(*) from t1 as x where x.c>t1.c and x.d<t1.d) as col2,
       case when c>(select avg(c) from t1) then a*2 else b*10 end as col3,
       a+b*2+c*3+d*4 as col4
from t1
where (e>c or e<d)
    or d not between 110 and 150
    or b>c
order by col2,col1,col4,col3

# need to check the result later, currently just use ok to skip
onlyif todo
statement ok
select c as col1,
       (select count(*) from t1 as x where x.c>t1.c and x.d<t1.d) as col2,
       case when c>(select avg(c) from t1) then a*2 else b*10 end as col3,
       a+b*2+c*3+d*4 as col4
from t1
where (e>c or e<d)
    or b>c
    or d not between 110 and 150
order by col4,col2,col3,col1

# need to check the result later, currently just use ok to skip
onlyif todo
statement ok
select c as col1,
       (select count(*) from t1 as x where x.c>t1.c and x.d<t1.d) as col2,
       case when c>(select avg(c) from t1) then a*2 else b*10 end as col3,
       a+b*2+c*3+d*4 as col4
from t1
where (e>c or e<d)
    or b>c
    or d not between 110 and 150
order by col4,col3,col2,col1

# need to check the result later, currently just use ok to skip
onlyif todo
statement ok
select e as col1,
       a-b as col2
from t1
where (a>b-2 and a<b+2)
    or b>c
order by col2,col1

# need to check the result later, currently just use ok to skip
onlyif todo
statement ok
select e as col1,
       a-b as col2
from t1
where (a>b-2 and a<b+2)
    or b>c
order by col2,col1

# need to check the result later, currently just use ok to skip
onlyif todo
statement ok
select e as col1,
       a-b as col2
from t1
where b>c
    or (a>b-2 and a<b+2)
order by col2,col1

# need to check the result later, currently just use ok to skip
onlyif todo
statement ok
select e as col1,
       a-b as col2
from t1
where b>c
    or (a>b-2 and a<b+2)
order by col2,col1

query IIII
select c as col1,
       d-e as col2,
       abs(a) as col3,
       e as col4
from t1
order by col4,col2,col3,col1
----
106 -1 107 109
113 4 NULL 110
119 -1 115 117
125 2 127 126
134 1 131 132
137 1 138 135
141 -4 142 144
147 NULL 149 146
155 NULL 159 157
161 2 163 162
166 NULL 168 165
172 -2 174 173
176 NULL 179 177
184 3 182 180
187 -4 188 189
193 -2 191 192
195 -1 199 197
202 -1 201 204
214 2 213 210
215 -2 216 219
224 1 220 221
225 -1 229 227
231 3 234 230
NULL 1 239 237
247 2 245 246
102 NULL 104 NULL
123 NULL 121 NULL
150 NULL 153 NULL
244 NULL 243 NULL
208 NULL NULL NULL

query ITIT
select c as col1,
       d-e as col2,
       abs(a) as col3,
       e as col4
from t1
order by col1,col2,col4,col3
----
102 NULL 104 NULL
106 -1 107 109
113 4 NULL 110
119 -1 115 117
123 NULL 121 NULL
125 2 127 126
134 1 131 132
137 1 138 135
141 -4 142 144
147 NULL 149 146
150 NULL 153 NULL
155 NULL 159 157
161 2 163 162
166 NULL 168 165
172 -2 174 173
176 NULL 179 177
184 3 182 180
187 -4 188 189
193 -2 191 192
195 -1 199 197
202 -1 201 204
208 NULL NULL NULL
214 2 213 210
215 -2 216 219
224 1 220 221
225 -1 229 227
231 3 234 230
244 NULL 243 NULL
247 2 245 246
NULL 1 239 237

# need to check the result later, currently just use ok to skip
onlyif todo
statement ok
select a as col1,
       (select count(*) from t1 as x where x.b<t1.b) as col2,
       (select count(*) from t1 as x where x.c>t1.c and x.d<t1.d) as col3,
       a+b*2+c*3+d*4 as col4
from t1
where c>d
order by col4,col2,col3,col1

# need to check the result later, currently just use ok to skip
onlyif todo
statement ok
select a as col1,
       (select count(*) from t1 as x where x.b<t1.b) as col2,
       (select count(*) from t1 as x where x.c>t1.c and x.d<t1.d) as col3,
       a+b*2+c*3+d*4 as col4
from t1
where c>d
order by col4,col3,col2,col1

# need to check the result later, currently just use ok to skip
onlyif todo
statement ok
select a-b as col1,
       abs(a) as col2,
       e as col3,
       (select count(*) from t1 as x where x.b<t1.b) as col4,
       d-e as col5,
       c as col6
from t1
where d not between 110 and 150
order by col6,col4,col5,col2,col3,col1

# need to check the result later, currently just use ok to skip
onlyif todo
statement ok
select a-b as col1,
       abs(a) as col2,
       e as col3,
       (select count(*) from t1 as x where x.b<t1.b) as col4,
       d-e as col5,
       c as col6
from t1
where d not between 110 and 150
order by col4,col3,col1,col2,col6,col5

query I
select case when c>avg_c then a*2 else b*10 end as col1
from (
 select a, b, c, d, e, avg_c
 from (
  select avg(c) as avg_c from t1
 ) as Q cross join (select a, b, c, d, e from t1) as R
)
where a>b
order by col1
----
358
364
376
398
426
458
468
486
1050
1300
1450
1510
1580
1600
1670
1700
2360

query I
select case when c>avg_c then a*2 else b*10 end as col1
from (
 select a, b, c, d, e, avg_c
 from (
  select avg(c) as avg_c from t1
 ) as Q cross join (select a, b, c, d, e from t1) as R
)
where a>b
order by col1
----
358
364
376
398
426
458
468
486
1050
1300
1450
1510
1580
1600
1670
1700
2360

query IIII
select c-d as col1,
       d as col2,
       case a+1 when b then 111 when c then 222
        when d then 333  when e then 444 else 555 end as col3,
       d-e as col4
from t1
order by col4,col2,col3,col1
----
1 140 111 -4
2 185 444 -4
1 171 555 -2
3 190 444 -2
-2 217 333 -2
-2 108 333 -1
3 116 333 -1
-1 196 555 -1
-1 203 222 -1
-1 226 555 -1
1 133 444 1
1 136 111 1
2 222 444 1
NULL 238 555 1
-3 128 333 2
-3 164 333 2
2 212 222 2
-1 248 444 2
1 183 333 3
-2 233 555 3
-1 114 555 4
1 101 555 NULL
1 122 333 NULL
1 207 555 NULL
NULL NULL 222 NULL
NULL NULL 555 NULL
NULL NULL 555 NULL
NULL NULL 555 NULL
NULL NULL 555 NULL
NULL NULL 555 NULL

query IIII
select c-d as col1,
       d as col2,
       case a+1 when b then 111 when c then 222
        when d then 333  when e then 444 else 555 end as col3,
       d-e as col4
from t1
order by col4,col2,col1,col3
----
1 140 111 -4
2 185 444 -4
1 171 555 -2
3 190 444 -2
-2 217 333 -2
-2 108 333 -1
3 116 333 -1
-1 196 555 -1
-1 203 222 -1
-1 226 555 -1
1 133 444 1
1 136 111 1
2 222 444 1
NULL 238 555 1
-3 128 333 2
-3 164 333 2
2 212 222 2
-1 248 444 2
1 183 333 3
-2 233 555 3
-1 114 555 4
1 101 555 NULL
1 122 333 NULL
1 207 555 NULL
NULL NULL 222 NULL
NULL NULL 555 NULL
NULL NULL 555 NULL
NULL NULL 555 NULL
NULL NULL 555 NULL
NULL NULL 555 NULL

# need to check the result later, currently just use ok to skip
onlyif todo
statement ok
select case a+1 when b then 111 when c then 222
        when d then 333  when e then 444 else 555 end as col1,
       c as col2,
       b as col3,
       a-b as col4,
       (select count(*) from t1 as x where x.c>t1.c and x.d<t1.d) as col5
from t1
where d>e
   and (e>a and e<b)
   and (e>c or e<d)
order by col4,col5,col2,col3,col1

# need to check the result later, currently just use ok to skip
onlyif todo
statement ok
select case a+1 when b then 111 when c then 222
        when d then 333  when e then 444 else 555 end as col1,
       c as col2,
       b as col3,
       a-b as col4,
       (select count(*) from t1 as x where x.c>t1.c and x.d<t1.d) as col5
from t1
where d>e
   and (e>a and e<b)
   and (e>c or e<d)
order by col5,col1,col4,col2,col3

# need to check the result later, currently just use ok to skip
onlyif todo
statement ok
select case a+1 when b then 111 when c then 222
        when d then 333  when e then 444 else 555 end as col1,
       c as col2,
       b as col3,
       a-b as col4,
       (select count(*) from t1 as x where x.c>t1.c and x.d<t1.d) as col5
from t1
where (e>c or e<d)
   and d>e
   and (e>a and e<b)
order by col4,col5,col2,col3,col1

# need to check the result later, currently just use ok to skip
onlyif todo
statement ok
select case a+1 when b then 111 when c then 222
        when d then 333  when e then 444 else 555 end as col1,
       c as col2,
       b as col3,
       a-b as col4,
       (select count(*) from t1 as x where x.c>t1.c and x.d<t1.d) as col5
from t1
where (e>c or e<d)
   and d>e
   and (e>a and e<b)
order by col2,col5,col1,col3,col4

query TTTI
select b as col1,
       a+b*2+c*3+d*4+e*5 as col2,
       (a+b+c+d+e)/5 as col3,
       abs(a) as col4
from t1
order by col4,col2,col3,col1
----
NULL NULL NULL 104
105 1612 107.0 107
NULL NULL NULL 115
124 NULL NULL 121
129 1902 127.0 127
130 1985 132.0 131
139 2046 137.0 138
143 2131 142.0 142
145 NULL NULL 149
151 NULL NULL 153
158 NULL NULL 159
160 2432 162.0 163
167 NULL NULL 168
170 2579 172.0 174
175 NULL NULL 179
181 2728 182.0 182
186 2806 187.0 188
194 2878 192.0 191
198 2949 197.0 199
NULL NULL NULL 201
211 3175 212.0 213
218 3260 217.0 216
223 3331 222.0 220
228 3399 227.0 229
232 3473 232.0 234
236 NULL NULL 239
240 NULL NULL 243
249 3706 247.0 245
112 NULL NULL NULL
206 NULL NULL NULL

query IIFI
select b as col1,
       a+b*2+c*3+d*4+e*5 as col2,
       (a+b+c+d+e)/5 as col3,
       abs(a) as col4
from t1
order by col1,col2,col4,col3
----
105 1612 107.0 107
112 NULL NULL NULL
124 NULL NULL 121
129 1902 127.0 127
130 1985 132.0 131
139 2046 137.0 138
143 2131 142.0 142
145 NULL NULL 149
151 NULL NULL 153
158 NULL NULL 159
160 2432 162.0 163
167 NULL NULL 168
170 2579 172.0 174
175 NULL NULL 179
181 2728 182.0 182
186 2806 187.0 188
194 2878 192.0 191
198 2949 197.0 199
206 NULL NULL NULL
211 3175 212.0 213
218 3260 217.0 216
223 3331 222.0 220
228 3399 227.0 229
232 3473 232.0 234
236 NULL NULL 239
240 NULL NULL 243
249 3706 247.0 245
NULL NULL NULL 104
NULL NULL NULL 115
NULL NULL NULL 201

# need to check the result later, currently just use ok to skip
onlyif todo
statement ok
select (select count(*) from t1 as x where x.c>t1.c and x.d<t1.d) as col1,
       d as col2,
       case when a<b-3 then 111 when a<=b then 222
        when a<b+3 then 333 else 444 end as col3,
       (a+b+c+d+e)/5 as col4,
       d-e as col5,
       a+b*2 as col6
from t1
where c>d
order by col6,col4,col5,col2,col3,col1

# need to check the result later, currently just use ok to skip
onlyif todo
statement ok
select (select count(*) from t1 as x where x.c>t1.c and x.d<t1.d) as col1,
       d as col2,
       case when a<b-3 then 111 when a<=b then 222
        when a<b+3 then 333 else 444 end as col3,
       (a+b+c+d+e)/5 as col4,
       d-e as col5,
       a+b*2 as col6
from t1
where c>d
order by col4,col5,col6,col3,col2,col1

# need to check the result later, currently just use ok to skip
onlyif todo
statement ok
select a+b*2+c*3+d*4 as col1,
       case a+1 when b then 111 when c then 222
        when d then 333  when e then 444 else 555 end as col2,
       a+b*2+c*3 as col3,
       (select count(*) from t1 as x where x.c>t1.c and x.d<t1.d) as col4
from t1
order by col4,col2,col3,col1

# need to check the result later, currently just use ok to skip
onlyif todo
statement ok
select a+b*2+c*3+d*4 as col1,
       case a+1 when b then 111 when c then 222
        when d then 333  when e then 444 else 555 end as col2,
       a+b*2+c*3 as col3,
       (select count(*) from t1 as x where x.c>t1.c and x.d<t1.d) as col4
from t1
order by col4,col2,col3,col1

query IIIIII
select a-b as col1,
       case when c>avg_c then a*2 else b*10 end as col2,
       d-e as col3,
       case a+1 when b then 111 when c then 222
        when d then 333  when e then 444 else 555 end as col4,
       e as col5,
       a+b*2+c*3 as col6
from (
 select a, b, c, d, e, avg_c
 from (
  select avg(c) as avg_c from t1
 ) as Q cross join (select a, b, c, d, e from t1) as R
)
order by col6,col4,col5,col2,col3,col1
----
2 1050 -1 333 109 635
-3 1240 NULL 333 NULL 738
-2 1290 2 333 126 760
1 1300 1 444 132 793
-1 1390 1 111 135 827
-1 1430 -4 111 144 851
4 1450 NULL 555 146 880
2 1510 NULL 555 NULL 905
1 1580 NULL 555 157 940
3 1600 2 333 162 966
1 1670 NULL 555 165 1000
4 1700 -2 555 173 1030
4 358 NULL 555 177 1057
1 364 3 333 180 1096
2 376 -4 444 189 1121
-3 382 -2 444 192 1158
1 398 -1 555 197 1180
2 426 2 222 210 1277
-2 432 -2 333 219 1297
-3 440 1 444 221 1338
1 458 -1 555 227 1360
2 468 3 555 230 1391
3 486 NULL 222 NULL 1455
-4 490 2 444 246 1484
NULL 402 -1 222 204 NULL
NULL NULL -1 333 117 NULL
NULL 1120 4 555 110 NULL
3 2360 1 555 237 NULL
NULL NULL NULL 555 NULL NULL
NULL NULL NULL 555 NULL NULL

query IIIIII
select a-b as col1,
       case when c>avg_c then a*2 else b*10 end as col2,
       d-e as col3,
       case a+1 when b then 111 when c then 222
        when d then 333  when e then 444 else 555 end as col4,
       e as col5,
       a+b*2+c*3 as col6
from (
 select a, b, c, d, e, avg_c
 from (
  select avg(c) as avg_c from t1
 ) as Q cross join (select a, b, c, d, e from t1) as R
)
order by col6,col1,col4,col5,col2,col3
----
2 1050 -1 333 109 635
-3 1240 NULL 333 NULL 738
-2 1290 2 333 126 760
1 1300 1 444 132 793
-1 1390 1 111 135 827
-1 1430 -4 111 144 851
4 1450 NULL 555 146 880
2 1510 NULL 555 NULL 905
1 1580 NULL 555 157 940
3 1600 2 333 162 966
1 1670 NULL 555 165 1000
4 1700 -2 555 173 1030
4 358 NULL 555 177 1057
1 364 3 333 180 1096
2 376 -4 444 189 1121
-3 382 -2 444 192 1158
1 398 -1 555 197 1180
2 426 2 222 210 1277
-2 432 -2 333 219 1297
-3 440 1 444 221 1338
1 458 -1 555 227 1360
2 468 3 555 230 1391
3 486 NULL 222 NULL 1455
-4 490 2 444 246 1484
3 2360 1 555 237 NULL
NULL 402 -1 222 204 NULL
NULL NULL -1 333 117 NULL
NULL 1120 4 555 110 NULL
NULL NULL NULL 555 NULL NULL
NULL NULL NULL 555 NULL NULL

query III
select a-b as col1,
       a+b*2 as col2,
       c as col3
from t1
order by col2,col3,col1
----
2 317 106
-3 369 123
-2 385 125
1 391 134
-1 416 137
-1 428 141
4 439 147
2 455 150
1 475 155
3 483 161
1 502 166
4 514 172
4 529 176
1 544 184
2 560 187
-3 579 193
1 595 195
2 635 214
-2 652 215
-3 666 224
1 685 225
2 698 231
3 711 NULL
3 723 244
-4 743 247
NULL NULL 102
NULL NULL 113
NULL NULL 119
NULL NULL 202
NULL NULL 208

query TTI
select a-b as col1,
       a+b*2 as col2,
       c as col3
from t1
order by col3,col1,col2
----
NULL NULL 102
2 317 106
NULL NULL 113
NULL NULL 119
-3 369 123
-2 385 125
1 391 134
-1 416 137
-1 428 141
4 439 147
2 455 150
1 475 155
3 483 161
1 502 166
4 514 172
4 529 176
1 544 184
2 560 187
-3 579 193
1 595 195
NULL NULL 202
NULL NULL 208
2 635 214
-2 652 215
-3 666 224
1 685 225
2 698 231
3 723 244
-4 743 247
3 711 NULL

# need to check the result later, currently just use ok to skip
onlyif todo
statement ok
select d-e as col1,
       (a+b+c+d+e)/5 as col2,
       a+b*2 as col3
from t1
where c between b-2 and d+2
   and a>b
order by col2,col3,col1

# need to check the result later, currently just use ok to skip
onlyif todo
statement ok
select d-e as col1,
       (a+b+c+d+e)/5 as col2,
       a+b*2 as col3
from t1
where c between b-2 and d+2
   and a>b
order by col3,col2,col1

# need to check the result later, currently just use ok to skip
onlyif todo
statement ok
select (select count(*) from t1 as x where x.b<t1.b) as col1,
       (select count(*) from t1 as x where x.c>t1.c and x.d<t1.d) as col2,
       d as col3
from t1
where b>c
   and d>e
   and d not between 110 and 150
order by col2,col3,col1

# need to check the result later, currently just use ok to skip
onlyif todo
statement ok
select (select count(*) from t1 as x where x.b<t1.b) as col1,
       (select count(*) from t1 as x where x.c>t1.c and x.d<t1.d) as col2,
       d as col3
from t1
where b>c
   and d>e
   and d not between 110 and 150
order by col3,col2,col1

# need to check the result later, currently just use ok to skip
onlyif todo
statement ok
select (select count(*) from t1 as x where x.b<t1.b) as col1,
       (select count(*) from t1 as x where x.c>t1.c and x.d<t1.d) as col2,
       d as col3
from t1
where d not between 110 and 150
   and d>e
   and b>c
order by col2,col3,col1

# need to check the result later, currently just use ok to skip
onlyif todo
statement ok
select (select count(*) from t1 as x where x.b<t1.b) as col1,
       (select count(*) from t1 as x where x.c>t1.c and x.d<t1.d) as col2,
       d as col3
from t1
where d not between 110 and 150
   and d>e
   and b>c
order by col3,col2,col1

# need to check the result later, currently just use ok to skip
onlyif todo
statement ok
select (select count(*) from t1 as x where x.b<t1.b) as col1,
       (select count(*) from t1 as x where x.c>t1.c and x.d<t1.d) as col2,
       d as col3
from t1
where b>c
   and d not between 110 and 150
   and d>e
order by col2,col3,col1

# need to check the result later, currently just use ok to skip
onlyif todo
statement ok
select (select count(*) from t1 as x where x.b<t1.b) as col1,
       (select count(*) from t1 as x where x.c>t1.c and x.d<t1.d) as col2,
       d as col3
from t1
where b>c
   and d not between 110 and 150
   and d>e
order by col3,col1,col2

# need to check the result later, currently just use ok to skip
onlyif todo
statement ok
select a+b*2+c*3 as col1,
       abs(a) as col2
from t1
where d not between 110 and 150
    or e+d between a+b-10 and c+130
    or (c<=d-2 or c>=d+2)
order by col2,col1

# need to check the result later, currently just use ok to skip
onlyif todo
statement ok
select a+b*2+c*3 as col1,
       abs(a) as col2
from t1
where d not between 110 and 150
    or e+d between a+b-10 and c+130
    or (c<=d-2 or c>=d+2)
order by col1,col2

# need to check the result later, currently just use ok to skip
onlyif todo
statement ok
select a+b*2+c*3 as col1,
       abs(a) as col2
from t1
where d not between 110 and 150
    or (c<=d-2 or c>=d+2)
    or e+d between a+b-10 and c+130
order by col2,col1

# need to check the result later, currently just use ok to skip
onlyif todo
statement ok
select a+b*2+c*3 as col1,
       abs(a) as col2
from t1
where d not between 110 and 150
    or (c<=d-2 or c>=d+2)
    or e+d between a+b-10 and c+130
order by col1,col2

# need to check the result later, currently just use ok to skip
onlyif todo
statement ok
select a+b*2+c*3 as col1,
       abs(a) as col2
from t1
where (c<=d-2 or c>=d+2)
    or e+d between a+b-10 and c+130
    or d not between 110 and 150
order by col2,col1

# need to check the result later, currently just use ok to skip
onlyif todo
statement ok
select a+b*2+c*3 as col1,
       abs(a) as col2
from t1
where (c<=d-2 or c>=d+2)
    or e+d between a+b-10 and c+130
    or d not between 110 and 150
order by col2,col1

# need to check the result later, currently just use ok to skip
onlyif todo
statement ok
select b-c as col1,
       (select count(*) from t1 as x where x.b<t1.b) as col2,
       d-e as col3,
       abs(a) as col4,
       a-b as col5,
       e as col6
from t1
where d not between 110 and 150
    or e+d between a+b-10 and c+130
    or b>c
order by col6,col4,col5,col2,col3,col1

# need to check the result later, currently just use ok to skip
onlyif todo
statement ok
select b-c as col1,
       (select count(*) from t1 as x where x.b<t1.b) as col2,
       d-e as col3,
       abs(a) as col4,
       a-b as col5,
       e as col6
from t1
where d not between 110 and 150
    or e+d between a+b-10 and c+130
    or b>c
order by col5,col3,col4,col1,col6,col2

# need to check the result later, currently just use ok to skip
onlyif todo
statement ok
select b-c as col1,
       (select count(*) from t1 as x where x.b<t1.b) as col2,
       d-e as col3,
       abs(a) as col4,
       a-b as col5,
       e as col6
from t1
where b>c
    or e+d between a+b-10 and c+130
    or d not between 110 and 150
order by col6,col4,col5,col2,col3,col1

# need to check the result later, currently just use ok to skip
onlyif todo
statement ok
select b-c as col1,
       (select count(*) from t1 as x where x.b<t1.b) as col2,
       d-e as col3,
       abs(a) as col4,
       a-b as col5,
       e as col6
from t1
where b>c
    or e+d between a+b-10 and c+130
    or d not between 110 and 150
order by col2,col6,col5,col1,col3,col4

# need to check the result later, currently just use ok to skip
onlyif todo
statement ok
select b-c as col1,
       (select count(*) from t1 as x where x.b<t1.b) as col2,
       d-e as col3,
       abs(a) as col4,
       a-b as col5,
       e as col6
from t1
where d not between 110 and 150
    or b>c
    or e+d between a+b-10 and c+130
order by col6,col4,col5,col2,col3,col1

# need to check the result later, currently just use ok to skip
onlyif todo
statement ok
select b-c as col1,
       (select count(*) from t1 as x where x.b<t1.b) as col2,
       d-e as col3,
       abs(a) as col4,
       a-b as col5,
       e as col6
from t1
where d not between 110 and 150
    or b>c
    or e+d between a+b-10 and c+130
order by col5,col6,col1,col4,col2,col3

# need to check the result later, currently just use ok to skip
onlyif todo
statement ok
select (a+b+c+d+e)/5 as col1,
       c-d as col2,
       case when a<b-3 then 111 when a<=b then 222
        when a<b+3 then 333 else 444 end as col3,
       b as col4
from t1
where (a>b-2 and a<b+2)
   and c>d
order by col4,col2,col3,col1

# need to check the result later, currently just use ok to skip
onlyif todo
statement ok
select (a+b+c+d+e)/5 as col1,
       c-d as col2,
       case when a<b-3 then 111 when a<=b then 222
        when a<b+3 then 333 else 444 end as col3,
       b as col4
from t1
where (a>b-2 and a<b+2)
   and c>d
order by col3,col2,col1,col4

# need to check the result later, currently just use ok to skip
onlyif todo
statement ok
select (a+b+c+d+e)/5 as col1,
       c-d as col2,
       case when a<b-3 then 111 when a<=b then 222
        when a<b+3 then 333 else 444 end as col3,
       b as col4
from t1
where c>d
   and (a>b-2 and a<b+2)
order by col4,col2,col3,col1

# need to check the result later, currently just use ok to skip
onlyif todo
statement ok
select (a+b+c+d+e)/5 as col1,
       c-d as col2,
       case when a<b-3 then 111 when a<=b then 222
        when a<b+3 then 333 else 444 end as col3,
       b as col4
from t1
where c>d
   and (a>b-2 and a<b+2)
order by col1,col4,col2,col3

# need to check the result later, currently just use ok to skip
onlyif todo
statement ok
select (select count(*) from t1 as x where x.c>t1.c and x.d<t1.d) as col1,
       case a+1 when b then 111 when c then 222
        when d then 333  when e then 444 else 555 end as col2
from t1
where (c<=d-2 or c>=d+2)
   and c>d
   and (e>a and e<b)
order by col2,col1

# need to check the result later, currently just use ok to skip
onlyif todo
statement ok
select (select count(*) from t1 as x where x.c>t1.c and x.d<t1.d) as col1,
       case a+1 when b then 111 when c then 222
        when d then 333  when e then 444 else 555 end as col2
from t1
where (c<=d-2 or c>=d+2)
   and c>d
   and (e>a and e<b)
order by col2,col1

# need to check the result later, currently just use ok to skip
onlyif todo
statement ok
select (select count(*) from t1 as x where x.c>t1.c and x.d<t1.d) as col1,
       case a+1 when b then 111 when c then 222
        when d then 333  when e then 444 else 555 end as col2
from t1
where (c<=d-2 or c>=d+2)
   and (e>a and e<b)
   and c>d
order by col2,col1

# need to check the result later, currently just use ok to skip
onlyif todo
statement ok
select (select count(*) from t1 as x where x.c>t1.c and x.d<t1.d) as col1,
       case a+1 when b then 111 when c then 222
        when d then 333  when e then 444 else 555 end as col2
from t1
where (c<=d-2 or c>=d+2)
   and (e>a and e<b)
   and c>d
order by col2,col1

# need to check the result later, currently just use ok to skip
onlyif todo
statement ok
select (select count(*) from t1 as x where x.c>t1.c and x.d<t1.d) as col1,
       case a+1 when b then 111 when c then 222
        when d then 333  when e then 444 else 555 end as col2
from t1
where (e>a and e<b)
   and (c<=d-2 or c>=d+2)
   and c>d
order by col2,col1

# need to check the result later, currently just use ok to skip
onlyif todo
statement ok
select (select count(*) from t1 as x where x.c>t1.c and x.d<t1.d) as col1,
       case a+1 when b then 111 when c then 222
        when d then 333  when e then 444 else 555 end as col2
from t1
where (e>a and e<b)
   and (c<=d-2 or c>=d+2)
   and c>d
order by col2,col1

# need to check the result later, currently just use ok to skip
onlyif todo
statement ok
select (select count(*) from t1 as x where x.c>t1.c and x.d<t1.d) as col1,
       case a+1 when b then 111 when c then 222
        when d then 333  when e then 444 else 555 end as col2
from t1
where c>d
   and (c<=d-2 or c>=d+2)
   and (e>a and e<b)
order by col2,col1

# need to check the result later, currently just use ok to skip
onlyif todo
statement ok
select (select count(*) from t1 as x where x.c>t1.c and x.d<t1.d) as col1,
       case a+1 when b then 111 when c then 222
        when d then 333  when e then 444 else 555 end as col2
from t1
where c>d
   and (c<=d-2 or c>=d+2)
   and (e>a and e<b)
order by col1,col2

# need to check the result later, currently just use ok to skip
onlyif todo
statement ok
select abs(b-c) as col1,
       a-b as col2,
       case when c>(select avg(c) from t1) then a*2 else b*10 end as col3,
       (select count(*) from t1 as x where x.b<t1.b) as col4,
       (a+b+c+d+e)/5 as col5
from t1
where d not between 110 and 150
order by col4,col5,col2,col3,col1

# need to check the result later, currently just use ok to skip
onlyif todo
statement ok
select abs(b-c) as col1,
       a-b as col2,
       case when c>(select avg(c) from t1) then a*2 else b*10 end as col3,
       (select count(*) from t1 as x where x.b<t1.b) as col4,
       (a+b+c+d+e)/5 as col5
from t1
where d not between 110 and 150
order by col5,col3,col2,col4,col1

# need to check the result later, currently just use ok to skip
onlyif todo
statement ok
select (select count(*) from t1 as x where x.c>t1.c and x.d<t1.d) as col1,
       abs(a) as col2,
       abs(b-c) as col3
from t1
where e+d between a+b-10 and c+130
   and b>c
order by col2,col3,col1

# need to check the result later, currently just use ok to skip
onlyif todo
statement ok
select (select count(*) from t1 as x where x.c>t1.c and x.d<t1.d) as col1,
       abs(a) as col2,
       abs(b-c) as col3
from t1
where e+d between a+b-10 and c+130
   and b>c
order by col3,col1,col2

# need to check the result later, currently just use ok to skip
onlyif todo
statement ok
select a+b*2+c*3+d*4 as col1,
       a as col2
from t1
where (c<=d-2 or c>=d+2)
order by col2,col1

# need to check the result later, currently just use ok to skip
onlyif todo
statement ok
select a+b*2+c*3+d*4 as col1,
       a as col2
from t1
where (c<=d-2 or c>=d+2)
order by col2,col1

# need to check the result later, currently just use ok to skip
onlyif todo
statement ok
select case when a<b-3 then 111 when a<=b then 222
        when a<b+3 then 333 else 444 end as col1,
       e as col2,
       b as col3,
       (select count(*) from t1 as x where x.c>t1.c and x.d<t1.d) as col4
from t1
where c between b-2 and d+2
    or (e>c or e<d)
    or c>d
order by col4,col2,col3,col1

# need to check the result later, currently just use ok to skip
onlyif todo
statement ok
select case when a<b-3 then 111 when a<=b then 222
        when a<b+3 then 333 else 444 end as col1,
       e as col2,
       b as col3,
       (select count(*) from t1 as x where x.c>t1.c and x.d<t1.d) as col4
from t1
where c between b-2 and d+2
    or (e>c or e<d)
    or c>d
order by col3,col4,col2,col1

# need to check the result later, currently just use ok to skip
onlyif todo
statement ok
select case when a<b-3 then 111 when a<=b then 222
        when a<b+3 then 333 else 444 end as col1,
       e as col2,
       b as col3,
       (select count(*) from t1 as x where x.c>t1.c and x.d<t1.d) as col4
from t1
where c>d
    or (e>c or e<d)
    or c between b-2 and d+2
order by col4,col2,col3,col1

# need to check the result later, currently just use ok to skip
onlyif todo
statement ok
select case when a<b-3 then 111 when a<=b then 222
        when a<b+3 then 333 else 444 end as col1,
       e as col2,
       b as col3,
       (select count(*) from t1 as x where x.c>t1.c and x.d<t1.d) as col4
from t1
where c>d
    or (e>c or e<d)
    or c between b-2 and d+2
order by col3,col1,col2,col4

# need to check the result later, currently just use ok to skip
onlyif todo
statement ok
select (select count(*) from t1 as x where x.c>t1.c and x.d<t1.d) as col1
from t1
where a>b
order by col1

# need to check the result later, currently just use ok to skip
onlyif todo
statement ok
select (select count(*) from t1 as x where x.c>t1.c and x.d<t1.d) as col1
from t1
where a>b
order by col1

# need to check the result later, currently just use ok to skip
onlyif todo
statement ok
select a+b*2+c*3+d*4+e*5 as col1,
       (select count(*) from t1 as x where x.b<t1.b) as col2
from t1
order by col2,col1

# need to check the result later, currently just use ok to skip
onlyif todo
statement ok
select a+b*2+c*3+d*4+e*5 as col1,
       (select count(*) from t1 as x where x.b<t1.b) as col2
from t1
order by col2,col1

# need to check the result later, currently just use ok to skip
onlyif todo
statement ok
select e as col1,
       (select count(*) from t1 as x where x.b<t1.b) as col2,
       case when a<b-3 then 111 when a<=b then 222
        when a<b+3 then 333 else 444 end as col3,
       case a+1 when b then 111 when c then 222
        when d then 333  when e then 444 else 555 end as col4,
       d-e as col5,
       (select count(*) from t1 as x where x.c>t1.c and x.d<t1.d) as col6,
       (a+b+c+d+e)/5 as col7
from t1
where b>c
order by col6,col7,col4,col5,col2,col3,col1

# need to check the result later, currently just use ok to skip
onlyif todo
statement ok
select e as col1,
       (select count(*) from t1 as x where x.b<t1.b) as col2,
       case when a<b-3 then 111 when a<=b then 222
        when a<b+3 then 333 else 444 end as col3,
       case a+1 when b then 111 when c then 222
        when d then 333  when e then 444 else 555 end as col4,
       d-e as col5,
       (select count(*) from t1 as x where x.c>t1.c and x.d<t1.d) as col6,
       (a+b+c+d+e)/5 as col7
from t1
where b>c
order by col5,col1,col3,col6,col7,col4,col2

# need to check the result later, currently just use ok to skip
onlyif todo
statement ok
select d as col1,
       a+b*2+c*3 as col2,
       a as col3,
       e as col4
from t1
where c between b-2 and d+2
    or c>d
    or (e>a and e<b)
order by col4,col2,col3,col1

# need to check the result later, currently just use ok to skip
onlyif todo
statement ok
select d as col1,
       a+b*2+c*3 as col2,
       a as col3,
       e as col4
from t1
where c between b-2 and d+2
    or c>d
    or (e>a and e<b)
order by col4,col2,col3,col1

# need to check the result later, currently just use ok to skip
onlyif todo
statement ok
select d as col1,
       a+b*2+c*3 as col2,
       a as col3,
       e as col4
from t1
where (e>a and e<b)
    or c>d
    or c between b-2 and d+2
order by col4,col2,col3,col1

# need to check the result later, currently just use ok to skip
onlyif todo
statement ok
select d as col1,
       a+b*2+c*3 as col2,
       a as col3,
       e as col4
from t1
where (e>a and e<b)
    or c>d
    or c between b-2 and d+2
order by col2,col1,col4,col3

# need to check the result later, currently just use ok to skip
onlyif todo
statement ok
select d as col1,
       a+b*2+c*3 as col2,
       a as col3,
       e as col4
from t1
where c>d
    or (e>a and e<b)
    or c between b-2 and d+2
order by col4,col2,col3,col1

# need to check the result later, currently just use ok to skip
onlyif todo
statement ok
select d as col1,
       a+b*2+c*3 as col2,
       a as col3,
       e as col4
from t1
where c>d
    or (e>a and e<b)
    or c between b-2 and d+2
order by col3,col4,col2,col1

# need to check the result later, currently just use ok to skip
onlyif todo
statement ok
select d as col1,
       a+b*2+c*3 as col2,
       a as col3,
       e as col4
from t1
where c between b-2 and d+2
    or (e>a and e<b)
    or c>d
order by col4,col2,col3,col1

# need to check the result later, currently just use ok to skip
onlyif todo
statement ok
select d as col1,
       a+b*2+c*3 as col2,
       a as col3,
       e as col4
from t1
where c between b-2 and d+2
    or (e>a and e<b)
    or c>d
order by col1,col3,col2,col4

query IIIFI
select b-c as col1,
       b as col2,
       d-e as col3,
       (a+b+c+d+e)/5 as col4,
       c as col5
from t1
order by col4,col5,col2,col3,col1
----
-1 105 -1 107.0 106
4 129 2 127.0 125
-4 130 1 132.0 134
2 139 1 137.0 137
2 143 -4 142.0 141
-1 160 2 162.0 161
-2 170 -2 172.0 172
-3 181 3 182.0 184
-1 186 -4 187.0 187
1 194 -2 192.0 193
3 198 -1 197.0 195
-3 211 2 212.0 214
3 218 -2 217.0 215
-1 223 1 222.0 224
3 228 -1 227.0 225
1 232 3 232.0 231
2 249 2 247.0 247
NULL NULL NULL NULL 102
-1 112 4 NULL 113
NULL NULL -1 NULL 119
1 124 NULL NULL 123
-2 145 NULL NULL 147
1 151 NULL NULL 150
3 158 NULL NULL 155
1 167 NULL NULL 166
-1 175 NULL NULL 176
NULL NULL -1 NULL 202
-2 206 NULL NULL 208
-4 240 NULL NULL 244
NULL 236 1 NULL NULL

query TTTTI
select b-c as col1,
       b as col2,
       d-e as col3,
       (a+b+c+d+e)/5 as col4,
       c as col5
from t1
order by col5,col1,col2,col4,col3
----
NULL NULL NULL NULL 102
-1 105 -1 107.0 106
-1 112 4 NULL 113
NULL NULL -1 NULL 119
1 124 NULL NULL 123
4 129 2 127.0 125
-4 130 1 132.0 134
2 139 1 137.0 137
2 143 -4 142.0 141
-2 145 NULL NULL 147
1 151 NULL NULL 150
3 158 NULL NULL 155
-1 160 2 162.0 161
1 167 NULL NULL 166
-2 170 -2 172.0 172
-1 175 NULL NULL 176
-3 181 3 182.0 184
-1 186 -4 187.0 187
1 194 -2 192.0 193
3 198 -1 197.0 195
NULL NULL -1 NULL 202
-2 206 NULL NULL 208
-3 211 2 212.0 214
3 218 -2 217.0 215
-1 223 1 222.0 224
3 228 -1 227.0 225
1 232 3 232.0 231
-4 240 NULL NULL 244
2 249 2 247.0 247
NULL 236 1 NULL NULL

query I
select case when c>avg_c then a*2 else b*10 end as col1
from (
 select a, b, c, d, e, avg_c
 from (
  select avg(c) as avg_c from t1
 ) as Q cross join (select a, b, c, d, e from t1) as R
)
order by col1
----
358
364
376
382
398
402
426
432
440
458
468
486
490
1050
1120
1240
1290
1300
1390
1430
1450
1510
1580
1600
1670
1700
2360
NULL
NULL
NULL

query I
select case when c>avg_c then a*2 else b*10 end as col1
from (
 select a, b, c, d, e, avg_c
 from (
  select avg(c) as avg_c from t1
 ) as Q cross join (select a, b, c, d, e from t1) as R
)
order by col1
----
358
364
376
382
398
402
426
432
440
458
468
486
490
1050
1120
1240
1290
1300
1390
1430
1450
1510
1580
1600
1670
1700
2360
NULL
NULL
NULL

# need to check the result later, currently just use ok to skip
onlyif todo
statement ok
select a+b*2 as col1
from t1
where d>e
order by col1

# need to check the result later, currently just use ok to skip
onlyif todo
statement ok
select a+b*2 as col1
from t1
where d>e
order by col1

# need to check the result later, currently just use ok to skip
onlyif todo
statement ok
select abs(b-c) as col1,
       case when c>(select avg(c) from t1) then a*2 else b*10 end as col2,
       (select count(*) from t1 as x where x.c>t1.c and x.d<t1.d) as col3,
       abs(a) as col4,
       case when a<b-3 then 111 when a<=b then 222
        when a<b+3 then 333 else 444 end as col5,
       d as col6
from t1
where c between b-2 and d+2
    or d not between 110 and 150
    or e+d between a+b-10 and c+130
order by col6,col4,col5,col2,col3,col1

# need to check the result later, currently just use ok to skip
onlyif todo
statement ok
select abs(b-c) as col1,
       case when c>(select avg(c) from t1) then a*2 else b*10 end as col2,
       (select count(*) from t1 as x where x.c>t1.c and x.d<t1.d) as col3,
       abs(a) as col4,
       case when a<b-3 then 111 when a<=b then 222
        when a<b+3 then 333 else 444 end as col5,
       d as col6
from t1
where c between b-2 and d+2
    or d not between 110 and 150
    or e+d between a+b-10 and c+130
order by col1,col4,col6,col3,col2,col5

# need to check the result later, currently just use ok to skip
onlyif todo
statement ok
select abs(b-c) as col1,
       case when c>(select avg(c) from t1) then a*2 else b*10 end as col2,
       (select count(*) from t1 as x where x.c>t1.c and x.d<t1.d) as col3,
       abs(a) as col4,
       case when a<b-3 then 111 when a<=b then 222
        when a<b+3 then 333 else 444 end as col5,
       d as col6
from t1
where e+d between a+b-10 and c+130
    or d not between 110 and 150
    or c between b-2 and d+2
order by col6,col4,col5,col2,col3,col1

# need to check the result later, currently just use ok to skip
onlyif todo
statement ok
select abs(b-c) as col1,
       case when c>(select avg(c) from t1) then a*2 else b*10 end as col2,
       (select count(*) from t1 as x where x.c>t1.c and x.d<t1.d) as col3,
       abs(a) as col4,
       case when a<b-3 then 111 when a<=b then 222
        when a<b+3 then 333 else 444 end as col5,
       d as col6
from t1
where e+d between a+b-10 and c+130
    or d not between 110 and 150
    or c between b-2 and d+2
order by col1,col3,col6,col4,col2,col5

# need to check the result later, currently just use ok to skip
onlyif todo
statement ok
select abs(b-c) as col1,
       case when c>(select avg(c) from t1) then a*2 else b*10 end as col2,
       (select count(*) from t1 as x where x.c>t1.c and x.d<t1.d) as col3,
       abs(a) as col4,
       case when a<b-3 then 111 when a<=b then 222
        when a<b+3 then 333 else 444 end as col5,
       d as col6
from t1
where d not between 110 and 150
    or e+d between a+b-10 and c+130
    or c between b-2 and d+2
order by col6,col4,col5,col2,col3,col1

# need to check the result later, currently just use ok to skip
onlyif todo
statement ok
select abs(b-c) as col1,
       case when c>(select avg(c) from t1) then a*2 else b*10 end as col2,
       (select count(*) from t1 as x where x.c>t1.c and x.d<t1.d) as col3,
       abs(a) as col4,
       case when a<b-3 then 111 when a<=b then 222
        when a<b+3 then 333 else 444 end as col5,
       d as col6
from t1
where d not between 110 and 150
    or e+d between a+b-10 and c+130
    or c between b-2 and d+2
order by col2,col5,col3,col6,col4,col1

# need to check the result later, currently just use ok to skip
onlyif todo
statement ok
select abs(b-c) as col1,
       case when c>(select avg(c) from t1) then a*2 else b*10 end as col2,
       (select count(*) from t1 as x where x.c>t1.c and x.d<t1.d) as col3,
       abs(a) as col4,
       case when a<b-3 then 111 when a<=b then 222
        when a<b+3 then 333 else 444 end as col5,
       d as col6
from t1
where d not between 110 and 150
    or c between b-2 and d+2
    or e+d between a+b-10 and c+130
order by col6,col4,col5,col2,col3,col1

# need to check the result later, currently just use ok to skip
onlyif todo
statement ok
select abs(b-c) as col1,
       case when c>(select avg(c) from t1) then a*2 else b*10 end as col2,
       (select count(*) from t1 as x where x.c>t1.c and x.d<t1.d) as col3,
       abs(a) as col4,
       case when a<b-3 then 111 when a<=b then 222
        when a<b+3 then 333 else 444 end as col5,
       d as col6
from t1
where d not between 110 and 150
    or c between b-2 and d+2
    or e+d between a+b-10 and c+130
order by col6,col5,col2,col3,col4,col1

# need to check the result later, currently just use ok to skip
onlyif todo
statement ok
select d-e as col1,
       b-c as col2
from t1
where e+d between a+b-10 and c+130
    or (a>b-2 and a<b+2)
order by col2,col1

# need to check the result later, currently just use ok to skip
onlyif todo
statement ok
select d-e as col1,
       b-c as col2
from t1
where e+d between a+b-10 and c+130
    or (a>b-2 and a<b+2)
order by col2,col1

# need to check the result later, currently just use ok to skip
onlyif todo
statement ok
select d-e as col1,
       b-c as col2
from t1
where (a>b-2 and a<b+2)
    or e+d between a+b-10 and c+130
order by col2,col1

# need to check the result later, currently just use ok to skip
onlyif todo
statement ok
select d-e as col1,
       b-c as col2
from t1
where (a>b-2 and a<b+2)
    or e+d between a+b-10 and c+130
order by col2,col1

# need to check the result later, currently just use ok to skip
onlyif todo
statement ok
select a+b*2+c*3+d*4+e*5 as col1,
       b as col2
from t1
where (e>c or e<d)
order by col2,col1

# need to check the result later, currently just use ok to skip
onlyif todo
statement ok
select a+b*2+c*3+d*4+e*5 as col1,
       b as col2
from t1
where (e>c or e<d)
order by col2,col1

query III
select e as col1,
       c-d as col2,
       case when a<b-3 then 111 when a<=b then 222
        when a<b+3 then 333 else 444 end as col3
from t1
order by col2,col3,col1
----
126 -3 222
162 -3 444
219 -2 222
109 -2 333
230 -2 333
246 -1 111
197 -1 333
227 -1 333
110 -1 444
204 -1 444
135 1 222
144 1 222
NULL 1 222
132 1 333
180 1 333
173 1 444
NULL 1 444
NULL 1 444
221 2 222
189 2 333
210 2 333
192 3 222
117 3 444
157 NULL 333
165 NULL 333
NULL NULL 333
146 NULL 444
177 NULL 444
237 NULL 444
NULL NULL 444

query III
select e as col1,
       c-d as col2,
       case when a<b-3 then 111 when a<=b then 222
        when a<b+3 then 333 else 444 end as col3
from t1
order by col1,col3,col2
----
109 -2 333
110 -1 444
117 3 444
126 -3 222
132 1 333
135 1 222
144 1 222
146 NULL 444
157 NULL 333
162 -3 444
165 NULL 333
173 1 444
177 NULL 444
180 1 333
189 2 333
192 3 222
197 -1 333
204 -1 444
210 2 333
219 -2 222
221 2 222
227 -1 333
230 -2 333
237 NULL 444
246 -1 111
NULL 1 222
NULL NULL 333
NULL 1 444
NULL 1 444
NULL NULL 444

query I
select a-b as col1
from t1
order by col1
----
-4
-3
-3
-3
-2
-2
-1
-1
1
1
1
1
1
1
2
2
2
2
2
3
3
3
4
4
4
NULL
NULL
NULL
NULL
NULL

query I
select a-b as col1
from t1
order by col1
----
-4
-3
-3
-3
-2
-2
-1
-1
1
1
1
1
1
1
2
2
2
2
2
3
3
3
4
4
4
NULL
NULL
NULL
NULL
NULL

# need to check the result later, currently just use ok to skip
onlyif todo
statement ok
select d as col1,
       case when a<b-3 then 111 when a<=b then 222
        when a<b+3 then 333 else 444 end as col2,
       d-e as col3,
       a+b*2 as col4,
       case a+1 when b then 111 when c then 222
        when d then 333  when e then 444 else 555 end as col5
from t1
where (e>a and e<b)
order by col4,col5,col2,col3,col1

# need to check the result later, currently just use ok to skip
onlyif todo
statement ok
select d as col1,
       case when a<b-3 then 111 when a<=b then 222
        when a<b+3 then 333 else 444 end as col2,
       d-e as col3,
       a+b*2 as col4,
       case a+1 when b then 111 when c then 222
        when d then 333  when e then 444 else 555 end as col5
from t1
where (e>a and e<b)
order by col1,col5,col3,col4,col2

# need to check the result later, currently just use ok to skip
onlyif todo
statement ok
select a as col1,
       a+b*2+c*3+d*4 as col2,
       e as col3,
       a-b as col4,
       abs(b-c) as col5,
       case when a<b-3 then 111 when a<=b then 222
        when a<b+3 then 333 else 444 end as col6
from t1
where (a>b-2 and a<b+2)
order by col6,col4,col5,col2,col3,col1

# need to check the result later, currently just use ok to skip
onlyif todo
statement ok
select a as col1,
       a+b*2+c*3+d*4 as col2,
       e as col3,
       a-b as col4,
       abs(b-c) as col5,
       case when a<b-3 then 111 when a<=b then 222
        when a<b+3 then 333 else 444 end as col6
from t1
where (a>b-2 and a<b+2)
order by col5,col2,col6,col4,col3,col1

# need to check the result later, currently just use ok to skip
onlyif todo
statement ok
select c as col1,
       a+b*2+c*3+d*4+e*5 as col2
from t1
where exists(select 1 from t1 as x where x.b<t1.b)
    or b>c
order by col2,col1

# need to check the result later, currently just use ok to skip
onlyif todo
statement ok
select c as col1,
       a+b*2+c*3+d*4+e*5 as col2
from t1
where exists(select 1 from t1 as x where x.b<t1.b)
    or b>c
order by col2,col1

# need to check the result later, currently just use ok to skip
onlyif todo
statement ok
select c as col1,
       a+b*2+c*3+d*4+e*5 as col2
from t1
where b>c
    or exists(select 1 from t1 as x where x.b<t1.b)
order by col2,col1

# need to check the result later, currently just use ok to skip
onlyif todo
statement ok
select c as col1,
       a+b*2+c*3+d*4+e*5 as col2
from t1
where b>c
    or exists(select 1 from t1 as x where x.b<t1.b)
order by col1,col2

# need to check the result later, currently just use ok to skip
onlyif todo
statement ok
select (a+b+c+d+e)/5 as col1,
       d as col2,
       abs(b-c) as col3
from t1
where exists(select 1 from t1 as x where x.b<t1.b)
    or (e>c or e<d)
    or a>b
order by col2,col3,col1

# need to check the result later, currently just use ok to skip
onlyif todo
statement ok
select (a+b+c+d+e)/5 as col1,
       d as col2,
       abs(b-c) as col3
from t1
where exists(select 1 from t1 as x where x.b<t1.b)
    or (e>c or e<d)
    or a>b
order by col1,col3,col2

# need to check the result later, currently just use ok to skip
onlyif todo
statement ok
select (a+b+c+d+e)/5 as col1,
       d as col2,
       abs(b-c) as col3
from t1
where a>b
    or exists(select 1 from t1 as x where x.b<t1.b)
    or (e>c or e<d)
order by col2,col3,col1

# need to check the result later, currently just use ok to skip
onlyif todo
statement ok
select (a+b+c+d+e)/5 as col1,
       d as col2,
       abs(b-c) as col3
from t1
where a>b
    or exists(select 1 from t1 as x where x.b<t1.b)
    or (e>c or e<d)
order by col2,col3,col1

# need to check the result later, currently just use ok to skip
onlyif todo
statement ok
select (a+b+c+d+e)/5 as col1,
       d as col2,
       abs(b-c) as col3
from t1
where a>b
    or (e>c or e<d)
    or exists(select 1 from t1 as x where x.b<t1.b)
order by col2,col3,col1

# need to check the result later, currently just use ok to skip
onlyif todo
statement ok
select (a+b+c+d+e)/5 as col1,
       d as col2,
       abs(b-c) as col3
from t1
where a>b
    or (e>c or e<d)
    or exists(select 1 from t1 as x where x.b<t1.b)
order by col2,col1,col3

# need to check the result later, currently just use ok to skip
onlyif todo
statement ok
select abs(a) as col1,
       d as col2,
       (a+b+c+d+e)/5 as col3,
       case a+1 when b then 111 when c then 222
        when d then 333  when e then 444 else 555 end as col4,
       a+b*2+c*3+d*4 as col5,
       (select count(*) from t1 as x where x.b<t1.b) as col6
from t1
where a>b
    or b>c
    or (a>b-2 and a<b+2)
order by col6,col4,col5,col2,col3,col1

# need to check the result later, currently just use ok to skip
onlyif todo
statement ok
select abs(a) as col1,
       d as col2,
       (a+b+c+d+e)/5 as col3,
       case a+1 when b then 111 when c then 222
        when d then 333  when e then 444 else 555 end as col4,
       a+b*2+c*3+d*4 as col5,
       (select count(*) from t1 as x where x.b<t1.b) as col6
from t1
where a>b
    or b>c
    or (a>b-2 and a<b+2)
order by col4,col2,col5,col1,col6,col3

# need to check the result later, currently just use ok to skip
onlyif todo
statement ok
select abs(a) as col1,
       d as col2,
       (a+b+c+d+e)/5 as col3,
       case a+1 when b then 111 when c then 222
        when d then 333  when e then 444 else 555 end as col4,
       a+b*2+c*3+d*4 as col5,
       (select count(*) from t1 as x where x.b<t1.b) as col6
from t1
where b>c
    or a>b
    or (a>b-2 and a<b+2)
order by col6,col4,col5,col2,col3,col1

# need to check the result later, currently just use ok to skip
onlyif todo
statement ok
select abs(a) as col1,
       d as col2,
       (a+b+c+d+e)/5 as col3,
       case a+1 when b then 111 when c then 222
        when d then 333  when e then 444 else 555 end as col4,
       a+b*2+c*3+d*4 as col5,
       (select count(*) from t1 as x where x.b<t1.b) as col6
from t1
where b>c
    or a>b
    or (a>b-2 and a<b+2)
order by col4,col6,col5,col3,col2,col1

# need to check the result later, currently just use ok to skip
onlyif todo
statement ok
select abs(a) as col1,
       d as col2,
       (a+b+c+d+e)/5 as col3,
       case a+1 when b then 111 when c then 222
        when d then 333  when e then 444 else 555 end as col4,
       a+b*2+c*3+d*4 as col5,
       (select count(*) from t1 as x where x.b<t1.b) as col6
from t1
where (a>b-2 and a<b+2)
    or a>b
    or b>c
order by col6,col4,col5,col2,col3,col1

# need to check the result later, currently just use ok to skip
onlyif todo
statement ok
select abs(a) as col1,
       d as col2,
       (a+b+c+d+e)/5 as col3,
       case a+1 when b then 111 when c then 222
        when d then 333  when e then 444 else 555 end as col4,
       a+b*2+c*3+d*4 as col5,
       (select count(*) from t1 as x where x.b<t1.b) as col6
from t1
where (a>b-2 and a<b+2)
    or a>b
    or b>c
order by col5,col1,col2,col6,col3,col4

# need to check the result later, currently just use ok to skip
onlyif todo
statement ok
select abs(a) as col1,
       a+b*2+c*3 as col2
from t1
where d>e
order by col2,col1

# need to check the result later, currently just use ok to skip
onlyif todo
statement ok
select abs(a) as col1,
       a+b*2+c*3 as col2
from t1
where d>e
order by col1,col2

# need to check the result later, currently just use ok to skip
onlyif todo
statement ok
select a+b*2+c*3 as col1,
       case a+1 when b then 111 when c then 222
        when d then 333  when e then 444 else 555 end as col2,
       a-b as col3,
       a as col4,
       abs(b-c) as col5,
       (select count(*) from t1 as x where x.c>t1.c and x.d<t1.d) as col6
from t1
where b>c
order by col6,col4,col5,col2,col3,col1

# need to check the result later, currently just use ok to skip
onlyif todo
statement ok
select a+b*2+c*3 as col1,
       case a+1 when b then 111 when c then 222
        when d then 333  when e then 444 else 555 end as col2,
       a-b as col3,
       a as col4,
       abs(b-c) as col5,
       (select count(*) from t1 as x where x.c>t1.c and x.d<t1.d) as col6
from t1
where b>c
order by col1,col6,col4,col5,col2,col3

# need to check the result later, currently just use ok to skip
onlyif todo
statement ok
select b as col1,
       b-c as col2,
       (select count(*) from t1 as x where x.b<t1.b) as col3,
       c-d as col4,
       a+b*2+c*3+d*4 as col5
from t1
where (e>a and e<b)
   and e+d between a+b-10 and c+130
   and (a>b-2 and a<b+2)
order by col4,col5,col2,col3,col1

# need to check the result later, currently just use ok to skip
onlyif todo
statement ok
select b as col1,
       b-c as col2,
       (select count(*) from t1 as x where x.b<t1.b) as col3,
       c-d as col4,
       a+b*2+c*3+d*4 as col5
from t1
where (e>a and e<b)
   and e+d between a+b-10 and c+130
   and (a>b-2 and a<b+2)
order by col2,col5,col4,col3,col1

# need to check the result later, currently just use ok to skip
onlyif todo
statement ok
select b as col1,
       b-c as col2,
       (select count(*) from t1 as x where x.b<t1.b) as col3,
       c-d as col4,
       a+b*2+c*3+d*4 as col5
from t1
where (a>b-2 and a<b+2)
   and (e>a and e<b)
   and e+d between a+b-10 and c+130
order by col4,col5,col2,col3,col1

# need to check the result later, currently just use ok to skip
onlyif todo
statement ok
select b as col1,
       b-c as col2,
       (select count(*) from t1 as x where x.b<t1.b) as col3,
       c-d as col4,
       a+b*2+c*3+d*4 as col5
from t1
where (a>b-2 and a<b+2)
   and (e>a and e<b)
   and e+d between a+b-10 and c+130
order by col4,col1,col2,col5,col3

# need to check the result later, currently just use ok to skip
onlyif todo
statement ok
select b as col1,
       b-c as col2,
       (select count(*) from t1 as x where x.b<t1.b) as col3,
       c-d as col4,
       a+b*2+c*3+d*4 as col5
from t1
where e+d between a+b-10 and c+130
   and (a>b-2 and a<b+2)
   and (e>a and e<b)
order by col4,col5,col2,col3,col1

# need to check the result later, currently just use ok to skip
onlyif todo
statement ok
select b as col1,
       b-c as col2,
       (select count(*) from t1 as x where x.b<t1.b) as col3,
       c-d as col4,
       a+b*2+c*3+d*4 as col5
from t1
where e+d between a+b-10 and c+130
   and (a>b-2 and a<b+2)
   and (e>a and e<b)
order by col4,col1,col3,col5,col2

query IIIIII
select a+b*2 as col1,
       abs(b-c) as col2,
       abs(a) as col3,
       a+b*2+c*3+d*4 as col4,
       case when c>avg_c then a*2 else b*10 end as col5,
       e as col6
from (
 select a, b, c, d, e, avg_c
 from (
  select avg(c) as avg_c from t1
 ) as Q cross join (select a, b, c, d, e from t1) as R
)
where b>c
    or d not between 110 and 150
order by col6,col4,col5,col2,col3,col1
----
317 1 107 1067 1050 109
385 4 127 1272 1290 126
416 2 138 1371 1390 135
428 2 142 1411 1430 144
475 3 159 NULL 1580 157
483 1 163 1622 1600 162
502 1 168 NULL 1670 165
514 2 174 1714 1700 173
544 3 182 1828 364 180
560 1 188 1861 376 189
579 1 191 1918 382 192
595 3 199 1964 398 197
NULL NULL 201 NULL 402 204
635 3 213 2125 426 210
652 3 216 2165 432 219
666 1 220 2226 440 221
685 3 229 2264 458 227
698 1 234 2323 468 230
711 NULL 239 NULL 2360 237
743 2 245 2476 490 246
369 1 121 1226 1240 NULL
455 1 153 NULL 1510 NULL
NULL 2 NULL NULL NULL NULL
NULL NULL 104 NULL NULL NULL

query IIIIII
select a+b*2 as col1,
       abs(b-c) as col2,
       abs(a) as col3,
       a+b*2+c*3+d*4 as col4,
       case when c>avg_c then a*2 else b*10 end as col5,
       e as col6
from (
 select a, b, c, d, e, avg_c
 from (
  select avg(c) as avg_c from t1
 ) as Q cross join (select a, b, c, d, e from t1) as R
)
where b>c
    or d not between 110 and 150
order by col2,col4,col3,col6,col5,col1
----
317 1 107 1067 1050 109
369 1 121 1226 1240 NULL
483 1 163 1622 1600 162
560 1 188 1861 376 189
579 1 191 1918 382 192
666 1 220 2226 440 221
698 1 234 2323 468 230
455 1 153 NULL 1510 NULL
502 1 168 NULL 1670 165
416 2 138 1371 1390 135
428 2 142 1411 1430 144
514 2 174 1714 1700 173
743 2 245 2476 490 246
NULL 2 NULL NULL NULL NULL
544 3 182 1828 364 180
595 3 199 1964 398 197
635 3 213 2125 426 210
652 3 216 2165 432 219
685 3 229 2264 458 227
475 3 159 NULL 1580 157
385 4 127 1272 1290 126
NULL NULL 104 NULL NULL NULL
NULL NULL 201 NULL 402 204
711 NULL 239 NULL 2360 237

# need to check the result later, currently just use ok to skip
onlyif todo
statement ok
select d-e as col1,
       abs(a) as col2,
       case a+1 when b then 111 when c then 222
        when d then 333  when e then 444 else 555 end as col3,
       (a+b+c+d+e)/5 as col4,
       (select count(*) from t1 as x where x.b<t1.b) as col5,
       a+b*2+c*3+d*4 as col6
from t1
order by col6,col4,col5,col2,col3,col1

# need to check the result later, currently just use ok to skip
onlyif todo
statement ok
select d-e as col1,
       abs(a) as col2,
       case a+1 when b then 111 when c then 222
        when d then 333  when e then 444 else 555 end as col3,
       (a+b+c+d+e)/5 as col4,
       (select count(*) from t1 as x where x.b<t1.b) as col5,
       a+b*2+c*3+d*4 as col6
from t1
order by col3,col4,col1,col6,col5,col2

query TI
select b as col1,
       c as col2
from t1
order by col2,col1
----
NULL 102
105 106
112 113
NULL 119
124 123
129 125
130 134
139 137
143 141
145 147
151 150
158 155
160 161
167 166
170 172
175 176
181 184
186 187
194 193
198 195
NULL 202
206 208
211 214
218 215
223 224
228 225
232 231
240 244
249 247
236 NULL

query II
select b as col1,
       c as col2
from t1
order by col1,col2
----
105 106
112 113
124 123
129 125
130 134
139 137
143 141
145 147
151 150
158 155
160 161
167 166
170 172
175 176
181 184
186 187
194 193
198 195
206 208
211 214
218 215
223 224
228 225
232 231
236 NULL
240 244
249 247
NULL 102
NULL 119
NULL 202

# need to check the result later, currently just use ok to skip
onlyif todo
statement ok
select a+b*2+c*3 as col1,
       (select count(*) from t1 as x where x.c>t1.c and x.d<t1.d) as col2
from t1
where c between b-2 and d+2
   and d>e
   and (a>b-2 and a<b+2)
order by col2,col1

# need to check the result later, currently just use ok to skip
onlyif todo
statement ok
select a+b*2+c*3 as col1,
       (select count(*) from t1 as x where x.c>t1.c and x.d<t1.d) as col2
from t1
where c between b-2 and d+2
   and d>e
   and (a>b-2 and a<b+2)
order by col1,col2

# need to check the result later, currently just use ok to skip
onlyif todo
statement ok
select a+b*2+c*3 as col1,
       (select count(*) from t1 as x where x.c>t1.c and x.d<t1.d) as col2
from t1
where c between b-2 and d+2
   and (a>b-2 and a<b+2)
   and d>e
order by col2,col1

# need to check the result later, currently just use ok to skip
onlyif todo
statement ok
select a+b*2+c*3 as col1,
       (select count(*) from t1 as x where x.c>t1.c and x.d<t1.d) as col2
from t1
where c between b-2 and d+2
   and (a>b-2 and a<b+2)
   and d>e
order by col2,col1

# need to check the result later, currently just use ok to skip
onlyif todo
statement ok
select a+b*2+c*3 as col1,
       (select count(*) from t1 as x where x.c>t1.c and x.d<t1.d) as col2
from t1
where d>e
   and (a>b-2 and a<b+2)
   and c between b-2 and d+2
order by col2,col1

# need to check the result later, currently just use ok to skip
onlyif todo
statement ok
select a+b*2+c*3 as col1,
       (select count(*) from t1 as x where x.c>t1.c and x.d<t1.d) as col2
from t1
where d>e
   and (a>b-2 and a<b+2)
   and c between b-2 and d+2
order by col1,col2

# need to check the result later, currently just use ok to skip
onlyif todo
statement ok
select a+b*2+c*3 as col1,
       (select count(*) from t1 as x where x.c>t1.c and x.d<t1.d) as col2
from t1
where (a>b-2 and a<b+2)
   and d>e
   and c between b-2 and d+2
order by col2,col1

# need to check the result later, currently just use ok to skip
onlyif todo
statement ok
select a+b*2+c*3 as col1,
       (select count(*) from t1 as x where x.c>t1.c and x.d<t1.d) as col2
from t1
where (a>b-2 and a<b+2)
   and d>e
   and c between b-2 and d+2
order by col1,col2

# need to check the result later, currently just use ok to skip
onlyif todo
statement ok
select case when a<b-3 then 111 when a<=b then 222
        when a<b+3 then 333 else 444 end as col1,
       d as col2,
       a+b*2+c*3+d*4+e*5 as col3
from t1
where (e>c or e<d)
    or b>c
    or exists(select 1 from t1 as x where x.b<t1.b)
order by col2,col3,col1

# need to check the result later, currently just use ok to skip
onlyif todo
statement ok
select case when a<b-3 then 111 when a<=b then 222
        when a<b+3 then 333 else 444 end as col1,
       d as col2,
       a+b*2+c*3+d*4+e*5 as col3
from t1
where (e>c or e<d)
    or b>c
    or exists(select 1 from t1 as x where x.b<t1.b)
order by col1,col2,col3

# need to check the result later, currently just use ok to skip
onlyif todo
statement ok
select case when a<b-3 then 111 when a<=b then 222
        when a<b+3 then 333 else 444 end as col1,
       d as col2,
       a+b*2+c*3+d*4+e*5 as col3
from t1
where b>c
    or exists(select 1 from t1 as x where x.b<t1.b)
    or (e>c or e<d)
order by col2,col3,col1

# need to check the result later, currently just use ok to skip
onlyif todo
statement ok
select case when a<b-3 then 111 when a<=b then 222
        when a<b+3 then 333 else 444 end as col1,
       d as col2,
       a+b*2+c*3+d*4+e*5 as col3
from t1
where b>c
    or exists(select 1 from t1 as x where x.b<t1.b)
    or (e>c or e<d)
order by col1,col3,col2

# need to check the result later, currently just use ok to skip
onlyif todo
statement ok
select case when a<b-3 then 111 when a<=b then 222
        when a<b+3 then 333 else 444 end as col1,
       d as col2,
       a+b*2+c*3+d*4+e*5 as col3
from t1
where exists(select 1 from t1 as x where x.b<t1.b)
    or b>c
    or (e>c or e<d)
order by col2,col3,col1

# need to check the result later, currently just use ok to skip
onlyif todo
statement ok
select case when a<b-3 then 111 when a<=b then 222
        when a<b+3 then 333 else 444 end as col1,
       d as col2,
       a+b*2+c*3+d*4+e*5 as col3
from t1
where exists(select 1 from t1 as x where x.b<t1.b)
    or b>c
    or (e>c or e<d)
order by col2,col1,col3

query IIII
select c-d as col1,
       d-e as col2,
       d as col3,
       a+b*2+c*3 as col4
from t1
order by col4,col2,col3,col1
----
-2 -1 108 635
1 NULL 122 738
-3 2 128 760
1 1 133 793
1 1 136 827
1 -4 140 851
NULL NULL NULL 880
NULL NULL NULL 905
NULL NULL NULL 940
-3 2 164 966
NULL NULL NULL 1000
1 -2 171 1030
NULL NULL NULL 1057
1 3 183 1096
2 -4 185 1121
3 -2 190 1158
-1 -1 196 1180
2 2 212 1277
-2 -2 217 1297
2 1 222 1338
-1 -1 226 1360
-2 3 233 1391
NULL NULL NULL 1455
-1 2 248 1484
3 -1 116 NULL
-1 -1 203 NULL
NULL 1 238 NULL
-1 4 114 NULL
1 NULL 101 NULL
1 NULL 207 NULL

query IIII
select c-d as col1,
       d-e as col2,
       d as col3,
       a+b*2+c*3 as col4
from t1
order by col2,col1,col3,col4
----
1 -4 140 851
2 -4 185 1121
-2 -2 217 1297
1 -2 171 1030
3 -2 190 1158
-2 -1 108 635
-1 -1 196 1180
-1 -1 203 NULL
-1 -1 226 1360
3 -1 116 NULL
1 1 133 793
1 1 136 827
2 1 222 1338
NULL 1 238 NULL
-3 2 128 760
-3 2 164 966
-1 2 248 1484
2 2 212 1277
-2 3 233 1391
1 3 183 1096
-1 4 114 NULL
1 NULL 101 NULL
1 NULL 122 738
1 NULL 207 NULL
NULL NULL NULL 880
NULL NULL NULL 905
NULL NULL NULL 940
NULL NULL NULL 1000
NULL NULL NULL 1057
NULL NULL NULL 1455

# need to check the result later, currently just use ok to skip
onlyif todo
statement ok
select abs(b-c) as col1
from t1
where (c<=d-2 or c>=d+2)
   and c between b-2 and d+2
order by col1

# need to check the result later, currently just use ok to skip
onlyif todo
statement ok
select abs(b-c) as col1
from t1
where (c<=d-2 or c>=d+2)
   and c between b-2 and d+2
order by col1

# need to check the result later, currently just use ok to skip
onlyif todo
statement ok
select case a+1 when b then 111 when c then 222
        when d then 333  when e then 444 else 555 end as col1,
       a+b*2+c*3+d*4 as col2,
       c as col3,
       a+b*2+c*3+d*4+e*5 as col4
from t1
where d>e
    or (e>a and e<b)
    or (c<=d-2 or c>=d+2)
order by col4,col2,col3,col1

# need to check the result later, currently just use ok to skip
onlyif todo
statement ok
select case a+1 when b then 111 when c then 222
        when d then 333  when e then 444 else 555 end as col1,
       a+b*2+c*3+d*4 as col2,
       c as col3,
       a+b*2+c*3+d*4+e*5 as col4
from t1
where d>e
    or (e>a and e<b)
    or (c<=d-2 or c>=d+2)
order by col2,col4,col3,col1

# need to check the result later, currently just use ok to skip
onlyif todo
statement ok
select case a+1 when b then 111 when c then 222
        when d then 333  when e then 444 else 555 end as col1,
       a+b*2+c*3+d*4 as col2,
       c as col3,
       a+b*2+c*3+d*4+e*5 as col4
from t1
where (c<=d-2 or c>=d+2)
    or d>e
    or (e>a and e<b)
order by col4,col2,col3,col1

# need to check the result later, currently just use ok to skip
onlyif todo
statement ok
select case a+1 when b then 111 when c then 222
        when d then 333  when e then 444 else 555 end as col1,
       a+b*2+c*3+d*4 as col2,
       c as col3,
       a+b*2+c*3+d*4+e*5 as col4
from t1
where (c<=d-2 or c>=d+2)
    or d>e
    or (e>a and e<b)
order by col3,col4,col1,col2

# need to check the result later, currently just use ok to skip
onlyif todo
statement ok
select a+b*2+c*3+d*4+e*5 as col1,
       case when a<b-3 then 111 when a<=b then 222
        when a<b+3 then 333 else 444 end as col2,
       a-b as col3,
       d-e as col4
from t1
where d>e
    or (a>b-2 and a<b+2)
    or c>d
order by col4,col2,col3,col1

# need to check the result later, currently just use ok to skip
onlyif todo
statement ok
select a+b*2+c*3+d*4+e*5 as col1,
       case when a<b-3 then 111 when a<=b then 222
        when a<b+3 then 333 else 444 end as col2,
       a-b as col3,
       d-e as col4
from t1
where d>e
    or (a>b-2 and a<b+2)
    or c>d
order by col2,col3,col4,col1

# need to check the result later, currently just use ok to skip
onlyif todo
statement ok
select a+b*2+c*3+d*4+e*5 as col1,
       case when a<b-3 then 111 when a<=b then 222
        when a<b+3 then 333 else 444 end as col2,
       a-b as col3,
       d-e as col4
from t1
where (a>b-2 and a<b+2)
    or c>d
    or d>e
order by col4,col2,col3,col1

# need to check the result later, currently just use ok to skip
onlyif todo
statement ok
select a+b*2+c*3+d*4+e*5 as col1,
       case when a<b-3 then 111 when a<=b then 222
        when a<b+3 then 333 else 444 end as col2,
       a-b as col3,
       d-e as col4
from t1
where (a>b-2 and a<b+2)
    or c>d
    or d>e
order by col1,col2,col4,col3

# need to check the result later, currently just use ok to skip
onlyif todo
statement ok
select a+b*2+c*3+d*4+e*5 as col1,
       case when a<b-3 then 111 when a<=b then 222
        when a<b+3 then 333 else 444 end as col2,
       a-b as col3,
       d-e as col4
from t1
where d>e
    or c>d
    or (a>b-2 and a<b+2)
order by col4,col2,col3,col1

# need to check the result later, currently just use ok to skip
onlyif todo
statement ok
select a+b*2+c*3+d*4+e*5 as col1,
       case when a<b-3 then 111 when a<=b then 222
        when a<b+3 then 333 else 444 end as col2,
       a-b as col3,
       d-e as col4
from t1
where d>e
    or c>d
    or (a>b-2 and a<b+2)
order by col2,col4,col1,col3

# need to check the result later, currently just use ok to skip
onlyif todo
statement ok
select abs(a) as col1,
       c as col2,
       case a+1 when b then 111 when c then 222
        when d then 333  when e then 444 else 555 end as col3,
       d-e as col4
from t1
where e+d between a+b-10 and c+130
   and (a>b-2 and a<b+2)
order by col4,col2,col3,col1

# need to check the result later, currently just use ok to skip
onlyif todo
statement ok
select abs(a) as col1,
       c as col2,
       case a+1 when b then 111 when c then 222
        when d then 333  when e then 444 else 555 end as col3,
       d-e as col4
from t1
where e+d between a+b-10 and c+130
   and (a>b-2 and a<b+2)
order by col4,col3,col2,col1

# need to check the result later, currently just use ok to skip
onlyif todo
statement ok
select abs(a) as col1,
       c as col2,
       case a+1 when b then 111 when c then 222
        when d then 333  when e then 444 else 555 end as col3,
       d-e as col4
from t1
where (a>b-2 and a<b+2)
   and e+d between a+b-10 and c+130
order by col4,col2,col3,col1

# need to check the result later, currently just use ok to skip
onlyif todo
statement ok
select abs(a) as col1,
       c as col2,
       case a+1 when b then 111 when c then 222
        when d then 333  when e then 444 else 555 end as col3,
       d-e as col4
from t1
where (a>b-2 and a<b+2)
   and e+d between a+b-10 and c+130
order by col4,col1,col2,col3

# need to check the result later, currently just use ok to skip
onlyif todo
statement ok
select a+b*2+c*3+d*4 as col1
from t1
where (e>c or e<d)
   and e+d between a+b-10 and c+130
order by col1

# need to check the result later, currently just use ok to skip
onlyif todo
statement ok
select a+b*2+c*3+d*4 as col1
from t1
where (e>c or e<d)
   and e+d between a+b-10 and c+130
order by col1

# need to check the result later, currently just use ok to skip
onlyif todo
statement ok
select a+b*2+c*3+d*4 as col1
from t1
where e+d between a+b-10 and c+130
   and (e>c or e<d)
order by col1

# need to check the result later, currently just use ok to skip
onlyif todo
statement ok
select a+b*2+c*3+d*4 as col1
from t1
where e+d between a+b-10 and c+130
   and (e>c or e<d)
order by col1

# need to check the result later, currently just use ok to skip
onlyif todo
statement ok
select b-c as col1
from t1
where c>d
order by col1

# need to check the result later, currently just use ok to skip
onlyif todo
statement ok
select b-c as col1
from t1
where c>d
order by col1

# need to check the result later, currently just use ok to skip
onlyif todo
statement ok
select a+b*2+c*3+d*4 as col1,
       c as col2
from t1
where b>c
order by col2,col1

# need to check the result later, currently just use ok to skip
onlyif todo
statement ok
select a+b*2+c*3+d*4 as col1,
       c as col2
from t1
where b>c
order by col1,col2

# need to check the result later, currently just use ok to skip
onlyif todo
statement ok
select a+b*2+c*3+d*4 as col1,
       c-d as col2,
       a+b*2+c*3 as col3,
       d as col4,
       d-e as col5,
       (select count(*) from t1 as x where x.b<t1.b) as col6,
       abs(b-c) as col7
from t1
order by col6,col7,col4,col5,col2,col3,col1

# need to check the result later, currently just use ok to skip
onlyif todo
statement ok
select a+b*2+c*3+d*4 as col1,
       c-d as col2,
       a+b*2+c*3 as col3,
       d as col4,
       d-e as col5,
       (select count(*) from t1 as x where x.b<t1.b) as col6,
       abs(b-c) as col7
from t1
order by col5,col4,col7,col6,col1,col2,col3

# need to check the result later, currently just use ok to skip
onlyif todo
statement ok
select a+b*2+c*3+d*4+e*5 as col1,
       (select count(*) from t1 as x where x.c>t1.c and x.d<t1.d) as col2,
       a-b as col3,
       a+b*2+c*3+d*4 as col4
from t1
where d>e
    or b>c
order by col4,col2,col3,col1

# need to check the result later, currently just use ok to skip
onlyif todo
statement ok
select a+b*2+c*3+d*4+e*5 as col1,
       (select count(*) from t1 as x where x.c>t1.c and x.d<t1.d) as col2,
       a-b as col3,
       a+b*2+c*3+d*4 as col4
from t1
where d>e
    or b>c
order by col3,col2,col4,col1

# need to check the result later, currently just use ok to skip
onlyif todo
statement ok
select a+b*2+c*3+d*4+e*5 as col1,
       (select count(*) from t1 as x where x.c>t1.c and x.d<t1.d) as col2,
       a-b as col3,
       a+b*2+c*3+d*4 as col4
from t1
where b>c
    or d>e
order by col4,col2,col3,col1

# need to check the result later, currently just use ok to skip
onlyif todo
statement ok
select a+b*2+c*3+d*4+e*5 as col1,
       (select count(*) from t1 as x where x.c>t1.c and x.d<t1.d) as col2,
       a-b as col3,
       a+b*2+c*3+d*4 as col4
from t1
where b>c
    or d>e
order by col1,col4,col2,col3

# need to check the result later, currently just use ok to skip
onlyif todo
statement ok
select a+b*2+c*3 as col1,
       c-d as col2
from t1
where exists(select 1 from t1 as x where x.b<t1.b)
   and b>c
order by col2,col1

# need to check the result later, currently just use ok to skip
onlyif todo
statement ok
select a+b*2+c*3 as col1,
       c-d as col2
from t1
where exists(select 1 from t1 as x where x.b<t1.b)
   and b>c
order by col2,col1

# need to check the result later, currently just use ok to skip
onlyif todo
statement ok
select a+b*2+c*3 as col1,
       c-d as col2
from t1
where b>c
   and exists(select 1 from t1 as x where x.b<t1.b)
order by col2,col1

# need to check the result later, currently just use ok to skip
onlyif todo
statement ok
select a+b*2+c*3 as col1,
       c-d as col2
from t1
where b>c
   and exists(select 1 from t1 as x where x.b<t1.b)
order by col1,col2

query ITTTTI
select c as col1,
       a+b*2+c*3+d*4 as col2,
       b as col3,
       abs(b-c) as col4,
       (a+b+c+d+e)/5 as col5,
       abs(a) as col6
from t1
order by col6,col4,col5,col2,col3,col1
----
102 NULL NULL NULL NULL 104
106 1067 105 1 107.0 107
119 NULL NULL NULL NULL 115
123 1226 124 1 NULL 121
125 1272 129 4 127.0 127
134 1325 130 4 132.0 131
137 1371 139 2 137.0 138
141 1411 143 2 142.0 142
147 NULL 145 2 NULL 149
150 NULL 151 1 NULL 153
155 NULL 158 3 NULL 159
161 1622 160 1 162.0 163
166 NULL 167 1 NULL 168
172 1714 170 2 172.0 174
176 NULL 175 1 NULL 179
184 1828 181 3 182.0 182
187 1861 186 1 187.0 188
193 1918 194 1 192.0 191
195 1964 198 3 197.0 199
202 NULL NULL NULL NULL 201
214 2125 211 3 212.0 213
215 2165 218 3 217.0 216
224 2226 223 1 222.0 220
225 2264 228 3 227.0 229
231 2323 232 1 232.0 234
NULL NULL 236 NULL NULL 239
244 NULL 240 4 NULL 243
247 2476 249 2 247.0 245
113 NULL 112 1 NULL NULL
208 NULL 206 2 NULL NULL

query IIIIFI
select c as col1,
       a+b*2+c*3+d*4 as col2,
       b as col3,
       abs(b-c) as col4,
       (a+b+c+d+e)/5 as col5,
       abs(a) as col6
from t1
order by col3,col4,col5,col6,col2,col1
----
106 1067 105 1 107.0 107
113 NULL 112 1 NULL NULL
123 1226 124 1 NULL 121
125 1272 129 4 127.0 127
134 1325 130 4 132.0 131
137 1371 139 2 137.0 138
141 1411 143 2 142.0 142
147 NULL 145 2 NULL 149
150 NULL 151 1 NULL 153
155 NULL 158 3 NULL 159
161 1622 160 1 162.0 163
166 NULL 167 1 NULL 168
172 1714 170 2 172.0 174
176 NULL 175 1 NULL 179
184 1828 181 3 182.0 182
187 1861 186 1 187.0 188
193 1918 194 1 192.0 191
195 1964 198 3 197.0 199
208 NULL 206 2 NULL NULL
214 2125 211 3 212.0 213
215 2165 218 3 217.0 216
224 2226 223 1 222.0 220
225 2264 228 3 227.0 229
231 2323 232 1 232.0 234
NULL NULL 236 NULL NULL 239
244 NULL 240 4 NULL 243
247 2476 249 2 247.0 245
102 NULL NULL NULL NULL 104
119 NULL NULL NULL NULL 115
202 NULL NULL NULL NULL 201

query II
select a as col1,
       c-d as col2
from t1
order by col2,col1
----
127 -3
163 -3
107 -2
216 -2
234 -2
199 -1
201 -1
229 -1
245 -1
NULL -1
104 1
121 1
131 1
138 1
142 1
174 1
182 1
NULL 1
188 2
213 2
220 2
115 3
191 3
149 NULL
153 NULL
159 NULL
168 NULL
179 NULL
239 NULL
243 NULL

query II
select a as col1,
       c-d as col2
from t1
order by col2,col1
----
127 -3
163 -3
107 -2
216 -2
234 -2
199 -1
201 -1
229 -1
245 -1
NULL -1
104 1
121 1
131 1
138 1
142 1
174 1
182 1
NULL 1
188 2
213 2
220 2
115 3
191 3
149 NULL
153 NULL
159 NULL
168 NULL
179 NULL
239 NULL
243 NULL

# need to check the result later, currently just use ok to skip
onlyif todo
statement ok
select abs(b-c) as col1,
       case when c>(select avg(c) from t1) then a*2 else b*10 end as col2,
       abs(a) as col3,
       a+b*2+c*3+d*4+e*5 as col4,
       b as col5,
       (select count(*) from t1 as x where x.c>t1.c and x.d<t1.d) as col6
from t1
where (e>a and e<b)
    or e+d between a+b-10 and c+130
    or d>e
order by col6,col4,col5,col2,col3,col1

# need to check the result later, currently just use ok to skip
onlyif todo
statement ok
select abs(b-c) as col1,
       case when c>(select avg(c) from t1) then a*2 else b*10 end as col2,
       abs(a) as col3,
       a+b*2+c*3+d*4+e*5 as col4,
       b as col5,
       (select count(*) from t1 as x where x.c>t1.c and x.d<t1.d) as col6
from t1
where (e>a and e<b)
    or e+d between a+b-10 and c+130
    or d>e
order by col3,col4,col6,col5,col2,col1

# need to check the result later, currently just use ok to skip
onlyif todo
statement ok
select abs(b-c) as col1,
       case when c>(select avg(c) from t1) then a*2 else b*10 end as col2,
       abs(a) as col3,
       a+b*2+c*3+d*4+e*5 as col4,
       b as col5,
       (select count(*) from t1 as x where x.c>t1.c and x.d<t1.d) as col6
from t1
where e+d between a+b-10 and c+130
    or d>e
    or (e>a and e<b)
order by col6,col4,col5,col2,col3,col1

# need to check the result later, currently just use ok to skip
onlyif todo
statement ok
select abs(b-c) as col1,
       case when c>(select avg(c) from t1) then a*2 else b*10 end as col2,
       abs(a) as col3,
       a+b*2+c*3+d*4+e*5 as col4,
       b as col5,
       (select count(*) from t1 as x where x.c>t1.c and x.d<t1.d) as col6
from t1
where e+d between a+b-10 and c+130
    or d>e
    or (e>a and e<b)
order by col1,col6,col5,col4,col2,col3

