statement ok
drop table if exists t1 all

statement ok
create table t1(a integer null, b integer null, c integer null, d integer null, e integer null)

statement ok
insert into t1(e,c,b,d,a) values(null,102,null,101,104)

statement ok
insert into t1(a,c,d,e,b) values(107,106,108,109,105)

statement ok
insert into t1(e,d,b,a,c) values(110,114,112,null,113)

statement ok
insert into t1(d,c,e,a,b) values(116,119,117,115,null)

statement ok
insert into t1(c,d,b,e,a) values(123,122,124,null,121)

statement ok
insert into t1(a,d,b,e,c) values(127,128,129,126,125)

statement ok
insert into t1(e,c,a,d,b) values(132,134,131,133,130)

statement ok
insert into t1(a,d,b,e,c) values(138,136,139,135,137)

statement ok
insert into t1(e,c,d,a,b) values(144,141,140,142,143)

statement ok
insert into t1(b,a,e,d,c) values(145,149,146,null,147)

statement ok
insert into t1(b,c,a,d,e) values(151,150,153,null,null)

statement ok
insert into t1(c,e,a,d,b) values(155,157,159,null,158)

statement ok
insert into t1(c,b,a,d,e) values(161,160,163,164,162)

statement ok
insert into t1(b,d,a,e,c) values(167,null,168,165,166)

statement ok
insert into t1(d,b,c,e,a) values(171,170,172,173,174)

statement ok
insert into t1(e,c,a,d,b) values(177,176,179,null,175)

statement ok
insert into t1(b,e,a,d,c) values(181,180,182,183,184)

statement ok
insert into t1(c,a,b,e,d) values(187,188,186,189,185)

statement ok
insert into t1(d,b,c,e,a) values(190,194,193,192,191)

statement ok
insert into t1(a,e,b,d,c) values(199,197,198,196,195)

statement ok
insert into t1(b,c,d,a,e) values(null,202,203,201,204)

statement ok
insert into t1(c,e,a,b,d) values(208,null,null,206,207)

statement ok
insert into t1(c,e,a,d,b) values(214,210,213,212,211)

statement ok
insert into t1(b,c,a,d,e) values(218,215,216,217,219)

statement ok
insert into t1(b,e,d,a,c) values(223,221,222,220,224)

statement ok
insert into t1(d,e,b,a,c) values(226,227,228,229,225)

statement ok
insert into t1(a,c,b,e,d) values(234,231,232,230,233)

statement ok
insert into t1(e,b,a,c,d) values(237,236,239,null,238)

statement ok
insert into t1(e,c,b,a,d) values(null,244,240,243,null)

statement ok
insert into t1(e,d,c,b,a) values(246,248,247,249,245)

query IIIII
select abs(b-c) as col1,
       d-e as col2,
       c-d as col3,
       a+b*2+c*3+d*4+e*5 as col4,
       d as col5
from t1
where coalesce(a,b,c,d,e)<>0
    or c>d
    or d>e
order by col1,col4,col2,col5,col3
----
1 -1 -2 1612 108
1 2 -3 2432 164
1 -4 2 2806 185
1 -2 3 2878 190
1 1 2 3331 222
1 3 -2 3473 233
1 4 -1 NULL 114
1 NULL 1 NULL 122
1 NULL NULL NULL NULL
1 NULL NULL NULL NULL
1 NULL NULL NULL NULL
2 1 1 2046 136
2 -4 1 2131 140
2 -2 1 2579 171
2 2 -1 3706 248
2 NULL 1 NULL 207
2 NULL NULL NULL NULL
3 3 1 2728 183
3 -1 -1 2949 196
3 2 2 3175 212
3 -2 -2 3260 217
3 -1 -1 3399 226
3 NULL NULL NULL NULL
4 2 -3 1902 128
4 1 1 1985 133
4 NULL NULL NULL NULL
NULL -1 3 NULL 116
NULL -1 -1 NULL 203
NULL 1 NULL NULL 238
NULL NULL 1 NULL 101

# need to check the result later, currently just use ok to skip
onlyif todo
statement ok
select a-b as col1,
       (a+b+c+d+e)/5 as col2,
       abs(b-c) as col3,
       c as col4,
       abs(a) as col5,
       e as col6,
       (select count(*) from t1 as x where x.b<t1.b) as col7
from t1
where d not between 110 and 150
    or exists(select 1 from t1 as x where x.b<t1.b)
or a is null

query IIII
select a+b*2 as col1,
       c as col2,
       e as col3,
       b as col4
from t1
where (e>a and e<b)
    or coalesce(a,b,c,d,e)<>0
order by col1,col2,col3,col4
----
317 106 109 105
369 123 NULL 124
385 125 126 129
391 134 132 130
416 137 135 139
428 141 144 143
439 147 146 145
455 150 NULL 151
475 155 157 158
483 161 162 160
502 166 165 167
514 172 173 170
529 176 177 175
544 184 180 181
560 187 189 186
579 193 192 194
595 195 197 198
635 214 210 211
652 215 219 218
666 224 221 223
685 225 227 228
698 231 230 232
711 NULL 237 236
723 244 NULL 240
743 247 246 249
NULL 102 NULL NULL
NULL 113 110 112
NULL 119 117 NULL
NULL 202 204 NULL
NULL 208 NULL 206

# need to check the result later, currently just use ok to skip
onlyif todo
statement ok
select case a+1 when b then 111 when c then 222
        when d then 333  when e then 444 else 555 end as col1,
       d as col2,
       (a+b+c+d+e)/5 as col3,
       (select count(*) from t1 as x where x.b<t1.b) as col4
from t1
where a>b
and (e>a and e<b)

# need to check the result later, currently just use ok to skip
onlyif todo
statement ok
select a+b*2+c*3+d*4+e*5 as col1
from t1
where (a>b-2 and a<b+2)
    or d not between 110 and 150
or exists(select 1 from t1 as x where x.b<t1.b)

query II
select b-c as col1,
       a+b*2+c*3+d*4+e*5 as col2
from t1
order by col1,col2
----
-4 1985
-4 NULL
-3 2728
-3 3175
-2 2579
-2 NULL
-2 NULL
-1 1612
-1 2432
-1 2806
-1 3331
-1 NULL
-1 NULL
1 2878
1 3473
1 NULL
1 NULL
1 NULL
2 2046
2 2131
2 3706
3 2949
3 3260
3 3399
3 NULL
4 1902
NULL NULL
NULL NULL
NULL NULL
NULL NULL

# need to check the result later, currently just use ok to skip
onlyif todo
statement ok
select case a+1 when b then 111 when c then 222
        when d then 333  when e then 444 else 555 end as col1
from t1
where exists(select 1 from t1 as x where x.b<t1.b)

# need to check the result later, currently just use ok to skip
onlyif todo
statement ok
select a-b as col1,
       (select count(*) from t1 as x where x.b<t1.b) as col2,
       a as col3
from t1

# need to check the result later, currently just use ok to skip
onlyif todo
statement ok
select abs(b-c) as col1
from t1
where coalesce(a,b,c,d,e)<>0
   and b is not null
order by col1

# need to check the result later, currently just use ok to skip
onlyif todo
statement ok
select c-d as col1,
       abs(b-c) as col2
from t1
where (c<=d-2 or c>=d+2)
   and e+d between a+b-10 and c+130
   and b is not null
order by col1,col2

query FIIIII
select (a+b+c+d+e)/5 as col1,
       e as col2,
       c-d as col3,
       a+b*2+c*3 as col4,
       case when a<b-3 then 111 when a<=b then 222
        when a<b+3 then 333 else 444 end as col5,
       a-b as col6
from t1
where c between b-2 and d+2
    or coalesce(a,b,c,d,e)<>0
    or a is null
order by col1,col2,col6,col5,col3,col4
----
107.0 109 -2 635 333 2
127.0 126 -3 760 222 -2
132.0 132 1 793 333 1
137.0 135 1 827 222 -1
142.0 144 1 851 222 -1
162.0 162 -3 966 444 3
172.0 173 1 1030 444 4
182.0 180 1 1096 333 1
187.0 189 2 1121 333 2
192.0 192 3 1158 222 -3
197.0 197 -1 1180 333 1
212.0 210 2 1277 333 2
217.0 219 -2 1297 222 -2
222.0 221 2 1338 222 -3
227.0 227 -1 1360 333 1
232.0 230 -2 1391 333 2
247.0 246 -1 1484 111 -4
NULL 110 -1 NULL 444 NULL
NULL 117 3 NULL 444 NULL
NULL 146 NULL 880 444 4
NULL 157 NULL 940 333 1
NULL 165 NULL 1000 333 1
NULL 177 NULL 1057 444 4
NULL 204 -1 NULL 444 NULL
NULL 237 NULL NULL 444 3
NULL NULL 1 738 222 -3
NULL NULL NULL 905 333 2
NULL NULL NULL 1455 444 3
NULL NULL 1 NULL 444 NULL
NULL NULL 1 NULL 444 NULL

# need to check the result later, currently just use ok to skip
onlyif todo
statement ok
select a-b as col1,
       a as col2
from t1
where c>d
order by col2,col1

# need to check the result later, currently just use ok to skip
onlyif todo
statement ok
select (a+b+c+d+e)/5 as col1,
       a+b*2+c*3+d*4+e*5 as col2,
       d-e as col3,
       a+b*2 as col4,
       case a+1 when b then 111 when c then 222
        when d then 333  when e then 444 else 555 end as col5,
       c as col6
from t1
where c between b-2 and d+2
   and b>c
   and a>b
order by col4,col6,col1,col2,col5,col3

