statement ok
drop table if exists t1 all

statement ok
create table t1(a integer null, b integer null, c integer null, d integer null, e integer null)

statement ok
insert into t1(e,c,b,d,a) values(null,102,null,101,104)

statement ok
insert into t1(a,c,d,e,b) values(107,106,108,109,105)

statement ok
insert into t1(e,d,b,a,c) values(110,114,112,null,113)

statement ok
insert into t1(d,c,e,a,b) values(116,119,117,115,null)

statement ok
insert into t1(c,d,b,e,a) values(123,122,124,null,121)

statement ok
insert into t1(a,d,b,e,c) values(127,128,129,126,125)

statement ok
insert into t1(e,c,a,d,b) values(132,134,131,133,130)

statement ok
insert into t1(a,d,b,e,c) values(138,136,139,135,137)

statement ok
insert into t1(e,c,d,a,b) values(144,141,140,142,143)

statement ok
insert into t1(b,a,e,d,c) values(145,149,146,null,147)

statement ok
insert into t1(b,c,a,d,e) values(151,150,153,null,null)

statement ok
insert into t1(c,e,a,d,b) values(155,157,159,null,158)

statement ok
insert into t1(c,b,a,d,e) values(161,160,163,164,162)

statement ok
insert into t1(b,d,a,e,c) values(167,null,168,165,166)

statement ok
insert into t1(d,b,c,e,a) values(171,170,172,173,174)

statement ok
insert into t1(e,c,a,d,b) values(177,176,179,null,175)

statement ok
insert into t1(b,e,a,d,c) values(181,180,182,183,184)

statement ok
insert into t1(c,a,b,e,d) values(187,188,186,189,185)

statement ok
insert into t1(d,b,c,e,a) values(190,194,193,192,191)

statement ok
insert into t1(a,e,b,d,c) values(199,197,198,196,195)

statement ok
insert into t1(b,c,d,a,e) values(null,202,203,201,204)

statement ok
insert into t1(c,e,a,b,d) values(208,null,null,206,207)

statement ok
insert into t1(c,e,a,d,b) values(214,210,213,212,211)

statement ok
insert into t1(b,c,a,d,e) values(218,215,216,217,219)

statement ok
insert into t1(b,e,d,a,c) values(223,221,222,220,224)

statement ok
insert into t1(d,e,b,a,c) values(226,227,228,229,225)

statement ok
insert into t1(a,c,b,e,d) values(234,231,232,230,233)

statement ok
insert into t1(e,b,a,c,d) values(237,236,239,null,238)

statement ok
insert into t1(e,c,b,a,d) values(null,244,240,243,null)

statement ok
insert into t1(e,d,c,b,a) values(246,248,247,249,245)

query I
select case when c>avg_c then a*2 else b*10 end as col1
from (
 select a, b, c, d, e, avg_c
 from (
  select avg(c) as avg_c from t1
 ) as Q cross join (select a, b, c, d, e from t1) as R
)
order by col1
----
358
364
376
382
398
402
426
432
440
458
468
486
490
1050
1120
1240
1290
1300
1390
1430
1450
1510
1580
1600
1670
1700
2360
NULL
NULL
NULL

query I
select case when c>avg_c then a*2 else b*10 end as col1
from (
 select a, b, c, d, e, avg_c
 from (
  select avg(c) as avg_c from t1
 ) as Q cross join (select a, b, c, d, e from t1) as R
)
order by col1
----
358
364
376
382
398
402
426
432
440
458
468
486
490
1050
1120
1240
1290
1300
1390
1430
1450
1510
1580
1600
1670
1700
2360
NULL
NULL
NULL

query IF
select a+b*2+c*3+d*4+e*5 as col1,
       (a+b+c+d+e)/5 as col2
from t1
order by col2,col1
----
1612 107.0
1902 127.0
1985 132.0
2046 137.0
2131 142.0
2432 162.0
2579 172.0
2728 182.0
2806 187.0
2878 192.0
2949 197.0
3175 212.0
3260 217.0
3331 222.0
3399 227.0
3473 232.0
3706 247.0
NULL NULL
NULL NULL
NULL NULL
NULL NULL
NULL NULL
NULL NULL
NULL NULL
NULL NULL
NULL NULL
NULL NULL
NULL NULL
NULL NULL
NULL NULL

query IF
select a+b*2+c*3+d*4+e*5 as col1,
       (a+b+c+d+e)/5 as col2
from t1
order by col1,col2
----
1612 107.0
1902 127.0
1985 132.0
2046 137.0
2131 142.0
2432 162.0
2579 172.0
2728 182.0
2806 187.0
2878 192.0
2949 197.0
3175 212.0
3260 217.0
3331 222.0
3399 227.0
3473 232.0
3706 247.0
NULL NULL
NULL NULL
NULL NULL
NULL NULL
NULL NULL
NULL NULL
NULL NULL
NULL NULL
NULL NULL
NULL NULL
NULL NULL
NULL NULL
NULL NULL

# need to check the result later, currently just use ok to skip
onlyif todo
statement ok
select a+b*2+c*3+d*4+e*5 as col1,
       case when a<b-3 then 111 when a<=b then 222
        when a<b+3 then 333 else 444 end as col2,
       abs(b-c) as col3,
       (a+b+c+d+e)/5 as col4,
       a+b*2+c*3 as col5
from t1
where d>e
   and (e>c or e<d)
   and exists(select 1 from t1 as x where x.b<t1.b)
order by col4,col5,col2,col3,col1

# need to check the result later, currently just use ok to skip
onlyif todo
statement ok
select a+b*2+c*3+d*4+e*5 as col1,
       case when a<b-3 then 111 when a<=b then 222
        when a<b+3 then 333 else 444 end as col2,
       abs(b-c) as col3,
       (a+b+c+d+e)/5 as col4,
       a+b*2+c*3 as col5
from t1
where d>e
   and (e>c or e<d)
   and exists(select 1 from t1 as x where x.b<t1.b)
order by col2,col4,col5,col3,col1

# need to check the result later, currently just use ok to skip
onlyif todo
statement ok
select a+b*2+c*3+d*4+e*5 as col1,
       case when a<b-3 then 111 when a<=b then 222
        when a<b+3 then 333 else 444 end as col2,
       abs(b-c) as col3,
       (a+b+c+d+e)/5 as col4,
       a+b*2+c*3 as col5
from t1
where (e>c or e<d)
   and exists(select 1 from t1 as x where x.b<t1.b)
   and d>e
order by col4,col5,col2,col3,col1

# need to check the result later, currently just use ok to skip
onlyif todo
statement ok
select a+b*2+c*3+d*4+e*5 as col1,
       case when a<b-3 then 111 when a<=b then 222
        when a<b+3 then 333 else 444 end as col2,
       abs(b-c) as col3,
       (a+b+c+d+e)/5 as col4,
       a+b*2+c*3 as col5
from t1
where (e>c or e<d)
   and exists(select 1 from t1 as x where x.b<t1.b)
   and d>e
order by col3,col2,col5,col1,col4

# need to check the result later, currently just use ok to skip
onlyif todo
statement ok
select a+b*2+c*3+d*4+e*5 as col1,
       case when a<b-3 then 111 when a<=b then 222
        when a<b+3 then 333 else 444 end as col2,
       abs(b-c) as col3,
       (a+b+c+d+e)/5 as col4,
       a+b*2+c*3 as col5
from t1
where (e>c or e<d)
   and d>e
   and exists(select 1 from t1 as x where x.b<t1.b)
order by col4,col5,col2,col3,col1

# need to check the result later, currently just use ok to skip
onlyif todo
statement ok
select a+b*2+c*3+d*4+e*5 as col1,
       case when a<b-3 then 111 when a<=b then 222
        when a<b+3 then 333 else 444 end as col2,
       abs(b-c) as col3,
       (a+b+c+d+e)/5 as col4,
       a+b*2+c*3 as col5
from t1
where (e>c or e<d)
   and d>e
   and exists(select 1 from t1 as x where x.b<t1.b)
order by col3,col2,col1,col5,col4

# need to check the result later, currently just use ok to skip
onlyif todo
statement ok
select a as col1,
       a+b*2+c*3+d*4 as col2,
       e as col3,
       d as col4,
       a+b*2 as col5
from t1
where (e>a and e<b)
order by col4,col5,col2,col3,col1

# need to check the result later, currently just use ok to skip
onlyif todo
statement ok
select a as col1,
       a+b*2+c*3+d*4 as col2,
       e as col3,
       d as col4,
       a+b*2 as col5
from t1
where (e>a and e<b)
order by col4,col2,col3,col5,col1

query III
select a+b*2+c*3+d*4 as col1,
       case when a<b-3 then 111 when a<=b then 222
        when a<b+3 then 333 else 444 end as col2,
       a+b*2+c*3+d*4+e*5 as col3
from t1
order by col2,col3,col1
----
2476 111 3706
1272 222 1902
1371 222 2046
1411 222 2131
1918 222 2878
2165 222 3260
2226 222 3331
1226 222 NULL
1067 333 1612
1325 333 1985
1828 333 2728
1861 333 2806
1964 333 2949
2125 333 3175
2264 333 3399
2323 333 3473
NULL 333 NULL
NULL 333 NULL
NULL 333 NULL
1622 444 2432
1714 444 2579
NULL 444 NULL
NULL 444 NULL
NULL 444 NULL
NULL 444 NULL
NULL 444 NULL
NULL 444 NULL
NULL 444 NULL
NULL 444 NULL
NULL 444 NULL

query III
select a+b*2+c*3+d*4 as col1,
       case when a<b-3 then 111 when a<=b then 222
        when a<b+3 then 333 else 444 end as col2,
       a+b*2+c*3+d*4+e*5 as col3
from t1
order by col1,col2,col3
----
1067 333 1612
1226 222 NULL
1272 222 1902
1325 333 1985
1371 222 2046
1411 222 2131
1622 444 2432
1714 444 2579
1828 333 2728
1861 333 2806
1918 222 2878
1964 333 2949
2125 333 3175
2165 222 3260
2226 222 3331
2264 333 3399
2323 333 3473
2476 111 3706
NULL 333 NULL
NULL 333 NULL
NULL 333 NULL
NULL 444 NULL
NULL 444 NULL
NULL 444 NULL
NULL 444 NULL
NULL 444 NULL
NULL 444 NULL
NULL 444 NULL
NULL 444 NULL
NULL 444 NULL

# need to check the result later, currently just use ok to skip
onlyif todo
statement ok
select b as col1,
       a+b*2+c*3 as col2,
       c-d as col3,
       case when a<b-3 then 111 when a<=b then 222
        when a<b+3 then 333 else 444 end as col4
from t1
where (a>b-2 and a<b+2)
   and (e>a and e<b)
   and b>c
order by col4,col2,col3,col1

# need to check the result later, currently just use ok to skip
onlyif todo
statement ok
select b as col1,
       a+b*2+c*3 as col2,
       c-d as col3,
       case when a<b-3 then 111 when a<=b then 222
        when a<b+3 then 333 else 444 end as col4
from t1
where (a>b-2 and a<b+2)
   and (e>a and e<b)
   and b>c
order by col3,col2,col4,col1

# need to check the result later, currently just use ok to skip
onlyif todo
statement ok
select b as col1,
       a+b*2+c*3 as col2,
       c-d as col3,
       case when a<b-3 then 111 when a<=b then 222
        when a<b+3 then 333 else 444 end as col4
from t1
where b>c
   and (e>a and e<b)
   and (a>b-2 and a<b+2)
order by col4,col2,col3,col1

# need to check the result later, currently just use ok to skip
onlyif todo
statement ok
select b as col1,
       a+b*2+c*3 as col2,
       c-d as col3,
       case when a<b-3 then 111 when a<=b then 222
        when a<b+3 then 333 else 444 end as col4
from t1
where b>c
   and (e>a and e<b)
   and (a>b-2 and a<b+2)
order by col2,col3,col1,col4

# need to check the result later, currently just use ok to skip
onlyif todo
statement ok
select b as col1,
       a+b*2+c*3 as col2,
       c-d as col3,
       case when a<b-3 then 111 when a<=b then 222
        when a<b+3 then 333 else 444 end as col4
from t1
where (e>a and e<b)
   and (a>b-2 and a<b+2)
   and b>c
order by col4,col2,col3,col1

# need to check the result later, currently just use ok to skip
onlyif todo
statement ok
select b as col1,
       a+b*2+c*3 as col2,
       c-d as col3,
       case when a<b-3 then 111 when a<=b then 222
        when a<b+3 then 333 else 444 end as col4
from t1
where (e>a and e<b)
   and (a>b-2 and a<b+2)
   and b>c
order by col1,col2,col4,col3

# need to check the result later, currently just use ok to skip
onlyif todo
statement ok
select b as col1,
       a+b*2+c*3 as col2,
       c-d as col3,
       case when a<b-3 then 111 when a<=b then 222
        when a<b+3 then 333 else 444 end as col4
from t1
where b>c
   and (a>b-2 and a<b+2)
   and (e>a and e<b)
order by col4,col2,col3,col1

# need to check the result later, currently just use ok to skip
onlyif todo
statement ok
select b as col1,
       a+b*2+c*3 as col2,
       c-d as col3,
       case when a<b-3 then 111 when a<=b then 222
        when a<b+3 then 333 else 444 end as col4
from t1
where b>c
   and (a>b-2 and a<b+2)
   and (e>a and e<b)
order by col4,col2,col3,col1

query IIIFI
select e as col1,
       a as col2,
       case when c>avg_c then a*2 else b*10 end as col3,
       (a+b+c+d+e)/5 as col4,
       d-e as col5
from (
 select a, b, c, d, e, avg_c
 from (
  select avg(c) as avg_c from t1
 ) as Q cross join (select a, b, c, d, e from t1) as R
)
where (c<=d-2 or c>=d+2)
    or d>e
order by col4,col5,col2,col3,col1
----
109 107 1050 107.0 -1
126 127 1290 127.0 2
132 131 1300 132.0 1
135 138 1390 137.0 1
162 163 1600 162.0 2
180 182 364 182.0 3
189 188 376 187.0 -4
192 191 382 192.0 -2
210 213 426 212.0 2
219 216 432 217.0 -2
221 220 440 222.0 1
230 234 468 232.0 3
246 245 490 247.0 2
117 115 NULL NULL -1
237 239 2360 NULL 1
110 NULL 1120 NULL 4

query IIIFI
select e as col1,
       a as col2,
       case when c>avg_c then a*2 else b*10 end as col3,
       (a+b+c+d+e)/5 as col4,
       d-e as col5
from (
 select a, b, c, d, e, avg_c
 from (
  select avg(c) as avg_c from t1
 ) as Q cross join (select a, b, c, d, e from t1) as R
)
where (c<=d-2 or c>=d+2)
    or d>e
order by col3,col1,col5,col2,col4
----
180 182 364 182.0 3
189 188 376 187.0 -4
192 191 382 192.0 -2
210 213 426 212.0 2
219 216 432 217.0 -2
221 220 440 222.0 1
230 234 468 232.0 3
246 245 490 247.0 2
109 107 1050 107.0 -1
110 NULL 1120 NULL 4
126 127 1290 127.0 2
132 131 1300 132.0 1
135 138 1390 137.0 1
162 163 1600 162.0 2
237 239 2360 NULL 1
117 115 NULL NULL -1

query IIIFI
select e as col1,
       a as col2,
       case when c>avg_c then a*2 else b*10 end as col3,
       (a+b+c+d+e)/5 as col4,
       d-e as col5
from (
 select a, b, c, d, e, avg_c
 from (
  select avg(c) as avg_c from t1
 ) as Q cross join (select a, b, c, d, e from t1) as R
)
where d>e
    or (c<=d-2 or c>=d+2)
order by col4,col5,col2,col3,col1
----
109 107 1050 107.0 -1
126 127 1290 127.0 2
132 131 1300 132.0 1
135 138 1390 137.0 1
162 163 1600 162.0 2
180 182 364 182.0 3
189 188 376 187.0 -4
192 191 382 192.0 -2
210 213 426 212.0 2
219 216 432 217.0 -2
221 220 440 222.0 1
230 234 468 232.0 3
246 245 490 247.0 2
117 115 NULL NULL -1
237 239 2360 NULL 1
110 NULL 1120 NULL 4

query IIIFI
select e as col1,
       a as col2,
       case when c>avg_c then a*2 else b*10 end as col3,
       (a+b+c+d+e)/5 as col4,
       d-e as col5
from (
 select a, b, c, d, e, avg_c
 from (
  select avg(c) as avg_c from t1
 ) as Q cross join (select a, b, c, d, e from t1) as R
)
where d>e
    or (c<=d-2 or c>=d+2)
order by col4,col1,col5,col3,col2
----
109 107 1050 107.0 -1
126 127 1290 127.0 2
132 131 1300 132.0 1
135 138 1390 137.0 1
162 163 1600 162.0 2
180 182 364 182.0 3
189 188 376 187.0 -4
192 191 382 192.0 -2
210 213 426 212.0 2
219 216 432 217.0 -2
221 220 440 222.0 1
230 234 468 232.0 3
246 245 490 247.0 2
110 NULL 1120 NULL 4
117 115 NULL NULL -1
237 239 2360 NULL 1

query I
select a+b*2+c*3+d*4+e*5 as col1
from t1
order by col1
----
1612
1902
1985
2046
2131
2432
2579
2728
2806
2878
2949
3175
3260
3331
3399
3473
3706
NULL
NULL
NULL
NULL
NULL
NULL
NULL
NULL
NULL
NULL
NULL
NULL
NULL

query I
select a+b*2+c*3+d*4+e*5 as col1
from t1
order by col1
----
1612
1902
1985
2046
2131
2432
2579
2728
2806
2878
2949
3175
3260
3331
3399
3473
3706
NULL
NULL
NULL
NULL
NULL
NULL
NULL
NULL
NULL
NULL
NULL
NULL
NULL

# need to check the result later, currently just use ok to skip
onlyif todo
statement ok
select d-e as col1
from t1
where b>c
    or a>b
order by col1

# need to check the result later, currently just use ok to skip
onlyif todo
statement ok
select d-e as col1
from t1
where b>c
    or a>b
order by col1

query I
select d as col1
from t1
where a>b
    or d>e
order by col1
----
108
114
128
133
136
164
171
183
185
196
212
222
226
233
238
248
NULL
NULL
NULL
NULL
NULL
NULL

query I
select d as col1
from t1
where a>b
    or d>e
order by col1
----
108
114
128
133
136
164
171
183
185
196
212
222
226
233
238
248
NULL
NULL
NULL
NULL
NULL
NULL

query I
select d as col1
from t1
where d>e
    or a>b
order by col1
----
108
114
128
133
136
164
171
183
185
196
212
222
226
233
238
248
NULL
NULL
NULL
NULL
NULL
NULL

query I
select d as col1
from t1
where d>e
    or a>b
order by col1
----
108
114
128
133
136
164
171
183
185
196
212
222
226
233
238
248
NULL
NULL
NULL
NULL
NULL
NULL

# need to check the result later, currently just use ok to skip
onlyif todo
statement ok
select abs(a) as col1,
       (a+b+c+d+e)/5 as col2,
       a+b*2+c*3+d*4 as col3,
       c as col4,
       (select count(*) from t1 as x where x.b<t1.b) as col5,
       a+b*2+c*3 as col6,
       a-b as col7
from t1
where a>b
order by col6,col7,col4,col5,col2,col3,col1

# need to check the result later, currently just use ok to skip
onlyif todo
statement ok
select abs(a) as col1,
       (a+b+c+d+e)/5 as col2,
       a+b*2+c*3+d*4 as col3,
       c as col4,
       (select count(*) from t1 as x where x.b<t1.b) as col5,
       a+b*2+c*3 as col6,
       a-b as col7
from t1
where a>b
order by col7,col3,col5,col1,col6,col4,col2

query IIT
select d as col1,
       a as col2,
       a+b*2+c*3+d*4+e*5 as col3
from t1
order by col2,col3,col1
----
101 104 NULL
108 107 1612
116 115 NULL
122 121 NULL
128 127 1902
133 131 1985
136 138 2046
140 142 2131
NULL 149 NULL
NULL 153 NULL
NULL 159 NULL
164 163 2432
NULL 168 NULL
171 174 2579
NULL 179 NULL
183 182 2728
185 188 2806
190 191 2878
196 199 2949
203 201 NULL
212 213 3175
217 216 3260
222 220 3331
226 229 3399
233 234 3473
238 239 NULL
NULL 243 NULL
248 245 3706
114 NULL NULL
207 NULL NULL

query IIT
select d as col1,
       a as col2,
       a+b*2+c*3+d*4+e*5 as col3
from t1
order by col2,col3,col1
----
101 104 NULL
108 107 1612
116 115 NULL
122 121 NULL
128 127 1902
133 131 1985
136 138 2046
140 142 2131
NULL 149 NULL
NULL 153 NULL
NULL 159 NULL
164 163 2432
NULL 168 NULL
171 174 2579
NULL 179 NULL
183 182 2728
185 188 2806
190 191 2878
196 199 2949
203 201 NULL
212 213 3175
217 216 3260
222 220 3331
226 229 3399
233 234 3473
238 239 NULL
NULL 243 NULL
248 245 3706
114 NULL NULL
207 NULL NULL

# need to check the result later, currently just use ok to skip
onlyif todo
statement ok
select d-e as col1,
       c-d as col2,
       (a+b+c+d+e)/5 as col3
from t1
where d not between 110 and 150
    or e+d between a+b-10 and c+130
    or b>c
order by col2,col3,col1

# need to check the result later, currently just use ok to skip
onlyif todo
statement ok
select d-e as col1,
       c-d as col2,
       (a+b+c+d+e)/5 as col3
from t1
where d not between 110 and 150
    or e+d between a+b-10 and c+130
    or b>c
order by col2,col1,col3

# need to check the result later, currently just use ok to skip
onlyif todo
statement ok
select d-e as col1,
       c-d as col2,
       (a+b+c+d+e)/5 as col3
from t1
where d not between 110 and 150
    or b>c
    or e+d between a+b-10 and c+130
order by col2,col3,col1

# need to check the result later, currently just use ok to skip
onlyif todo
statement ok
select d-e as col1,
       c-d as col2,
       (a+b+c+d+e)/5 as col3
from t1
where d not between 110 and 150
    or b>c
    or e+d between a+b-10 and c+130
order by col2,col1,col3

# need to check the result later, currently just use ok to skip
onlyif todo
statement ok
select d-e as col1,
       c-d as col2,
       (a+b+c+d+e)/5 as col3
from t1
where b>c
    or d not between 110 and 150
    or e+d between a+b-10 and c+130
order by col2,col3,col1

# need to check the result later, currently just use ok to skip
onlyif todo
statement ok
select d-e as col1,
       c-d as col2,
       (a+b+c+d+e)/5 as col3
from t1
where b>c
    or d not between 110 and 150
    or e+d between a+b-10 and c+130
order by col2,col3,col1

# need to check the result later, currently just use ok to skip
onlyif todo
statement ok
select d-e as col1,
       c-d as col2,
       (a+b+c+d+e)/5 as col3
from t1
where e+d between a+b-10 and c+130
    or b>c
    or d not between 110 and 150
order by col2,col3,col1

# need to check the result later, currently just use ok to skip
onlyif todo
statement ok
select d-e as col1,
       c-d as col2,
       (a+b+c+d+e)/5 as col3
from t1
where e+d between a+b-10 and c+130
    or b>c
    or d not between 110 and 150
order by col1,col2,col3

query IIIFII
select a+b*2+c*3 as col1,
       case when c>avg_c then a*2 else b*10 end as col2,
       c as col3,
       (a+b+c+d+e)/5 as col4,
       d-e as col5,
       a+b*2+c*3+d*4+e*5 as col6
from (
 select a, b, c, d, e, avg_c
 from (
  select avg(c) as avg_c from t1
 ) as Q cross join (select a, b, c, d, e from t1) as R
)
order by col6,col4,col5,col2,col3,col1
----
635 1050 106 107.0 -1 1612
760 1290 125 127.0 2 1902
793 1300 134 132.0 1 1985
827 1390 137 137.0 1 2046
851 1430 141 142.0 -4 2131
966 1600 161 162.0 2 2432
1030 1700 172 172.0 -2 2579
1096 364 184 182.0 3 2728
1121 376 187 187.0 -4 2806
1158 382 193 192.0 -2 2878
1180 398 195 197.0 -1 2949
1277 426 214 212.0 2 3175
1297 432 215 217.0 -2 3260
1338 440 224 222.0 1 3331
1360 458 225 227.0 -1 3399
1391 468 231 232.0 3 3473
1484 490 247 247.0 2 3706
NULL 402 202 NULL -1 NULL
NULL NULL 119 NULL -1 NULL
NULL 2360 NULL NULL 1 NULL
NULL 1120 113 NULL 4 NULL
1057 358 176 NULL NULL NULL
1455 486 244 NULL NULL NULL
738 1240 123 NULL NULL NULL
880 1450 147 NULL NULL NULL
905 1510 150 NULL NULL NULL
940 1580 155 NULL NULL NULL
1000 1670 166 NULL NULL NULL
NULL NULL 102 NULL NULL NULL
NULL NULL 208 NULL NULL NULL

query IIIFII
select a+b*2+c*3 as col1,
       case when c>avg_c then a*2 else b*10 end as col2,
       c as col3,
       (a+b+c+d+e)/5 as col4,
       d-e as col5,
       a+b*2+c*3+d*4+e*5 as col6
from (
 select a, b, c, d, e, avg_c
 from (
  select avg(c) as avg_c from t1
 ) as Q cross join (select a, b, c, d, e from t1) as R
)
order by col4,col5,col6,col2,col3,col1
----
635 1050 106 107.0 -1 1612
760 1290 125 127.0 2 1902
793 1300 134 132.0 1 1985
827 1390 137 137.0 1 2046
851 1430 141 142.0 -4 2131
966 1600 161 162.0 2 2432
1030 1700 172 172.0 -2 2579
1096 364 184 182.0 3 2728
1121 376 187 187.0 -4 2806
1158 382 193 192.0 -2 2878
1180 398 195 197.0 -1 2949
1277 426 214 212.0 2 3175
1297 432 215 217.0 -2 3260
1338 440 224 222.0 1 3331
1360 458 225 227.0 -1 3399
1391 468 231 232.0 3 3473
1484 490 247 247.0 2 3706
NULL 402 202 NULL -1 NULL
NULL NULL 119 NULL -1 NULL
NULL 2360 NULL NULL 1 NULL
NULL 1120 113 NULL 4 NULL
1057 358 176 NULL NULL NULL
1455 486 244 NULL NULL NULL
738 1240 123 NULL NULL NULL
880 1450 147 NULL NULL NULL
905 1510 150 NULL NULL NULL
940 1580 155 NULL NULL NULL
1000 1670 166 NULL NULL NULL
NULL NULL 102 NULL NULL NULL
NULL NULL 208 NULL NULL NULL

# need to check the result later, currently just use ok to skip
onlyif todo
statement ok
select case when a<b-3 then 111 when a<=b then 222
        when a<b+3 then 333 else 444 end as col1,
       (a+b+c+d+e)/5 as col2,
       (select count(*) from t1 as x where x.b<t1.b) as col3,
       c-d as col4,
       b-c as col5,
       c as col6
from t1
where c>d
order by col6,col4,col5,col2,col3,col1

# need to check the result later, currently just use ok to skip
onlyif todo
statement ok
select case when a<b-3 then 111 when a<=b then 222
        when a<b+3 then 333 else 444 end as col1,
       (a+b+c+d+e)/5 as col2,
       (select count(*) from t1 as x where x.b<t1.b) as col3,
       c-d as col4,
       b-c as col5,
       c as col6
from t1
where c>d
order by col1,col5,col3,col2,col6,col4

# need to check the result later, currently just use ok to skip
onlyif todo
statement ok
select a+b*2+c*3+d*4 as col1,
       (a+b+c+d+e)/5 as col2
from t1
where (e>c or e<d)
   and d>e
   and d not between 110 and 150
order by col2,col1

# need to check the result later, currently just use ok to skip
onlyif todo
statement ok
select a+b*2+c*3+d*4 as col1,
       (a+b+c+d+e)/5 as col2
from t1
where (e>c or e<d)
   and d>e
   and d not between 110 and 150
order by col2,col1

# need to check the result later, currently just use ok to skip
onlyif todo
statement ok
select a+b*2+c*3+d*4 as col1,
       (a+b+c+d+e)/5 as col2
from t1
where (e>c or e<d)
   and d not between 110 and 150
   and d>e
order by col2,col1

# need to check the result later, currently just use ok to skip
onlyif todo
statement ok
select a+b*2+c*3+d*4 as col1,
       (a+b+c+d+e)/5 as col2
from t1
where (e>c or e<d)
   and d not between 110 and 150
   and d>e
order by col2,col1

# need to check the result later, currently just use ok to skip
onlyif todo
statement ok
select a+b*2+c*3+d*4 as col1,
       (a+b+c+d+e)/5 as col2
from t1
where d not between 110 and 150
   and (e>c or e<d)
   and d>e
order by col2,col1

# need to check the result later, currently just use ok to skip
onlyif todo
statement ok
select a+b*2+c*3+d*4 as col1,
       (a+b+c+d+e)/5 as col2
from t1
where d not between 110 and 150
   and (e>c or e<d)
   and d>e
order by col1,col2

# need to check the result later, currently just use ok to skip
onlyif todo
statement ok
select (select count(*) from t1 as x where x.b<t1.b) as col1,
       a+b*2+c*3 as col2,
       b-c as col3,
       b as col4,
       abs(a) as col5,
       a-b as col6
from t1
where exists(select 1 from t1 as x where x.b<t1.b)
   and d not between 110 and 150
   and a>b
order by col6,col4,col5,col2,col3,col1

# need to check the result later, currently just use ok to skip
onlyif todo
statement ok
select (select count(*) from t1 as x where x.b<t1.b) as col1,
       a+b*2+c*3 as col2,
       b-c as col3,
       b as col4,
       abs(a) as col5,
       a-b as col6
from t1
where exists(select 1 from t1 as x where x.b<t1.b)
   and d not between 110 and 150
   and a>b
order by col5,col1,col3,col4,col2,col6

# need to check the result later, currently just use ok to skip
onlyif todo
statement ok
select (select count(*) from t1 as x where x.b<t1.b) as col1,
       a+b*2+c*3 as col2,
       b-c as col3,
       b as col4,
       abs(a) as col5,
       a-b as col6
from t1
where exists(select 1 from t1 as x where x.b<t1.b)
   and a>b
   and d not between 110 and 150
order by col6,col4,col5,col2,col3,col1

# need to check the result later, currently just use ok to skip
onlyif todo
statement ok
select (select count(*) from t1 as x where x.b<t1.b) as col1,
       a+b*2+c*3 as col2,
       b-c as col3,
       b as col4,
       abs(a) as col5,
       a-b as col6
from t1
where exists(select 1 from t1 as x where x.b<t1.b)
   and a>b
   and d not between 110 and 150
order by col6,col5,col1,col2,col4,col3

# need to check the result later, currently just use ok to skip
onlyif todo
statement ok
select (select count(*) from t1 as x where x.b<t1.b) as col1,
       a+b*2+c*3 as col2,
       b-c as col3,
       b as col4,
       abs(a) as col5,
       a-b as col6
from t1
where a>b
   and d not between 110 and 150
   and exists(select 1 from t1 as x where x.b<t1.b)
order by col6,col4,col5,col2,col3,col1

# need to check the result later, currently just use ok to skip
onlyif todo
statement ok
select (select count(*) from t1 as x where x.b<t1.b) as col1,
       a+b*2+c*3 as col2,
       b-c as col3,
       b as col4,
       abs(a) as col5,
       a-b as col6
from t1
where a>b
   and d not between 110 and 150
   and exists(select 1 from t1 as x where x.b<t1.b)
order by col1,col2,col3,col4,col6,col5

# need to check the result later, currently just use ok to skip
onlyif todo
statement ok
select (select count(*) from t1 as x where x.b<t1.b) as col1,
       a+b*2+c*3 as col2,
       b-c as col3,
       b as col4,
       abs(a) as col5,
       a-b as col6
from t1
where d not between 110 and 150
   and exists(select 1 from t1 as x where x.b<t1.b)
   and a>b
order by col6,col4,col5,col2,col3,col1

# need to check the result later, currently just use ok to skip
onlyif todo
statement ok
select (select count(*) from t1 as x where x.b<t1.b) as col1,
       a+b*2+c*3 as col2,
       b-c as col3,
       b as col4,
       abs(a) as col5,
       a-b as col6
from t1
where d not between 110 and 150
   and exists(select 1 from t1 as x where x.b<t1.b)
   and a>b
order by col4,col3,col1,col6,col5,col2

# need to check the result later, currently just use ok to skip
onlyif todo
statement ok
select a-b as col1,
       d as col2,
       c-d as col3,
       a+b*2+c*3+d*4 as col4,
       case a+1 when b then 111 when c then 222
        when d then 333  when e then 444 else 555 end as col5
from t1
where (e>c or e<d)
    or b>c
order by col4,col5,col2,col3,col1

# need to check the result later, currently just use ok to skip
onlyif todo
statement ok
select a-b as col1,
       d as col2,
       c-d as col3,
       a+b*2+c*3+d*4 as col4,
       case a+1 when b then 111 when c then 222
        when d then 333  when e then 444 else 555 end as col5
from t1
where (e>c or e<d)
    or b>c
order by col3,col5,col1,col2,col4

# need to check the result later, currently just use ok to skip
onlyif todo
statement ok
select a-b as col1,
       d as col2,
       c-d as col3,
       a+b*2+c*3+d*4 as col4,
       case a+1 when b then 111 when c then 222
        when d then 333  when e then 444 else 555 end as col5
from t1
where b>c
    or (e>c or e<d)
order by col4,col5,col2,col3,col1

# need to check the result later, currently just use ok to skip
onlyif todo
statement ok
select a-b as col1,
       d as col2,
       c-d as col3,
       a+b*2+c*3+d*4 as col4,
       case a+1 when b then 111 when c then 222
        when d then 333  when e then 444 else 555 end as col5
from t1
where b>c
    or (e>c or e<d)
order by col5,col1,col3,col4,col2

# need to check the result later, currently just use ok to skip
onlyif todo
statement ok
select d-e as col1,
       case a+1 when b then 111 when c then 222
        when d then 333  when e then 444 else 555 end as col2,
       a+b*2 as col3,
       a+b*2+c*3+d*4 as col4,
       b-c as col5
from t1
where (c<=d-2 or c>=d+2)
order by col4,col5,col2,col3,col1

# need to check the result later, currently just use ok to skip
onlyif todo
statement ok
select d-e as col1,
       case a+1 when b then 111 when c then 222
        when d then 333  when e then 444 else 555 end as col2,
       a+b*2 as col3,
       a+b*2+c*3+d*4 as col4,
       b-c as col5
from t1
where (c<=d-2 or c>=d+2)
order by col3,col1,col4,col5,col2

# need to check the result later, currently just use ok to skip
onlyif todo
statement ok
select case when c>(select avg(c) from t1) then a*2 else b*10 end as col1,
       (select count(*) from t1 as x where x.b<t1.b) as col2,
       abs(b-c) as col3
from t1
order by col2,col3,col1

# need to check the result later, currently just use ok to skip
onlyif todo
statement ok
select case when c>(select avg(c) from t1) then a*2 else b*10 end as col1,
       (select count(*) from t1 as x where x.b<t1.b) as col2,
       abs(b-c) as col3
from t1
order by col3,col2,col1

# need to check the result later, currently just use ok to skip
onlyif todo
statement ok
select a-b as col1,
       a+b*2+c*3+d*4+e*5 as col2,
       b as col3,
       abs(a) as col4,
       a as col5
from t1
where e+d between a+b-10 and c+130
   and exists(select 1 from t1 as x where x.b<t1.b)
   and b>c
order by col4,col5,col2,col3,col1

# need to check the result later, currently just use ok to skip
onlyif todo
statement ok
select a-b as col1,
       a+b*2+c*3+d*4+e*5 as col2,
       b as col3,
       abs(a) as col4,
       a as col5
from t1
where e+d between a+b-10 and c+130
   and exists(select 1 from t1 as x where x.b<t1.b)
   and b>c
order by col3,col2,col4,col5,col1

# need to check the result later, currently just use ok to skip
onlyif todo
statement ok
select a-b as col1,
       a+b*2+c*3+d*4+e*5 as col2,
       b as col3,
       abs(a) as col4,
       a as col5
from t1
where b>c
   and e+d between a+b-10 and c+130
   and exists(select 1 from t1 as x where x.b<t1.b)
order by col4,col5,col2,col3,col1

# need to check the result later, currently just use ok to skip
onlyif todo
statement ok
select a-b as col1,
       a+b*2+c*3+d*4+e*5 as col2,
       b as col3,
       abs(a) as col4,
       a as col5
from t1
where b>c
   and e+d between a+b-10 and c+130
   and exists(select 1 from t1 as x where x.b<t1.b)
order by col1,col2,col4,col5,col3

# need to check the result later, currently just use ok to skip
onlyif todo
statement ok
select a-b as col1,
       a+b*2+c*3+d*4+e*5 as col2,
       b as col3,
       abs(a) as col4,
       a as col5
from t1
where exists(select 1 from t1 as x where x.b<t1.b)
   and b>c
   and e+d between a+b-10 and c+130
order by col4,col5,col2,col3,col1

# need to check the result later, currently just use ok to skip
onlyif todo
statement ok
select a-b as col1,
       a+b*2+c*3+d*4+e*5 as col2,
       b as col3,
       abs(a) as col4,
       a as col5
from t1
where exists(select 1 from t1 as x where x.b<t1.b)
   and b>c
   and e+d between a+b-10 and c+130
order by col5,col1,col4,col3,col2

# need to check the result later, currently just use ok to skip
onlyif todo
statement ok
select case when c>(select avg(c) from t1) then a*2 else b*10 end as col1,
       b as col2,
       c as col3,
       a+b*2+c*3 as col4,
       a+b*2+c*3+d*4 as col5,
       (select count(*) from t1 as x where x.b<t1.b) as col6,
       e as col7
from t1
where d>e
   and exists(select 1 from t1 as x where x.b<t1.b)
   and d not between 110 and 150
order by col6,col7,col4,col5,col2,col3,col1

# need to check the result later, currently just use ok to skip
onlyif todo
statement ok
select case when c>(select avg(c) from t1) then a*2 else b*10 end as col1,
       b as col2,
       c as col3,
       a+b*2+c*3 as col4,
       a+b*2+c*3+d*4 as col5,
       (select count(*) from t1 as x where x.b<t1.b) as col6,
       e as col7
from t1
where d>e
   and exists(select 1 from t1 as x where x.b<t1.b)
   and d not between 110 and 150
order by col2,col5,col4,col7,col1,col3,col6

# need to check the result later, currently just use ok to skip
onlyif todo
statement ok
select case when c>(select avg(c) from t1) then a*2 else b*10 end as col1,
       b as col2,
       c as col3,
       a+b*2+c*3 as col4,
       a+b*2+c*3+d*4 as col5,
       (select count(*) from t1 as x where x.b<t1.b) as col6,
       e as col7
from t1
where d not between 110 and 150
   and exists(select 1 from t1 as x where x.b<t1.b)
   and d>e
order by col6,col7,col4,col5,col2,col3,col1

# need to check the result later, currently just use ok to skip
onlyif todo
statement ok
select case when c>(select avg(c) from t1) then a*2 else b*10 end as col1,
       b as col2,
       c as col3,
       a+b*2+c*3 as col4,
       a+b*2+c*3+d*4 as col5,
       (select count(*) from t1 as x where x.b<t1.b) as col6,
       e as col7
from t1
where d not between 110 and 150
   and exists(select 1 from t1 as x where x.b<t1.b)
   and d>e
order by col4,col3,col1,col6,col7,col5,col2

# need to check the result later, currently just use ok to skip
onlyif todo
statement ok
select case when c>(select avg(c) from t1) then a*2 else b*10 end as col1,
       b as col2,
       c as col3,
       a+b*2+c*3 as col4,
       a+b*2+c*3+d*4 as col5,
       (select count(*) from t1 as x where x.b<t1.b) as col6,
       e as col7
from t1
where exists(select 1 from t1 as x where x.b<t1.b)
   and d not between 110 and 150
   and d>e
order by col6,col7,col4,col5,col2,col3,col1

# need to check the result later, currently just use ok to skip
onlyif todo
statement ok
select case when c>(select avg(c) from t1) then a*2 else b*10 end as col1,
       b as col2,
       c as col3,
       a+b*2+c*3 as col4,
       a+b*2+c*3+d*4 as col5,
       (select count(*) from t1 as x where x.b<t1.b) as col6,
       e as col7
from t1
where exists(select 1 from t1 as x where x.b<t1.b)
   and d not between 110 and 150
   and d>e
order by col5,col4,col2,col6,col7,col3,col1

# need to check the result later, currently just use ok to skip
onlyif todo
statement ok
select a as col1,
       (a+b+c+d+e)/5 as col2,
       b as col3
from t1
where c>d
   and (e>c or e<d)
   and exists(select 1 from t1 as x where x.b<t1.b)
order by col2,col3,col1

# need to check the result later, currently just use ok to skip
onlyif todo
statement ok
select a as col1,
       (a+b+c+d+e)/5 as col2,
       b as col3
from t1
where c>d
   and (e>c or e<d)
   and exists(select 1 from t1 as x where x.b<t1.b)
order by col1,col3,col2

# need to check the result later, currently just use ok to skip
onlyif todo
statement ok
select a as col1,
       (a+b+c+d+e)/5 as col2,
       b as col3
from t1
where (e>c or e<d)
   and exists(select 1 from t1 as x where x.b<t1.b)
   and c>d
order by col2,col3,col1

# need to check the result later, currently just use ok to skip
onlyif todo
statement ok
select a as col1,
       (a+b+c+d+e)/5 as col2,
       b as col3
from t1
where (e>c or e<d)
   and exists(select 1 from t1 as x where x.b<t1.b)
   and c>d
order by col3,col1,col2

# need to check the result later, currently just use ok to skip
onlyif todo
statement ok
select a as col1,
       (a+b+c+d+e)/5 as col2,
       b as col3
from t1
where exists(select 1 from t1 as x where x.b<t1.b)
   and c>d
   and (e>c or e<d)
order by col2,col3,col1

# need to check the result later, currently just use ok to skip
onlyif todo
statement ok
select a as col1,
       (a+b+c+d+e)/5 as col2,
       b as col3
from t1
where exists(select 1 from t1 as x where x.b<t1.b)
   and c>d
   and (e>c or e<d)
order by col2,col1,col3

# need to check the result later, currently just use ok to skip
onlyif todo
statement ok
select (select count(*) from t1 as x where x.c>t1.c and x.d<t1.d) as col1,
       a+b*2+c*3+d*4 as col2,
       d-e as col3,
       e as col4,
       case when c>(select avg(c) from t1) then a*2 else b*10 end as col5,
       abs(b-c) as col6,
       a+b*2+c*3 as col7
from t1
where exists(select 1 from t1 as x where x.b<t1.b)
    or b>c
order by col6,col7,col4,col5,col2,col3,col1

# need to check the result later, currently just use ok to skip
onlyif todo
statement ok
select (select count(*) from t1 as x where x.c>t1.c and x.d<t1.d) as col1,
       a+b*2+c*3+d*4 as col2,
       d-e as col3,
       e as col4,
       case when c>(select avg(c) from t1) then a*2 else b*10 end as col5,
       abs(b-c) as col6,
       a+b*2+c*3 as col7
from t1
where exists(select 1 from t1 as x where x.b<t1.b)
    or b>c
order by col7,col5,col6,col4,col2,col3,col1

# need to check the result later, currently just use ok to skip
onlyif todo
statement ok
select (select count(*) from t1 as x where x.c>t1.c and x.d<t1.d) as col1,
       a+b*2+c*3+d*4 as col2,
       d-e as col3,
       e as col4,
       case when c>(select avg(c) from t1) then a*2 else b*10 end as col5,
       abs(b-c) as col6,
       a+b*2+c*3 as col7
from t1
where b>c
    or exists(select 1 from t1 as x where x.b<t1.b)
order by col6,col7,col4,col5,col2,col3,col1

# need to check the result later, currently just use ok to skip
onlyif todo
statement ok
select (select count(*) from t1 as x where x.c>t1.c and x.d<t1.d) as col1,
       a+b*2+c*3+d*4 as col2,
       d-e as col3,
       e as col4,
       case when c>(select avg(c) from t1) then a*2 else b*10 end as col5,
       abs(b-c) as col6,
       a+b*2+c*3 as col7
from t1
where b>c
    or exists(select 1 from t1 as x where x.b<t1.b)
order by col2,col6,col4,col5,col3,col1,col7

# need to check the result later, currently just use ok to skip
onlyif todo
statement ok
select a+b*2+c*3 as col1,
       (a+b+c+d+e)/5 as col2
from t1
where (e>a and e<b)
   and b>c
   and a>b
order by col2,col1

# need to check the result later, currently just use ok to skip
onlyif todo
statement ok
select a+b*2+c*3 as col1,
       (a+b+c+d+e)/5 as col2
from t1
where (e>a and e<b)
   and b>c
   and a>b
order by col2,col1

# need to check the result later, currently just use ok to skip
onlyif todo
statement ok
select a+b*2+c*3 as col1,
       (a+b+c+d+e)/5 as col2
from t1
where b>c
   and a>b
   and (e>a and e<b)
order by col2,col1

# need to check the result later, currently just use ok to skip
onlyif todo
statement ok
select a+b*2+c*3 as col1,
       (a+b+c+d+e)/5 as col2
from t1
where b>c
   and a>b
   and (e>a and e<b)
order by col1,col2

# need to check the result later, currently just use ok to skip
onlyif todo
statement ok
select a+b*2+c*3 as col1,
       (a+b+c+d+e)/5 as col2
from t1
where b>c
   and (e>a and e<b)
   and a>b
order by col2,col1

# need to check the result later, currently just use ok to skip
onlyif todo
statement ok
select a+b*2+c*3 as col1,
       (a+b+c+d+e)/5 as col2
from t1
where b>c
   and (e>a and e<b)
   and a>b
order by col2,col1

# need to check the result later, currently just use ok to skip
onlyif todo
statement ok
select a+b*2+c*3 as col1,
       abs(b-c) as col2,
       d as col3,
       d-e as col4
from t1
where e+d between a+b-10 and c+130
   and d not between 110 and 150
   and (e>a and e<b)
order by col4,col2,col3,col1

# need to check the result later, currently just use ok to skip
onlyif todo
statement ok
select a+b*2+c*3 as col1,
       abs(b-c) as col2,
       d as col3,
       d-e as col4
from t1
where e+d between a+b-10 and c+130
   and d not between 110 and 150
   and (e>a and e<b)
order by col3,col1,col4,col2

# need to check the result later, currently just use ok to skip
onlyif todo
statement ok
select a+b*2+c*3 as col1,
       abs(b-c) as col2,
       d as col3,
       d-e as col4
from t1
where (e>a and e<b)
   and e+d between a+b-10 and c+130
   and d not between 110 and 150
order by col4,col2,col3,col1

# need to check the result later, currently just use ok to skip
onlyif todo
statement ok
select a+b*2+c*3 as col1,
       abs(b-c) as col2,
       d as col3,
       d-e as col4
from t1
where (e>a and e<b)
   and e+d between a+b-10 and c+130
   and d not between 110 and 150
order by col1,col2,col4,col3

# need to check the result later, currently just use ok to skip
onlyif todo
statement ok
select a+b*2+c*3 as col1,
       abs(b-c) as col2,
       d as col3,
       d-e as col4
from t1
where d not between 110 and 150
   and e+d between a+b-10 and c+130
   and (e>a and e<b)
order by col4,col2,col3,col1

# need to check the result later, currently just use ok to skip
onlyif todo
statement ok
select a+b*2+c*3 as col1,
       abs(b-c) as col2,
       d as col3,
       d-e as col4
from t1
where d not between 110 and 150
   and e+d between a+b-10 and c+130
   and (e>a and e<b)
order by col3,col4,col1,col2

# need to check the result later, currently just use ok to skip
onlyif todo
statement ok
select a+b*2+c*3 as col1,
       abs(b-c) as col2,
       d as col3,
       d-e as col4
from t1
where (e>a and e<b)
   and d not between 110 and 150
   and e+d between a+b-10 and c+130
order by col4,col2,col3,col1

# need to check the result later, currently just use ok to skip
onlyif todo
statement ok
select a+b*2+c*3 as col1,
       abs(b-c) as col2,
       d as col3,
       d-e as col4
from t1
where (e>a and e<b)
   and d not between 110 and 150
   and e+d between a+b-10 and c+130
order by col1,col3,col4,col2

# need to check the result later, currently just use ok to skip
onlyif todo
statement ok
select b-c as col1,
       b as col2,
       a+b*2+c*3+d*4 as col3
from t1
where (a>b-2 and a<b+2)
   and a>b
   and (c<=d-2 or c>=d+2)
order by col2,col3,col1

# need to check the result later, currently just use ok to skip
onlyif todo
statement ok
select b-c as col1,
       b as col2,
       a+b*2+c*3+d*4 as col3
from t1
where (a>b-2 and a<b+2)
   and a>b
   and (c<=d-2 or c>=d+2)
order by col3,col1,col2

# need to check the result later, currently just use ok to skip
onlyif todo
statement ok
select b-c as col1,
       b as col2,
       a+b*2+c*3+d*4 as col3
from t1
where (a>b-2 and a<b+2)
   and (c<=d-2 or c>=d+2)
   and a>b
order by col2,col3,col1

# need to check the result later, currently just use ok to skip
onlyif todo
statement ok
select b-c as col1,
       b as col2,
       a+b*2+c*3+d*4 as col3
from t1
where (a>b-2 and a<b+2)
   and (c<=d-2 or c>=d+2)
   and a>b
order by col3,col1,col2

# need to check the result later, currently just use ok to skip
onlyif todo
statement ok
select b-c as col1,
       b as col2,
       a+b*2+c*3+d*4 as col3
from t1
where (c<=d-2 or c>=d+2)
   and (a>b-2 and a<b+2)
   and a>b
order by col2,col3,col1

# need to check the result later, currently just use ok to skip
onlyif todo
statement ok
select b-c as col1,
       b as col2,
       a+b*2+c*3+d*4 as col3
from t1
where (c<=d-2 or c>=d+2)
   and (a>b-2 and a<b+2)
   and a>b
order by col1,col2,col3

# need to check the result later, currently just use ok to skip
onlyif todo
statement ok
select b-c as col1,
       b as col2,
       a+b*2+c*3+d*4 as col3
from t1
where a>b
   and (c<=d-2 or c>=d+2)
   and (a>b-2 and a<b+2)
order by col2,col3,col1

# need to check the result later, currently just use ok to skip
onlyif todo
statement ok
select b-c as col1,
       b as col2,
       a+b*2+c*3+d*4 as col3
from t1
where a>b
   and (c<=d-2 or c>=d+2)
   and (a>b-2 and a<b+2)
order by col1,col2,col3

# need to check the result later, currently just use ok to skip
onlyif todo
statement ok
select case a+1 when b then 111 when c then 222
        when d then 333  when e then 444 else 555 end as col1,
       a-b as col2,
       e as col3,
       d-e as col4,
       a+b*2+c*3+d*4+e*5 as col5
from t1
where b>c
order by col4,col5,col2,col3,col1

# need to check the result later, currently just use ok to skip
onlyif todo
statement ok
select case a+1 when b then 111 when c then 222
        when d then 333  when e then 444 else 555 end as col1,
       a-b as col2,
       e as col3,
       d-e as col4,
       a+b*2+c*3+d*4+e*5 as col5
from t1
where b>c
order by col2,col3,col4,col5,col1

query I
select case when a<b-3 then 111 when a<=b then 222
        when a<b+3 then 333 else 444 end as col1
from t1
order by col1
----
111
222
222
222
222
222
222
222
333
333
333
333
333
333
333
333
333
333
333
444
444
444
444
444
444
444
444
444
444
444

query I
select case when a<b-3 then 111 when a<=b then 222
        when a<b+3 then 333 else 444 end as col1
from t1
order by col1
----
111
222
222
222
222
222
222
222
333
333
333
333
333
333
333
333
333
333
333
444
444
444
444
444
444
444
444
444
444
444

# need to check the result later, currently just use ok to skip
onlyif todo
statement ok
select a+b*2+c*3+d*4 as col1,
       a-b as col2,
       abs(b-c) as col3,
       (select count(*) from t1 as x where x.c>t1.c and x.d<t1.d) as col4,
       a+b*2+c*3 as col5,
       b-c as col6
from t1
where d>e
    or (c<=d-2 or c>=d+2)
order by col6,col4,col5,col2,col3,col1

# need to check the result later, currently just use ok to skip
onlyif todo
statement ok
select a+b*2+c*3+d*4 as col1,
       a-b as col2,
       abs(b-c) as col3,
       (select count(*) from t1 as x where x.c>t1.c and x.d<t1.d) as col4,
       a+b*2+c*3 as col5,
       b-c as col6
from t1
where d>e
    or (c<=d-2 or c>=d+2)
order by col6,col5,col3,col4,col2,col1

# need to check the result later, currently just use ok to skip
onlyif todo
statement ok
select a-b as col1,
       a as col2,
       c as col3
from t1
where c between b-2 and d+2
   and a>b
order by col2,col3,col1

# need to check the result later, currently just use ok to skip
onlyif todo
statement ok
select a-b as col1,
       a as col2,
       c as col3
from t1
where c between b-2 and d+2
   and a>b
order by col1,col3,col2

# need to check the result later, currently just use ok to skip
onlyif todo
statement ok
select a-b as col1,
       a as col2,
       c as col3
from t1
where a>b
   and c between b-2 and d+2
order by col2,col3,col1

# need to check the result later, currently just use ok to skip
onlyif todo
statement ok
select a-b as col1,
       a as col2,
       c as col3
from t1
where a>b
   and c between b-2 and d+2
order by col2,col3,col1

query IIIIII
select b-c as col1,
       case when c>avg_c then a*2 else b*10 end as col2,
       a+b*2+c*3 as col3,
       b as col4,
       c-d as col5,
       a+b*2 as col6
from (
 select a, b, c, d, e, avg_c
 from (
  select avg(c) as avg_c from t1
 ) as Q cross join (select a, b, c, d, e from t1) as R
)
order by col6,col4,col5,col2,col3,col1
----
-1 1050 635 105 -2 317
1 1240 738 124 1 369
4 1290 760 129 -3 385
-4 1300 793 130 1 391
2 1390 827 139 1 416
2 1430 851 143 1 428
-2 1450 880 145 NULL 439
1 1510 905 151 NULL 455
3 1580 940 158 NULL 475
-1 1600 966 160 -3 483
1 1670 1000 167 NULL 502
-2 1700 1030 170 1 514
-1 358 1057 175 NULL 529
-3 364 1096 181 1 544
-1 376 1121 186 2 560
1 382 1158 194 3 579
3 398 1180 198 -1 595
-3 426 1277 211 2 635
3 432 1297 218 -2 652
-1 440 1338 223 2 666
3 458 1360 228 -1 685
1 468 1391 232 -2 698
NULL 2360 NULL 236 NULL 711
-4 486 1455 240 NULL 723
2 490 1484 249 -1 743
-1 1120 NULL 112 -1 NULL
-2 NULL NULL 206 1 NULL
NULL 402 NULL NULL -1 NULL
NULL NULL NULL NULL 1 NULL
NULL NULL NULL NULL 3 NULL

query IIIIII
select b-c as col1,
       case when c>avg_c then a*2 else b*10 end as col2,
       a+b*2+c*3 as col3,
       b as col4,
       c-d as col5,
       a+b*2 as col6
from (
 select a, b, c, d, e, avg_c
 from (
  select avg(c) as avg_c from t1
 ) as Q cross join (select a, b, c, d, e from t1) as R
)
order by col4,col5,col1,col2,col3,col6
----
-1 1050 635 105 -2 317
-1 1120 NULL 112 -1 NULL
1 1240 738 124 1 369
4 1290 760 129 -3 385
-4 1300 793 130 1 391
2 1390 827 139 1 416
2 1430 851 143 1 428
-2 1450 880 145 NULL 439
1 1510 905 151 NULL 455
3 1580 940 158 NULL 475
-1 1600 966 160 -3 483
1 1670 1000 167 NULL 502
-2 1700 1030 170 1 514
-1 358 1057 175 NULL 529
-3 364 1096 181 1 544
-1 376 1121 186 2 560
1 382 1158 194 3 579
3 398 1180 198 -1 595
-2 NULL NULL 206 1 NULL
-3 426 1277 211 2 635
3 432 1297 218 -2 652
-1 440 1338 223 2 666
3 458 1360 228 -1 685
1 468 1391 232 -2 698
NULL 2360 NULL 236 NULL 711
-4 486 1455 240 NULL 723
2 490 1484 249 -1 743
NULL 402 NULL NULL -1 NULL
NULL NULL NULL NULL 1 NULL
NULL NULL NULL NULL 3 NULL

# need to check the result later, currently just use ok to skip
onlyif todo
statement ok
select d-e as col1,
       a+b*2+c*3+d*4+e*5 as col2,
       case a+1 when b then 111 when c then 222
        when d then 333  when e then 444 else 555 end as col3,
       a as col4,
       a+b*2+c*3+d*4 as col5
from t1
where e+d between a+b-10 and c+130
order by col4,col5,col2,col3,col1

# need to check the result later, currently just use ok to skip
onlyif todo
statement ok
select d-e as col1,
       a+b*2+c*3+d*4+e*5 as col2,
       case a+1 when b then 111 when c then 222
        when d then 333  when e then 444 else 555 end as col3,
       a as col4,
       a+b*2+c*3+d*4 as col5
from t1
where e+d between a+b-10 and c+130
order by col5,col2,col4,col3,col1

# need to check the result later, currently just use ok to skip
onlyif todo
statement ok
select a+b*2 as col1
from t1
where e+d between a+b-10 and c+130
    or a>b
order by col1

# need to check the result later, currently just use ok to skip
onlyif todo
statement ok
select a+b*2 as col1
from t1
where e+d between a+b-10 and c+130
    or a>b
order by col1

# need to check the result later, currently just use ok to skip
onlyif todo
statement ok
select a+b*2 as col1
from t1
where a>b
    or e+d between a+b-10 and c+130
order by col1

# need to check the result later, currently just use ok to skip
onlyif todo
statement ok
select a+b*2 as col1
from t1
where a>b
    or e+d between a+b-10 and c+130
order by col1

# need to check the result later, currently just use ok to skip
onlyif todo
statement ok
select case a+1 when b then 111 when c then 222
        when d then 333  when e then 444 else 555 end as col1,
       a+b*2+c*3+d*4+e*5 as col2,
       a+b*2 as col3,
       a as col4,
       d-e as col5,
       b as col6
from t1
where d>e
order by col6,col4,col5,col2,col3,col1

# need to check the result later, currently just use ok to skip
onlyif todo
statement ok
select case a+1 when b then 111 when c then 222
        when d then 333  when e then 444 else 555 end as col1,
       a+b*2+c*3+d*4+e*5 as col2,
       a+b*2 as col3,
       a as col4,
       d-e as col5,
       b as col6
from t1
where d>e
order by col6,col2,col1,col4,col5,col3

# need to check the result later, currently just use ok to skip
onlyif todo
statement ok
select a+b*2+c*3+d*4+e*5 as col1,
       b-c as col2,
       abs(a) as col3,
       abs(b-c) as col4,
       (a+b+c+d+e)/5 as col5,
       case a+1 when b then 111 when c then 222
        when d then 333  when e then 444 else 555 end as col6
from t1
where (e>a and e<b)
    or b>c
    or (c<=d-2 or c>=d+2)
order by col6,col4,col5,col2,col3,col1

# need to check the result later, currently just use ok to skip
onlyif todo
statement ok
select a+b*2+c*3+d*4+e*5 as col1,
       b-c as col2,
       abs(a) as col3,
       abs(b-c) as col4,
       (a+b+c+d+e)/5 as col5,
       case a+1 when b then 111 when c then 222
        when d then 333  when e then 444 else 555 end as col6
from t1
where (e>a and e<b)
    or b>c
    or (c<=d-2 or c>=d+2)
order by col2,col4,col5,col3,col6,col1

# need to check the result later, currently just use ok to skip
onlyif todo
statement ok
select a+b*2+c*3+d*4+e*5 as col1,
       b-c as col2,
       abs(a) as col3,
       abs(b-c) as col4,
       (a+b+c+d+e)/5 as col5,
       case a+1 when b then 111 when c then 222
        when d then 333  when e then 444 else 555 end as col6
from t1
where (c<=d-2 or c>=d+2)
    or b>c
    or (e>a and e<b)
order by col6,col4,col5,col2,col3,col1

# need to check the result later, currently just use ok to skip
onlyif todo
statement ok
select a+b*2+c*3+d*4+e*5 as col1,
       b-c as col2,
       abs(a) as col3,
       abs(b-c) as col4,
       (a+b+c+d+e)/5 as col5,
       case a+1 when b then 111 when c then 222
        when d then 333  when e then 444 else 555 end as col6
from t1
where (c<=d-2 or c>=d+2)
    or b>c
    or (e>a and e<b)
order by col3,col4,col6,col1,col5,col2

# need to check the result later, currently just use ok to skip
onlyif todo
statement ok
select e as col1,
       a+b*2+c*3+d*4 as col2,
       a+b*2+c*3+d*4+e*5 as col3
from t1
where (e>a and e<b)
    or (c<=d-2 or c>=d+2)
order by col2,col3,col1

# need to check the result later, currently just use ok to skip
onlyif todo
statement ok
select e as col1,
       a+b*2+c*3+d*4 as col2,
       a+b*2+c*3+d*4+e*5 as col3
from t1
where (e>a and e<b)
    or (c<=d-2 or c>=d+2)
order by col2,col1,col3

# need to check the result later, currently just use ok to skip
onlyif todo
statement ok
select e as col1,
       a+b*2+c*3+d*4 as col2,
       a+b*2+c*3+d*4+e*5 as col3
from t1
where (c<=d-2 or c>=d+2)
    or (e>a and e<b)
order by col2,col3,col1

# need to check the result later, currently just use ok to skip
onlyif todo
statement ok
select e as col1,
       a+b*2+c*3+d*4 as col2,
       a+b*2+c*3+d*4+e*5 as col3
from t1
where (c<=d-2 or c>=d+2)
    or (e>a and e<b)
order by col2,col1,col3

# need to check the result later, currently just use ok to skip
onlyif todo
statement ok
select (a+b+c+d+e)/5 as col1,
       d-e as col2,
       d as col3
from t1
where d not between 110 and 150
   and d>e
order by col2,col3,col1

# need to check the result later, currently just use ok to skip
onlyif todo
statement ok
select (a+b+c+d+e)/5 as col1,
       d-e as col2,
       d as col3
from t1
where d not between 110 and 150
   and d>e
order by col1,col2,col3

# need to check the result later, currently just use ok to skip
onlyif todo
statement ok
select (a+b+c+d+e)/5 as col1,
       d-e as col2,
       d as col3
from t1
where d>e
   and d not between 110 and 150
order by col2,col3,col1

# need to check the result later, currently just use ok to skip
onlyif todo
statement ok
select (a+b+c+d+e)/5 as col1,
       d-e as col2,
       d as col3
from t1
where d>e
   and d not between 110 and 150
order by col2,col3,col1

query III
select a as col1,
       b-c as col2,
       case when a<b-3 then 111 when a<=b then 222
        when a<b+3 then 333 else 444 end as col3
from t1
order by col2,col3,col1
----
131 -4 333
243 -4 444
182 -3 333
213 -3 333
149 -2 444
174 -2 444
NULL -2 444
220 -1 222
107 -1 333
188 -1 333
163 -1 444
179 -1 444
NULL -1 444
121 1 222
191 1 222
153 1 333
168 1 333
234 1 333
245 2 111
138 2 222
142 2 222
216 3 222
159 3 333
199 3 333
229 3 333
127 4 222
104 NULL 444
115 NULL 444
201 NULL 444
239 NULL 444

query ITI
select a as col1,
       b-c as col2,
       case when a<b-3 then 111 when a<=b then 222
        when a<b+3 then 333 else 444 end as col3
from t1
order by col1,col3,col2
----
104 NULL 444
107 -1 333
115 NULL 444
121 1 222
127 4 222
131 -4 333
138 2 222
142 2 222
149 -2 444
153 1 333
159 3 333
163 -1 444
168 1 333
174 -2 444
179 -1 444
182 -3 333
188 -1 333
191 1 222
199 3 333
201 NULL 444
213 -3 333
216 3 222
220 -1 222
229 3 333
234 1 333
239 NULL 444
243 -4 444
245 2 111
NULL -2 444
NULL -1 444

query IIIIIII
select abs(b-c) as col1,
       e as col2,
       case when a<b-3 then 111 when a<=b then 222
        when a<b+3 then 333 else 444 end as col3,
       a+b*2+c*3+d*4+e*5 as col4,
       a+b*2+c*3 as col5,
       c-d as col6,
       a+b*2+c*3+d*4 as col7
from t1
order by col6,col7,col4,col5,col2,col3,col1
----
4 126 222 1902 760 -3 1272
1 162 444 2432 966 -3 1622
1 109 333 1612 635 -2 1067
3 219 222 3260 1297 -2 2165
1 230 333 3473 1391 -2 2323
3 197 333 2949 1180 -1 1964
3 227 333 3399 1360 -1 2264
2 246 111 3706 1484 -1 2476
1 110 444 NULL NULL -1 NULL
NULL 204 444 NULL NULL -1 NULL
1 NULL 222 NULL 738 1 1226
4 132 333 1985 793 1 1325
2 135 222 2046 827 1 1371
2 144 222 2131 851 1 1411
2 173 444 2579 1030 1 1714
3 180 333 2728 1096 1 1828
2 NULL 444 NULL NULL 1 NULL
NULL NULL 444 NULL NULL 1 NULL
1 189 333 2806 1121 2 1861
3 210 333 3175 1277 2 2125
1 221 222 3331 1338 2 2226
1 192 222 2878 1158 3 1918
NULL 117 444 NULL NULL 3 NULL
2 146 444 NULL 880 NULL NULL
1 NULL 333 NULL 905 NULL NULL
3 157 333 NULL 940 NULL NULL
1 165 333 NULL 1000 NULL NULL
1 177 444 NULL 1057 NULL NULL
4 NULL 444 NULL 1455 NULL NULL
NULL 237 444 NULL NULL NULL NULL

query IIIIIII
select abs(b-c) as col1,
       e as col2,
       case when a<b-3 then 111 when a<=b then 222
        when a<b+3 then 333 else 444 end as col3,
       a+b*2+c*3+d*4+e*5 as col4,
       a+b*2+c*3 as col5,
       c-d as col6,
       a+b*2+c*3+d*4 as col7
from t1
order by col4,col3,col1,col7,col2,col6,col5
----
1 109 333 1612 635 -2 1067
4 126 222 1902 760 -3 1272
4 132 333 1985 793 1 1325
2 135 222 2046 827 1 1371
2 144 222 2131 851 1 1411
1 162 444 2432 966 -3 1622
2 173 444 2579 1030 1 1714
3 180 333 2728 1096 1 1828
1 189 333 2806 1121 2 1861
1 192 222 2878 1158 3 1918
3 197 333 2949 1180 -1 1964
3 210 333 3175 1277 2 2125
3 219 222 3260 1297 -2 2165
1 221 222 3331 1338 2 2226
3 227 333 3399 1360 -1 2264
1 230 333 3473 1391 -2 2323
2 246 111 3706 1484 -1 2476
1 NULL 222 NULL 738 1 1226
1 165 333 NULL 1000 NULL NULL
1 NULL 333 NULL 905 NULL NULL
3 157 333 NULL 940 NULL NULL
1 110 444 NULL NULL -1 NULL
1 177 444 NULL 1057 NULL NULL
2 146 444 NULL 880 NULL NULL
2 NULL 444 NULL NULL 1 NULL
4 NULL 444 NULL 1455 NULL NULL
NULL 117 444 NULL NULL 3 NULL
NULL 204 444 NULL NULL -1 NULL
NULL 237 444 NULL NULL NULL NULL
NULL NULL 444 NULL NULL 1 NULL

# need to check the result later, currently just use ok to skip
onlyif todo
statement ok
select a-b as col1
from t1
where a>b
    or c between b-2 and d+2
order by col1

# need to check the result later, currently just use ok to skip
onlyif todo
statement ok
select a-b as col1
from t1
where a>b
    or c between b-2 and d+2
order by col1

# need to check the result later, currently just use ok to skip
onlyif todo
statement ok
select a+b*2+c*3+d*4 as col1
from t1
where d not between 110 and 150
   and b>c
   and c>d
order by col1

# need to check the result later, currently just use ok to skip
onlyif todo
statement ok
select a+b*2+c*3+d*4 as col1
from t1
where d not between 110 and 150
   and b>c
   and c>d
order by col1

# need to check the result later, currently just use ok to skip
onlyif todo
statement ok
select a+b*2+c*3+d*4 as col1
from t1
where c>d
   and b>c
   and d not between 110 and 150
order by col1

# need to check the result later, currently just use ok to skip
onlyif todo
statement ok
select a+b*2+c*3+d*4 as col1
from t1
where c>d
   and b>c
   and d not between 110 and 150
order by col1

# need to check the result later, currently just use ok to skip
onlyif todo
statement ok
select a+b*2+c*3+d*4 as col1
from t1
where d not between 110 and 150
   and c>d
   and b>c
order by col1

# need to check the result later, currently just use ok to skip
onlyif todo
statement ok
select a+b*2+c*3+d*4 as col1
from t1
where d not between 110 and 150
   and c>d
   and b>c
order by col1

query I
select a+b*2+c*3 as col1
from t1
order by col1
----
635
738
760
793
827
851
880
905
940
966
1000
1030
1057
1096
1121
1158
1180
1277
1297
1338
1360
1391
1455
1484
NULL
NULL
NULL
NULL
NULL
NULL

query I
select a+b*2+c*3 as col1
from t1
order by col1
----
635
738
760
793
827
851
880
905
940
966
1000
1030
1057
1096
1121
1158
1180
1277
1297
1338
1360
1391
1455
1484
NULL
NULL
NULL
NULL
NULL
NULL

# need to check the result later, currently just use ok to skip
onlyif todo
statement ok
select b as col1,
       a+b*2 as col2,
       a as col3
from t1
where b>c
   and (a>b-2 and a<b+2)
   and c between b-2 and d+2
order by col2,col3,col1

# need to check the result later, currently just use ok to skip
onlyif todo
statement ok
select b as col1,
       a+b*2 as col2,
       a as col3
from t1
where b>c
   and (a>b-2 and a<b+2)
   and c between b-2 and d+2
order by col3,col1,col2

# need to check the result later, currently just use ok to skip
onlyif todo
statement ok
select b as col1,
       a+b*2 as col2,
       a as col3
from t1
where c between b-2 and d+2
   and (a>b-2 and a<b+2)
   and b>c
order by col2,col3,col1

# need to check the result later, currently just use ok to skip
onlyif todo
statement ok
select b as col1,
       a+b*2 as col2,
       a as col3
from t1
where c between b-2 and d+2
   and (a>b-2 and a<b+2)
   and b>c
order by col1,col3,col2

# need to check the result later, currently just use ok to skip
onlyif todo
statement ok
select b as col1,
       a+b*2 as col2,
       a as col3
from t1
where c between b-2 and d+2
   and b>c
   and (a>b-2 and a<b+2)
order by col2,col3,col1

# need to check the result later, currently just use ok to skip
onlyif todo
statement ok
select b as col1,
       a+b*2 as col2,
       a as col3
from t1
where c between b-2 and d+2
   and b>c
   and (a>b-2 and a<b+2)
order by col2,col1,col3

# need to check the result later, currently just use ok to skip
onlyif todo
statement ok
select abs(a) as col1,
       case a+1 when b then 111 when c then 222
        when d then 333  when e then 444 else 555 end as col2,
       a+b*2+c*3+d*4 as col3,
       c-d as col4,
       a+b*2+c*3+d*4+e*5 as col5,
       (select count(*) from t1 as x where x.c>t1.c and x.d<t1.d) as col6,
       b as col7
from t1
where exists(select 1 from t1 as x where x.b<t1.b)
   and (c<=d-2 or c>=d+2)
order by col6,col7,col4,col5,col2,col3,col1

# need to check the result later, currently just use ok to skip
onlyif todo
statement ok
select abs(a) as col1,
       case a+1 when b then 111 when c then 222
        when d then 333  when e then 444 else 555 end as col2,
       a+b*2+c*3+d*4 as col3,
       c-d as col4,
       a+b*2+c*3+d*4+e*5 as col5,
       (select count(*) from t1 as x where x.c>t1.c and x.d<t1.d) as col6,
       b as col7
from t1
where exists(select 1 from t1 as x where x.b<t1.b)
   and (c<=d-2 or c>=d+2)
order by col4,col2,col6,col7,col5,col3,col1

# need to check the result later, currently just use ok to skip
onlyif todo
statement ok
select abs(a) as col1,
       case a+1 when b then 111 when c then 222
        when d then 333  when e then 444 else 555 end as col2,
       a+b*2+c*3+d*4 as col3,
       c-d as col4,
       a+b*2+c*3+d*4+e*5 as col5,
       (select count(*) from t1 as x where x.c>t1.c and x.d<t1.d) as col6,
       b as col7
from t1
where (c<=d-2 or c>=d+2)
   and exists(select 1 from t1 as x where x.b<t1.b)
order by col6,col7,col4,col5,col2,col3,col1

# need to check the result later, currently just use ok to skip
onlyif todo
statement ok
select abs(a) as col1,
       case a+1 when b then 111 when c then 222
        when d then 333  when e then 444 else 555 end as col2,
       a+b*2+c*3+d*4 as col3,
       c-d as col4,
       a+b*2+c*3+d*4+e*5 as col5,
       (select count(*) from t1 as x where x.c>t1.c and x.d<t1.d) as col6,
       b as col7
from t1
where (c<=d-2 or c>=d+2)
   and exists(select 1 from t1 as x where x.b<t1.b)
order by col6,col1,col5,col3,col7,col4,col2

# need to check the result later, currently just use ok to skip
onlyif todo
statement ok
select c-d as col1,
       d-e as col2,
       a+b*2+c*3 as col3,
       (select count(*) from t1 as x where x.c>t1.c and x.d<t1.d) as col4,
       case when c>(select avg(c) from t1) then a*2 else b*10 end as col5
from t1
order by col4,col5,col2,col3,col1

# need to check the result later, currently just use ok to skip
onlyif todo
statement ok
select c-d as col1,
       d-e as col2,
       a+b*2+c*3 as col3,
       (select count(*) from t1 as x where x.c>t1.c and x.d<t1.d) as col4,
       case when c>(select avg(c) from t1) then a*2 else b*10 end as col5
from t1
order by col1,col4,col3,col5,col2

# need to check the result later, currently just use ok to skip
onlyif todo
statement ok
select c-d as col1,
       d-e as col2,
       (select count(*) from t1 as x where x.b<t1.b) as col3,
       case when c>(select avg(c) from t1) then a*2 else b*10 end as col4,
       abs(b-c) as col5,
       abs(a) as col6
from t1
where (c<=d-2 or c>=d+2)
   and e+d between a+b-10 and c+130
order by col6,col4,col5,col2,col3,col1

# need to check the result later, currently just use ok to skip
onlyif todo
statement ok
select c-d as col1,
       d-e as col2,
       (select count(*) from t1 as x where x.b<t1.b) as col3,
       case when c>(select avg(c) from t1) then a*2 else b*10 end as col4,
       abs(b-c) as col5,
       abs(a) as col6
from t1
where (c<=d-2 or c>=d+2)
   and e+d between a+b-10 and c+130
order by col1,col3,col2,col5,col4,col6

# need to check the result later, currently just use ok to skip
onlyif todo
statement ok
select b-c as col1,
       a+b*2+c*3 as col2,
       abs(b-c) as col3,
       e as col4,
       case a+1 when b then 111 when c then 222
        when d then 333  when e then 444 else 555 end as col5,
       a+b*2 as col6
from t1
where d not between 110 and 150
   and (a>b-2 and a<b+2)
order by col6,col4,col5,col2,col3,col1

# need to check the result later, currently just use ok to skip
onlyif todo
statement ok
select b-c as col1,
       a+b*2+c*3 as col2,
       abs(b-c) as col3,
       e as col4,
       case a+1 when b then 111 when c then 222
        when d then 333  when e then 444 else 555 end as col5,
       a+b*2 as col6
from t1
where d not between 110 and 150
   and (a>b-2 and a<b+2)
order by col4,col1,col3,col6,col2,col5

# need to check the result later, currently just use ok to skip
onlyif todo
statement ok
select b-c as col1,
       a+b*2+c*3 as col2,
       abs(b-c) as col3,
       e as col4,
       case a+1 when b then 111 when c then 222
        when d then 333  when e then 444 else 555 end as col5,
       a+b*2 as col6
from t1
where (a>b-2 and a<b+2)
   and d not between 110 and 150
order by col6,col4,col5,col2,col3,col1

# need to check the result later, currently just use ok to skip
onlyif todo
statement ok
select b-c as col1,
       a+b*2+c*3 as col2,
       abs(b-c) as col3,
       e as col4,
       case a+1 when b then 111 when c then 222
        when d then 333  when e then 444 else 555 end as col5,
       a+b*2 as col6
from t1
where (a>b-2 and a<b+2)
   and d not between 110 and 150
order by col1,col2,col3,col6,col4,col5

# need to check the result later, currently just use ok to skip
onlyif todo
statement ok
select c as col1,
       a+b*2+c*3+d*4+e*5 as col2,
       case when c>(select avg(c) from t1) then a*2 else b*10 end as col3,
       a+b*2+c*3 as col4,
       a as col5
from t1
where exists(select 1 from t1 as x where x.b<t1.b)
order by col4,col5,col2,col3,col1

# need to check the result later, currently just use ok to skip
onlyif todo
statement ok
select c as col1,
       a+b*2+c*3+d*4+e*5 as col2,
       case when c>(select avg(c) from t1) then a*2 else b*10 end as col3,
       a+b*2+c*3 as col4,
       a as col5
from t1
where exists(select 1 from t1 as x where x.b<t1.b)
order by col4,col5,col2,col1,col3

# need to check the result later, currently just use ok to skip
onlyif todo
statement ok
select (select count(*) from t1 as x where x.b<t1.b) as col1,
       case a+1 when b then 111 when c then 222
        when d then 333  when e then 444 else 555 end as col2,
       a+b*2+c*3+d*4+e*5 as col3,
       a-b as col4,
       abs(a) as col5,
       d as col6
from t1
where (c<=d-2 or c>=d+2)
    or c between b-2 and d+2
order by col6,col4,col5,col2,col3,col1

# need to check the result later, currently just use ok to skip
onlyif todo
statement ok
select (select count(*) from t1 as x where x.b<t1.b) as col1,
       case a+1 when b then 111 when c then 222
        when d then 333  when e then 444 else 555 end as col2,
       a+b*2+c*3+d*4+e*5 as col3,
       a-b as col4,
       abs(a) as col5,
       d as col6
from t1
where (c<=d-2 or c>=d+2)
    or c between b-2 and d+2
order by col4,col1,col3,col6,col5,col2

# need to check the result later, currently just use ok to skip
onlyif todo
statement ok
select (select count(*) from t1 as x where x.b<t1.b) as col1,
       case a+1 when b then 111 when c then 222
        when d then 333  when e then 444 else 555 end as col2,
       a+b*2+c*3+d*4+e*5 as col3,
       a-b as col4,
       abs(a) as col5,
       d as col6
from t1
where c between b-2 and d+2
    or (c<=d-2 or c>=d+2)
order by col6,col4,col5,col2,col3,col1

# need to check the result later, currently just use ok to skip
onlyif todo
statement ok
select (select count(*) from t1 as x where x.b<t1.b) as col1,
       case a+1 when b then 111 when c then 222
        when d then 333  when e then 444 else 555 end as col2,
       a+b*2+c*3+d*4+e*5 as col3,
       a-b as col4,
       abs(a) as col5,
       d as col6
from t1
where c between b-2 and d+2
    or (c<=d-2 or c>=d+2)
order by col3,col2,col1,col6,col4,col5

# need to check the result later, currently just use ok to skip
onlyif todo
statement ok
select c as col1,
       (select count(*) from t1 as x where x.c>t1.c and x.d<t1.d) as col2,
       case a+1 when b then 111 when c then 222
        when d then 333  when e then 444 else 555 end as col3,
       a+b*2+c*3+d*4 as col4,
       abs(b-c) as col5
from t1
where e+d between a+b-10 and c+130
   and (e>a and e<b)
   and c between b-2 and d+2
order by col4,col5,col2,col3,col1

# need to check the result later, currently just use ok to skip
onlyif todo
statement ok
select c as col1,
       (select count(*) from t1 as x where x.c>t1.c and x.d<t1.d) as col2,
       case a+1 when b then 111 when c then 222
        when d then 333  when e then 444 else 555 end as col3,
       a+b*2+c*3+d*4 as col4,
       abs(b-c) as col5
from t1
where e+d between a+b-10 and c+130
   and (e>a and e<b)
   and c between b-2 and d+2
order by col2,col5,col4,col1,col3

# need to check the result later, currently just use ok to skip
onlyif todo
statement ok
select c as col1,
       (select count(*) from t1 as x where x.c>t1.c and x.d<t1.d) as col2,
       case a+1 when b then 111 when c then 222
        when d then 333  when e then 444 else 555 end as col3,
       a+b*2+c*3+d*4 as col4,
       abs(b-c) as col5
from t1
where (e>a and e<b)
   and c between b-2 and d+2
   and e+d between a+b-10 and c+130
order by col4,col5,col2,col3,col1

# need to check the result later, currently just use ok to skip
onlyif todo
statement ok
select c as col1,
       (select count(*) from t1 as x where x.c>t1.c and x.d<t1.d) as col2,
       case a+1 when b then 111 when c then 222
        when d then 333  when e then 444 else 555 end as col3,
       a+b*2+c*3+d*4 as col4,
       abs(b-c) as col5
from t1
where (e>a and e<b)
   and c between b-2 and d+2
   and e+d between a+b-10 and c+130
order by col3,col2,col4,col5,col1

# need to check the result later, currently just use ok to skip
onlyif todo
statement ok
select e as col1,
       abs(a) as col2,
       a as col3,
       b-c as col4,
       c-d as col5,
       case a+1 when b then 111 when c then 222
        when d then 333  when e then 444 else 555 end as col6,
       (select count(*) from t1 as x where x.c>t1.c and x.d<t1.d) as col7
from t1
where d not between 110 and 150
order by col6,col7,col4,col5,col2,col3,col1

# need to check the result later, currently just use ok to skip
onlyif todo
statement ok
select e as col1,
       abs(a) as col2,
       a as col3,
       b-c as col4,
       c-d as col5,
       case a+1 when b then 111 when c then 222
        when d then 333  when e then 444 else 555 end as col6,
       (select count(*) from t1 as x where x.c>t1.c and x.d<t1.d) as col7
from t1
where d not between 110 and 150
order by col4,col1,col3,col6,col7,col5,col2

# need to check the result later, currently just use ok to skip
onlyif todo
statement ok
select case a+1 when b then 111 when c then 222
        when d then 333  when e then 444 else 555 end as col1,
       case when a<b-3 then 111 when a<=b then 222
        when a<b+3 then 333 else 444 end as col2,
       a-b as col3,
       (a+b+c+d+e)/5 as col4,
       c-d as col5,
       abs(a) as col6,
       a+b*2+c*3 as col7
from t1
where e+d between a+b-10 and c+130
order by col6,col7,col4,col5,col2,col3,col1

# need to check the result later, currently just use ok to skip
onlyif todo
statement ok
select case a+1 when b then 111 when c then 222
        when d then 333  when e then 444 else 555 end as col1,
       case when a<b-3 then 111 when a<=b then 222
        when a<b+3 then 333 else 444 end as col2,
       a-b as col3,
       (a+b+c+d+e)/5 as col4,
       c-d as col5,
       abs(a) as col6,
       a+b*2+c*3 as col7
from t1
where e+d between a+b-10 and c+130
order by col7,col3,col6,col4,col5,col2,col1

query II
select case when c>avg_c then a*2 else b*10 end as col1,
       a+b*2+c*3+d*4+e*5 as col2
from (
 select a, b, c, d, e, avg_c
 from (
  select avg(c) as avg_c from t1
 ) as Q cross join (select a, b, c, d, e from t1) as R
)
order by col2,col1
----
1050 1612
1290 1902
1300 1985
1390 2046
1430 2131
1600 2432
1700 2579
364 2728
376 2806
382 2878
398 2949
426 3175
432 3260
440 3331
458 3399
468 3473
490 3706
358 NULL
402 NULL
486 NULL
1120 NULL
1240 NULL
1450 NULL
1510 NULL
1580 NULL
1670 NULL
2360 NULL
NULL NULL
NULL NULL
NULL NULL

query II
select case when c>avg_c then a*2 else b*10 end as col1,
       a+b*2+c*3+d*4+e*5 as col2
from (
 select a, b, c, d, e, avg_c
 from (
  select avg(c) as avg_c from t1
 ) as Q cross join (select a, b, c, d, e from t1) as R
)
order by col2,col1
----
1050 1612
1290 1902
1300 1985
1390 2046
1430 2131
1600 2432
1700 2579
364 2728
376 2806
382 2878
398 2949
426 3175
432 3260
440 3331
458 3399
468 3473
490 3706
358 NULL
402 NULL
486 NULL
1120 NULL
1240 NULL
1450 NULL
1510 NULL
1580 NULL
1670 NULL
2360 NULL
NULL NULL
NULL NULL
NULL NULL

# need to check the result later, currently just use ok to skip
onlyif todo
statement ok
select a+b*2+c*3+d*4 as col1,
       a-b as col2,
       (select count(*) from t1 as x where x.b<t1.b) as col3,
       a+b*2+c*3 as col4,
       abs(b-c) as col5,
       d as col6
from t1
where b>c
    or d not between 110 and 150
    or d>e
order by col6,col4,col5,col2,col3,col1

# need to check the result later, currently just use ok to skip
onlyif todo
statement ok
select a+b*2+c*3+d*4 as col1,
       a-b as col2,
       (select count(*) from t1 as x where x.b<t1.b) as col3,
       a+b*2+c*3 as col4,
       abs(b-c) as col5,
       d as col6
from t1
where b>c
    or d not between 110 and 150
    or d>e
order by col2,col4,col3,col5,col6,col1

# need to check the result later, currently just use ok to skip
onlyif todo
statement ok
select a+b*2+c*3+d*4 as col1,
       a-b as col2,
       (select count(*) from t1 as x where x.b<t1.b) as col3,
       a+b*2+c*3 as col4,
       abs(b-c) as col5,
       d as col6
from t1
where d>e
    or d not between 110 and 150
    or b>c
order by col6,col4,col5,col2,col3,col1

# need to check the result later, currently just use ok to skip
onlyif todo
statement ok
select a+b*2+c*3+d*4 as col1,
       a-b as col2,
       (select count(*) from t1 as x where x.b<t1.b) as col3,
       a+b*2+c*3 as col4,
       abs(b-c) as col5,
       d as col6
from t1
where d>e
    or d not between 110 and 150
    or b>c
order by col1,col2,col3,col6,col4,col5

# need to check the result later, currently just use ok to skip
onlyif todo
statement ok
select a+b*2+c*3+d*4 as col1,
       a-b as col2,
       (select count(*) from t1 as x where x.b<t1.b) as col3,
       a+b*2+c*3 as col4,
       abs(b-c) as col5,
       d as col6
from t1
where d not between 110 and 150
    or b>c
    or d>e
order by col6,col4,col5,col2,col3,col1

# need to check the result later, currently just use ok to skip
onlyif todo
statement ok
select a+b*2+c*3+d*4 as col1,
       a-b as col2,
       (select count(*) from t1 as x where x.b<t1.b) as col3,
       a+b*2+c*3 as col4,
       abs(b-c) as col5,
       d as col6
from t1
where d not between 110 and 150
    or b>c
    or d>e
order by col3,col4,col5,col6,col1,col2

# need to check the result later, currently just use ok to skip
onlyif todo
statement ok
select b-c as col1
from t1
where exists(select 1 from t1 as x where x.b<t1.b)
order by col1

# need to check the result later, currently just use ok to skip
onlyif todo
statement ok
select b-c as col1
from t1
where exists(select 1 from t1 as x where x.b<t1.b)
order by col1

# need to check the result later, currently just use ok to skip
onlyif todo
statement ok
select c as col1,
       a+b*2+c*3+d*4 as col2,
       a+b*2+c*3+d*4+e*5 as col3,
       abs(b-c) as col4,
       b-c as col5
from t1
where e+d between a+b-10 and c+130
   and d not between 110 and 150
order by col4,col5,col2,col3,col1

# need to check the result later, currently just use ok to skip
onlyif todo
statement ok
select c as col1,
       a+b*2+c*3+d*4 as col2,
       a+b*2+c*3+d*4+e*5 as col3,
       abs(b-c) as col4,
       b-c as col5
from t1
where e+d between a+b-10 and c+130
   and d not between 110 and 150
order by col1,col5,col2,col3,col4

# need to check the result later, currently just use ok to skip
onlyif todo
statement ok
select a+b*2+c*3+d*4 as col1,
       (select count(*) from t1 as x where x.c>t1.c and x.d<t1.d) as col2,
       abs(b-c) as col3,
       c-d as col4,
       case when c>(select avg(c) from t1) then a*2 else b*10 end as col5
from t1
where d not between 110 and 150
    or c between b-2 and d+2
order by col4,col5,col2,col3,col1

# need to check the result later, currently just use ok to skip
onlyif todo
statement ok
select a+b*2+c*3+d*4 as col1,
       (select count(*) from t1 as x where x.c>t1.c and x.d<t1.d) as col2,
       abs(b-c) as col3,
       c-d as col4,
       case when c>(select avg(c) from t1) then a*2 else b*10 end as col5
from t1
where d not between 110 and 150
    or c between b-2 and d+2
order by col2,col5,col4,col3,col1

# need to check the result later, currently just use ok to skip
onlyif todo
statement ok
select a+b*2+c*3+d*4 as col1,
       (select count(*) from t1 as x where x.c>t1.c and x.d<t1.d) as col2,
       abs(b-c) as col3,
       c-d as col4,
       case when c>(select avg(c) from t1) then a*2 else b*10 end as col5
from t1
where c between b-2 and d+2
    or d not between 110 and 150
order by col4,col5,col2,col3,col1

# need to check the result later, currently just use ok to skip
onlyif todo
statement ok
select a+b*2+c*3+d*4 as col1,
       (select count(*) from t1 as x where x.c>t1.c and x.d<t1.d) as col2,
       abs(b-c) as col3,
       c-d as col4,
       case when c>(select avg(c) from t1) then a*2 else b*10 end as col5
from t1
where c between b-2 and d+2
    or d not between 110 and 150
order by col4,col1,col3,col5,col2

query IIII
select b-c as col1,
       a+b*2 as col2,
       c as col3,
       a+b*2+c*3+d*4 as col4
from t1
order by col4,col2,col3,col1
----
-1 317 106 1067
1 369 123 1226
4 385 125 1272
-4 391 134 1325
2 416 137 1371
2 428 141 1411
-1 483 161 1622
-2 514 172 1714
-3 544 184 1828
-1 560 187 1861
1 579 193 1918
3 595 195 1964
-3 635 214 2125
3 652 215 2165
-1 666 224 2226
3 685 225 2264
1 698 231 2323
2 743 247 2476
-2 439 147 NULL
1 455 150 NULL
3 475 155 NULL
1 502 166 NULL
-1 529 176 NULL
NULL 711 NULL NULL
-4 723 244 NULL
NULL NULL 102 NULL
-1 NULL 113 NULL
NULL NULL 119 NULL
NULL NULL 202 NULL
-2 NULL 208 NULL

query TTIT
select b-c as col1,
       a+b*2 as col2,
       c as col3,
       a+b*2+c*3+d*4 as col4
from t1
order by col3,col1,col4,col2
----
NULL NULL 102 NULL
-1 317 106 1067
-1 NULL 113 NULL
NULL NULL 119 NULL
1 369 123 1226
4 385 125 1272
-4 391 134 1325
2 416 137 1371
2 428 141 1411
-2 439 147 NULL
1 455 150 NULL
3 475 155 NULL
-1 483 161 1622
1 502 166 NULL
-2 514 172 1714
-1 529 176 NULL
-3 544 184 1828
-1 560 187 1861
1 579 193 1918
3 595 195 1964
NULL NULL 202 NULL
-2 NULL 208 NULL
-3 635 214 2125
3 652 215 2165
-1 666 224 2226
3 685 225 2264
1 698 231 2323
-4 723 244 NULL
2 743 247 2476
NULL 711 NULL NULL

# need to check the result later, currently just use ok to skip
onlyif todo
statement ok
select case when a<b-3 then 111 when a<=b then 222
        when a<b+3 then 333 else 444 end as col1,
       (a+b+c+d+e)/5 as col2,
       a+b*2 as col3
from t1
where (a>b-2 and a<b+2)
   and a>b
   and d>e
order by col2,col3,col1

# need to check the result later, currently just use ok to skip
onlyif todo
statement ok
select case when a<b-3 then 111 when a<=b then 222
        when a<b+3 then 333 else 444 end as col1,
       (a+b+c+d+e)/5 as col2,
       a+b*2 as col3
from t1
where (a>b-2 and a<b+2)
   and a>b
   and d>e
order by col1,col3,col2

# need to check the result later, currently just use ok to skip
onlyif todo
statement ok
select case when a<b-3 then 111 when a<=b then 222
        when a<b+3 then 333 else 444 end as col1,
       (a+b+c+d+e)/5 as col2,
       a+b*2 as col3
from t1
where d>e
   and a>b
   and (a>b-2 and a<b+2)
order by col2,col3,col1

# need to check the result later, currently just use ok to skip
onlyif todo
statement ok
select case when a<b-3 then 111 when a<=b then 222
        when a<b+3 then 333 else 444 end as col1,
       (a+b+c+d+e)/5 as col2,
       a+b*2 as col3
from t1
where d>e
   and a>b
   and (a>b-2 and a<b+2)
order by col1,col2,col3

# need to check the result later, currently just use ok to skip
onlyif todo
statement ok
select case when a<b-3 then 111 when a<=b then 222
        when a<b+3 then 333 else 444 end as col1,
       (a+b+c+d+e)/5 as col2,
       a+b*2 as col3
from t1
where d>e
   and (a>b-2 and a<b+2)
   and a>b
order by col2,col3,col1

# need to check the result later, currently just use ok to skip
onlyif todo
statement ok
select case when a<b-3 then 111 when a<=b then 222
        when a<b+3 then 333 else 444 end as col1,
       (a+b+c+d+e)/5 as col2,
       a+b*2 as col3
from t1
where d>e
   and (a>b-2 and a<b+2)
   and a>b
order by col3,col2,col1

# need to check the result later, currently just use ok to skip
onlyif todo
statement ok
select case when a<b-3 then 111 when a<=b then 222
        when a<b+3 then 333 else 444 end as col1,
       (a+b+c+d+e)/5 as col2,
       a+b*2 as col3
from t1
where a>b
   and (a>b-2 and a<b+2)
   and d>e
order by col2,col3,col1

# need to check the result later, currently just use ok to skip
onlyif todo
statement ok
select case when a<b-3 then 111 when a<=b then 222
        when a<b+3 then 333 else 444 end as col1,
       (a+b+c+d+e)/5 as col2,
       a+b*2 as col3
from t1
where a>b
   and (a>b-2 and a<b+2)
   and d>e
order by col1,col2,col3

query I
select case a+1 when b then 111 when c then 222
        when d then 333  when e then 444 else 555 end as col1
from t1
order by col1
----
111
111
222
222
222
333
333
333
333
333
333
333
444
444
444
444
444
555
555
555
555
555
555
555
555
555
555
555
555
555

query I
select case a+1 when b then 111 when c then 222
        when d then 333  when e then 444 else 555 end as col1
from t1
order by col1
----
111
111
222
222
222
333
333
333
333
333
333
333
444
444
444
444
444
555
555
555
555
555
555
555
555
555
555
555
555
555

# need to check the result later, currently just use ok to skip
onlyif todo
statement ok
select (select count(*) from t1 as x where x.b<t1.b) as col1,
       a as col2,
       a+b*2+c*3 as col3
from t1
where (a>b-2 and a<b+2)
order by col2,col3,col1

# need to check the result later, currently just use ok to skip
onlyif todo
statement ok
select (select count(*) from t1 as x where x.b<t1.b) as col1,
       a as col2,
       a+b*2+c*3 as col3
from t1
where (a>b-2 and a<b+2)
order by col2,col3,col1

