statement ok
drop table if exists t1 all

statement ok
create table t1(a integer null, b integer null, c integer null, d integer null, e integer null)

statement ok
insert into t1(e,c,b,d,a) values(null,102,null,101,104)

statement ok
insert into t1(a,c,d,e,b) values(107,106,108,109,105)

statement ok
insert into t1(e,d,b,a,c) values(110,114,112,null,113)

statement ok
insert into t1(d,c,e,a,b) values(116,119,117,115,null)

statement ok
insert into t1(c,d,b,e,a) values(123,122,124,null,121)

statement ok
insert into t1(a,d,b,e,c) values(127,128,129,126,125)

statement ok
insert into t1(e,c,a,d,b) values(132,134,131,133,130)

statement ok
insert into t1(a,d,b,e,c) values(138,136,139,135,137)

statement ok
insert into t1(e,c,d,a,b) values(144,141,140,142,143)

statement ok
insert into t1(b,a,e,d,c) values(145,149,146,null,147)

statement ok
insert into t1(b,c,a,d,e) values(151,150,153,null,null)

statement ok
insert into t1(c,e,a,d,b) values(155,157,159,null,158)

statement ok
insert into t1(c,b,a,d,e) values(161,160,163,164,162)

statement ok
insert into t1(b,d,a,e,c) values(167,null,168,165,166)

statement ok
insert into t1(d,b,c,e,a) values(171,170,172,173,174)

statement ok
insert into t1(e,c,a,d,b) values(177,176,179,null,175)

statement ok
insert into t1(b,e,a,d,c) values(181,180,182,183,184)

statement ok
insert into t1(c,a,b,e,d) values(187,188,186,189,185)

statement ok
insert into t1(d,b,c,e,a) values(190,194,193,192,191)

statement ok
insert into t1(a,e,b,d,c) values(199,197,198,196,195)

statement ok
insert into t1(b,c,d,a,e) values(null,202,203,201,204)

statement ok
insert into t1(c,e,a,b,d) values(208,null,null,206,207)

statement ok
insert into t1(c,e,a,d,b) values(214,210,213,212,211)

statement ok
insert into t1(b,c,a,d,e) values(218,215,216,217,219)

statement ok
insert into t1(b,e,d,a,c) values(223,221,222,220,224)

statement ok
insert into t1(d,e,b,a,c) values(226,227,228,229,225)

statement ok
insert into t1(a,c,b,e,d) values(234,231,232,230,233)

statement ok
insert into t1(e,b,a,c,d) values(237,236,239,null,238)

statement ok
insert into t1(e,c,b,a,d) values(null,244,240,243,null)

statement ok
insert into t1(e,d,c,b,a) values(246,248,247,249,245)

# need to check the result later, currently just use ok to skip
onlyif todo
statement ok
select e as col1,
       (select count(*) from t1 as x where x.c>t1.c and x.d<t1.d) as col2,
       case when c>(select avg(c) from t1) then a*2 else b*10 end as col3,
       a+b*2+c*3+d*4 as col4,
       case when a<b-3 then 111 when a<=b then 222
        when a<b+3 then 333 else 444 end as col5
from t1
where e+d between a+b-10 and c+130
   and (c<=d-2 or c>=d+2)
order by col4,col5,col2,col3,col1

# need to check the result later, currently just use ok to skip
onlyif todo
statement ok
select e as col1,
       (select count(*) from t1 as x where x.c>t1.c and x.d<t1.d) as col2,
       case when c>(select avg(c) from t1) then a*2 else b*10 end as col3,
       a+b*2+c*3+d*4 as col4,
       case when a<b-3 then 111 when a<=b then 222
        when a<b+3 then 333 else 444 end as col5
from t1
where e+d between a+b-10 and c+130
   and (c<=d-2 or c>=d+2)
order by col2,col1,col3,col4,col5

# need to check the result later, currently just use ok to skip
onlyif todo
statement ok
select e as col1,
       (select count(*) from t1 as x where x.c>t1.c and x.d<t1.d) as col2,
       case when c>(select avg(c) from t1) then a*2 else b*10 end as col3,
       a+b*2+c*3+d*4 as col4,
       case when a<b-3 then 111 when a<=b then 222
        when a<b+3 then 333 else 444 end as col5
from t1
where (c<=d-2 or c>=d+2)
   and e+d between a+b-10 and c+130
order by col4,col5,col2,col3,col1

# need to check the result later, currently just use ok to skip
onlyif todo
statement ok
select e as col1,
       (select count(*) from t1 as x where x.c>t1.c and x.d<t1.d) as col2,
       case when c>(select avg(c) from t1) then a*2 else b*10 end as col3,
       a+b*2+c*3+d*4 as col4,
       case when a<b-3 then 111 when a<=b then 222
        when a<b+3 then 333 else 444 end as col5
from t1
where (c<=d-2 or c>=d+2)
   and e+d between a+b-10 and c+130
order by col3,col4,col1,col5,col2

# need to check the result later, currently just use ok to skip
onlyif todo
statement ok
select c-d as col1,
       c as col2,
       abs(a) as col3,
       a+b*2+c*3 as col4
from t1
where c between b-2 and d+2
   and (e>c or e<d)
order by col4,col2,col3,col1

# need to check the result later, currently just use ok to skip
onlyif todo
statement ok
select c-d as col1,
       c as col2,
       abs(a) as col3,
       a+b*2+c*3 as col4
from t1
where c between b-2 and d+2
   and (e>c or e<d)
order by col2,col4,col3,col1

# need to check the result later, currently just use ok to skip
onlyif todo
statement ok
select c-d as col1,
       c as col2,
       abs(a) as col3,
       a+b*2+c*3 as col4
from t1
where (e>c or e<d)
   and c between b-2 and d+2
order by col4,col2,col3,col1

# need to check the result later, currently just use ok to skip
onlyif todo
statement ok
select c-d as col1,
       c as col2,
       abs(a) as col3,
       a+b*2+c*3 as col4
from t1
where (e>c or e<d)
   and c between b-2 and d+2
order by col3,col1,col4,col2

# need to check the result later, currently just use ok to skip
onlyif todo
statement ok
select a+b*2+c*3+d*4 as col1,
       c as col2,
       case a+1 when b then 111 when c then 222
        when d then 333  when e then 444 else 555 end as col3,
       (select count(*) from t1 as x where x.b<t1.b) as col4,
       d as col5
from t1
order by col4,col5,col2,col3,col1

# need to check the result later, currently just use ok to skip
onlyif todo
statement ok
select a+b*2+c*3+d*4 as col1,
       c as col2,
       case a+1 when b then 111 when c then 222
        when d then 333  when e then 444 else 555 end as col3,
       (select count(*) from t1 as x where x.b<t1.b) as col4,
       d as col5
from t1
order by col3,col1,col5,col4,col2

# need to check the result later, currently just use ok to skip
onlyif todo
statement ok
select b-c as col1,
       d as col2,
       (select count(*) from t1 as x where x.c>t1.c and x.d<t1.d) as col3,
       case a+1 when b then 111 when c then 222
        when d then 333  when e then 444 else 555 end as col4
from t1
where (a>b-2 and a<b+2)
order by col4,col2,col3,col1

# need to check the result later, currently just use ok to skip
onlyif todo
statement ok
select b-c as col1,
       d as col2,
       (select count(*) from t1 as x where x.c>t1.c and x.d<t1.d) as col3,
       case a+1 when b then 111 when c then 222
        when d then 333  when e then 444 else 555 end as col4
from t1
where (a>b-2 and a<b+2)
order by col3,col4,col2,col1

# need to check the result later, currently just use ok to skip
onlyif todo
statement ok
select case when a<b-3 then 111 when a<=b then 222
        when a<b+3 then 333 else 444 end as col1,
       d as col2,
       a+b*2+c*3+d*4+e*5 as col3,
       a as col4,
       b-c as col5,
       c-d as col6,
       abs(a) as col7
from t1
where d>e
    or (a>b-2 and a<b+2)
    or c>d
order by col6,col7,col4,col5,col2,col3,col1

# need to check the result later, currently just use ok to skip
onlyif todo
statement ok
select case when a<b-3 then 111 when a<=b then 222
        when a<b+3 then 333 else 444 end as col1,
       d as col2,
       a+b*2+c*3+d*4+e*5 as col3,
       a as col4,
       b-c as col5,
       c-d as col6,
       abs(a) as col7
from t1
where d>e
    or (a>b-2 and a<b+2)
    or c>d
order by col7,col6,col2,col4,col5,col3,col1

# need to check the result later, currently just use ok to skip
onlyif todo
statement ok
select case when a<b-3 then 111 when a<=b then 222
        when a<b+3 then 333 else 444 end as col1,
       d as col2,
       a+b*2+c*3+d*4+e*5 as col3,
       a as col4,
       b-c as col5,
       c-d as col6,
       abs(a) as col7
from t1
where d>e
    or c>d
    or (a>b-2 and a<b+2)
order by col6,col7,col4,col5,col2,col3,col1

# need to check the result later, currently just use ok to skip
onlyif todo
statement ok
select case when a<b-3 then 111 when a<=b then 222
        when a<b+3 then 333 else 444 end as col1,
       d as col2,
       a+b*2+c*3+d*4+e*5 as col3,
       a as col4,
       b-c as col5,
       c-d as col6,
       abs(a) as col7
from t1
where d>e
    or c>d
    or (a>b-2 and a<b+2)
order by col4,col3,col5,col6,col7,col2,col1

# need to check the result later, currently just use ok to skip
onlyif todo
statement ok
select case when a<b-3 then 111 when a<=b then 222
        when a<b+3 then 333 else 444 end as col1,
       d as col2,
       a+b*2+c*3+d*4+e*5 as col3,
       a as col4,
       b-c as col5,
       c-d as col6,
       abs(a) as col7
from t1
where c>d
    or d>e
    or (a>b-2 and a<b+2)
order by col6,col7,col4,col5,col2,col3,col1

# need to check the result later, currently just use ok to skip
onlyif todo
statement ok
select case when a<b-3 then 111 when a<=b then 222
        when a<b+3 then 333 else 444 end as col1,
       d as col2,
       a+b*2+c*3+d*4+e*5 as col3,
       a as col4,
       b-c as col5,
       c-d as col6,
       abs(a) as col7
from t1
where c>d
    or d>e
    or (a>b-2 and a<b+2)
order by col7,col1,col3,col2,col6,col5,col4

query TTITTI
select a+b*2+c*3 as col1,
       a+b*2+c*3+d*4+e*5 as col2,
       case when a<b-3 then 111 when a<=b then 222
        when a<b+3 then 333 else 444 end as col3,
       case when c>avg_c then a*2 else b*10 end as col4,
       b as col5,
       abs(a) as col6
from (
 select a, b, c, d, e, avg_c
 from (
  select avg(c) as avg_c from t1
 ) as Q cross join (select a, b, c, d, e from t1) as R
)
order by col6,col4,col5,col2,col3,col1
----
NULL NULL 444 NULL NULL 104
635 1612 333 1050 105 107
NULL NULL 444 NULL NULL 115
738 NULL 222 1240 124 121
760 1902 222 1290 129 127
793 1985 333 1300 130 131
827 2046 222 1390 139 138
851 2131 222 1430 143 142
880 NULL 444 1450 145 149
905 NULL 333 1510 151 153
940 NULL 333 1580 158 159
966 2432 444 1600 160 163
1000 NULL 333 1670 167 168
1030 2579 444 1700 170 174
1057 NULL 444 358 175 179
1096 2728 333 364 181 182
1121 2806 333 376 186 188
1158 2878 222 382 194 191
1180 2949 333 398 198 199
NULL NULL 444 402 NULL 201
1277 3175 333 426 211 213
1297 3260 222 432 218 216
1338 3331 222 440 223 220
1360 3399 333 458 228 229
1391 3473 333 468 232 234
NULL NULL 444 2360 236 239
1455 NULL 444 486 240 243
1484 3706 111 490 249 245
NULL NULL 444 1120 112 NULL
NULL NULL 444 NULL 206 NULL

query IIIIII
select a+b*2+c*3 as col1,
       a+b*2+c*3+d*4+e*5 as col2,
       case when a<b-3 then 111 when a<=b then 222
        when a<b+3 then 333 else 444 end as col3,
       case when c>avg_c then a*2 else b*10 end as col4,
       b as col5,
       abs(a) as col6
from (
 select a, b, c, d, e, avg_c
 from (
  select avg(c) as avg_c from t1
 ) as Q cross join (select a, b, c, d, e from t1) as R
)
order by col1,col2,col5,col4,col3,col6
----
635 1612 333 1050 105 107
738 NULL 222 1240 124 121
760 1902 222 1290 129 127
793 1985 333 1300 130 131
827 2046 222 1390 139 138
851 2131 222 1430 143 142
880 NULL 444 1450 145 149
905 NULL 333 1510 151 153
940 NULL 333 1580 158 159
966 2432 444 1600 160 163
1000 NULL 333 1670 167 168
1030 2579 444 1700 170 174
1057 NULL 444 358 175 179
1096 2728 333 364 181 182
1121 2806 333 376 186 188
1158 2878 222 382 194 191
1180 2949 333 398 198 199
1277 3175 333 426 211 213
1297 3260 222 432 218 216
1338 3331 222 440 223 220
1360 3399 333 458 228 229
1391 3473 333 468 232 234
1455 NULL 444 486 240 243
1484 3706 111 490 249 245
NULL NULL 444 1120 112 NULL
NULL NULL 444 NULL 206 NULL
NULL NULL 444 2360 236 239
NULL NULL 444 402 NULL 201
NULL NULL 444 NULL NULL 104
NULL NULL 444 NULL NULL 115

# need to check the result later, currently just use ok to skip
onlyif todo
statement ok
select case when a<b-3 then 111 when a<=b then 222
        when a<b+3 then 333 else 444 end as col1,
       a-b as col2,
       d as col3
from t1
where (a>b-2 and a<b+2)
order by col2,col3,col1

# need to check the result later, currently just use ok to skip
onlyif todo
statement ok
select case when a<b-3 then 111 when a<=b then 222
        when a<b+3 then 333 else 444 end as col1,
       a-b as col2,
       d as col3
from t1
where (a>b-2 and a<b+2)
order by col3,col2,col1

# need to check the result later, currently just use ok to skip
onlyif todo
statement ok
select case a+1 when b then 111 when c then 222
        when d then 333  when e then 444 else 555 end as col1,
       a+b*2+c*3 as col2,
       (select count(*) from t1 as x where x.c>t1.c and x.d<t1.d) as col3,
       (a+b+c+d+e)/5 as col4,
       a+b*2+c*3+d*4+e*5 as col5,
       b as col6
from t1
where c>d
order by col6,col4,col5,col2,col3,col1

# need to check the result later, currently just use ok to skip
onlyif todo
statement ok
select case a+1 when b then 111 when c then 222
        when d then 333  when e then 444 else 555 end as col1,
       a+b*2+c*3 as col2,
       (select count(*) from t1 as x where x.c>t1.c and x.d<t1.d) as col3,
       (a+b+c+d+e)/5 as col4,
       a+b*2+c*3+d*4+e*5 as col5,
       b as col6
from t1
where c>d
order by col2,col4,col5,col6,col3,col1

# need to check the result later, currently just use ok to skip
onlyif todo
statement ok
select a-b as col1
from t1
where e+d between a+b-10 and c+130
    or (a>b-2 and a<b+2)
    or (e>c or e<d)
order by col1

# need to check the result later, currently just use ok to skip
onlyif todo
statement ok
select a-b as col1
from t1
where e+d between a+b-10 and c+130
    or (a>b-2 and a<b+2)
    or (e>c or e<d)
order by col1

# need to check the result later, currently just use ok to skip
onlyif todo
statement ok
select a-b as col1
from t1
where (a>b-2 and a<b+2)
    or (e>c or e<d)
    or e+d between a+b-10 and c+130
order by col1

# need to check the result later, currently just use ok to skip
onlyif todo
statement ok
select a-b as col1
from t1
where (a>b-2 and a<b+2)
    or (e>c or e<d)
    or e+d between a+b-10 and c+130
order by col1

# need to check the result later, currently just use ok to skip
onlyif todo
statement ok
select a-b as col1
from t1
where (a>b-2 and a<b+2)
    or e+d between a+b-10 and c+130
    or (e>c or e<d)
order by col1

# need to check the result later, currently just use ok to skip
onlyif todo
statement ok
select a-b as col1
from t1
where (a>b-2 and a<b+2)
    or e+d between a+b-10 and c+130
    or (e>c or e<d)
order by col1

# need to check the result later, currently just use ok to skip
onlyif todo
statement ok
select e as col1,
       case when a<b-3 then 111 when a<=b then 222
        when a<b+3 then 333 else 444 end as col2,
       d as col3,
       case a+1 when b then 111 when c then 222
        when d then 333  when e then 444 else 555 end as col4,
       (select count(*) from t1 as x where x.b<t1.b) as col5,
       case when c>(select avg(c) from t1) then a*2 else b*10 end as col6,
       (a+b+c+d+e)/5 as col7
from t1
where (a>b-2 and a<b+2)
order by col6,col7,col4,col5,col2,col3,col1

# need to check the result later, currently just use ok to skip
onlyif todo
statement ok
select e as col1,
       case when a<b-3 then 111 when a<=b then 222
        when a<b+3 then 333 else 444 end as col2,
       d as col3,
       case a+1 when b then 111 when c then 222
        when d then 333  when e then 444 else 555 end as col4,
       (select count(*) from t1 as x where x.b<t1.b) as col5,
       case when c>(select avg(c) from t1) then a*2 else b*10 end as col6,
       (a+b+c+d+e)/5 as col7
from t1
where (a>b-2 and a<b+2)
order by col7,col4,col3,col5,col2,col1,col6

# need to check the result later, currently just use ok to skip
onlyif todo
statement ok
select a+b*2+c*3+d*4 as col1,
       a+b*2 as col2,
       case a+1 when b then 111 when c then 222
        when d then 333  when e then 444 else 555 end as col3,
       (select count(*) from t1 as x where x.b<t1.b) as col4
from t1
where (a>b-2 and a<b+2)
   and a>b
   and c between b-2 and d+2
order by col4,col2,col3,col1

# need to check the result later, currently just use ok to skip
onlyif todo
statement ok
select a+b*2+c*3+d*4 as col1,
       a+b*2 as col2,
       case a+1 when b then 111 when c then 222
        when d then 333  when e then 444 else 555 end as col3,
       (select count(*) from t1 as x where x.b<t1.b) as col4
from t1
where (a>b-2 and a<b+2)
   and a>b
   and c between b-2 and d+2
order by col3,col2,col4,col1

# need to check the result later, currently just use ok to skip
onlyif todo
statement ok
select a+b*2+c*3+d*4 as col1,
       a+b*2 as col2,
       case a+1 when b then 111 when c then 222
        when d then 333  when e then 444 else 555 end as col3,
       (select count(*) from t1 as x where x.b<t1.b) as col4
from t1
where a>b
   and c between b-2 and d+2
   and (a>b-2 and a<b+2)
order by col4,col2,col3,col1

# need to check the result later, currently just use ok to skip
onlyif todo
statement ok
select a+b*2+c*3+d*4 as col1,
       a+b*2 as col2,
       case a+1 when b then 111 when c then 222
        when d then 333  when e then 444 else 555 end as col3,
       (select count(*) from t1 as x where x.b<t1.b) as col4
from t1
where a>b
   and c between b-2 and d+2
   and (a>b-2 and a<b+2)
order by col2,col1,col3,col4

# need to check the result later, currently just use ok to skip
onlyif todo
statement ok
select a+b*2+c*3+d*4 as col1,
       a+b*2 as col2,
       case a+1 when b then 111 when c then 222
        when d then 333  when e then 444 else 555 end as col3,
       (select count(*) from t1 as x where x.b<t1.b) as col4
from t1
where c between b-2 and d+2
   and (a>b-2 and a<b+2)
   and a>b
order by col4,col2,col3,col1

# need to check the result later, currently just use ok to skip
onlyif todo
statement ok
select a+b*2+c*3+d*4 as col1,
       a+b*2 as col2,
       case a+1 when b then 111 when c then 222
        when d then 333  when e then 444 else 555 end as col3,
       (select count(*) from t1 as x where x.b<t1.b) as col4
from t1
where c between b-2 and d+2
   and (a>b-2 and a<b+2)
   and a>b
order by col2,col4,col3,col1

# need to check the result later, currently just use ok to skip
onlyif todo
statement ok
select a+b*2+c*3+d*4 as col1,
       a+b*2 as col2,
       case a+1 when b then 111 when c then 222
        when d then 333  when e then 444 else 555 end as col3,
       (select count(*) from t1 as x where x.b<t1.b) as col4
from t1
where a>b
   and (a>b-2 and a<b+2)
   and c between b-2 and d+2
order by col4,col2,col3,col1

# need to check the result later, currently just use ok to skip
onlyif todo
statement ok
select a+b*2+c*3+d*4 as col1,
       a+b*2 as col2,
       case a+1 when b then 111 when c then 222
        when d then 333  when e then 444 else 555 end as col3,
       (select count(*) from t1 as x where x.b<t1.b) as col4
from t1
where a>b
   and (a>b-2 and a<b+2)
   and c between b-2 and d+2
order by col2,col1,col4,col3

# need to check the result later, currently just use ok to skip
onlyif todo
statement ok
select e as col1
from t1
where exists(select 1 from t1 as x where x.b<t1.b)
   and a>b
order by col1

# need to check the result later, currently just use ok to skip
onlyif todo
statement ok
select e as col1
from t1
where exists(select 1 from t1 as x where x.b<t1.b)
   and a>b
order by col1

# need to check the result later, currently just use ok to skip
onlyif todo
statement ok
select e as col1
from t1
where a>b
   and exists(select 1 from t1 as x where x.b<t1.b)
order by col1

# need to check the result later, currently just use ok to skip
onlyif todo
statement ok
select e as col1
from t1
where a>b
   and exists(select 1 from t1 as x where x.b<t1.b)
order by col1

# need to check the result later, currently just use ok to skip
onlyif todo
statement ok
select e as col1,
       case when a<b-3 then 111 when a<=b then 222
        when a<b+3 then 333 else 444 end as col2,
       b-c as col3,
       (a+b+c+d+e)/5 as col4,
       a+b*2 as col5
from t1
where exists(select 1 from t1 as x where x.b<t1.b)
    or e+d between a+b-10 and c+130
    or b>c
order by col4,col5,col2,col3,col1

# need to check the result later, currently just use ok to skip
onlyif todo
statement ok
select e as col1,
       case when a<b-3 then 111 when a<=b then 222
        when a<b+3 then 333 else 444 end as col2,
       b-c as col3,
       (a+b+c+d+e)/5 as col4,
       a+b*2 as col5
from t1
where exists(select 1 from t1 as x where x.b<t1.b)
    or e+d between a+b-10 and c+130
    or b>c
order by col4,col1,col5,col2,col3

# need to check the result later, currently just use ok to skip
onlyif todo
statement ok
select e as col1,
       case when a<b-3 then 111 when a<=b then 222
        when a<b+3 then 333 else 444 end as col2,
       b-c as col3,
       (a+b+c+d+e)/5 as col4,
       a+b*2 as col5
from t1
where e+d between a+b-10 and c+130
    or b>c
    or exists(select 1 from t1 as x where x.b<t1.b)
order by col4,col5,col2,col3,col1

# need to check the result later, currently just use ok to skip
onlyif todo
statement ok
select e as col1,
       case when a<b-3 then 111 when a<=b then 222
        when a<b+3 then 333 else 444 end as col2,
       b-c as col3,
       (a+b+c+d+e)/5 as col4,
       a+b*2 as col5
from t1
where e+d between a+b-10 and c+130
    or b>c
    or exists(select 1 from t1 as x where x.b<t1.b)
order by col5,col2,col1,col4,col3

# need to check the result later, currently just use ok to skip
onlyif todo
statement ok
select e as col1,
       case when a<b-3 then 111 when a<=b then 222
        when a<b+3 then 333 else 444 end as col2,
       b-c as col3,
       (a+b+c+d+e)/5 as col4,
       a+b*2 as col5
from t1
where exists(select 1 from t1 as x where x.b<t1.b)
    or b>c
    or e+d between a+b-10 and c+130
order by col4,col5,col2,col3,col1

# need to check the result later, currently just use ok to skip
onlyif todo
statement ok
select e as col1,
       case when a<b-3 then 111 when a<=b then 222
        when a<b+3 then 333 else 444 end as col2,
       b-c as col3,
       (a+b+c+d+e)/5 as col4,
       a+b*2 as col5
from t1
where exists(select 1 from t1 as x where x.b<t1.b)
    or b>c
    or e+d between a+b-10 and c+130
order by col1,col5,col3,col4,col2

# need to check the result later, currently just use ok to skip
onlyif todo
statement ok
select d-e as col1,
       case a+1 when b then 111 when c then 222
        when d then 333  when e then 444 else 555 end as col2
from t1
where (e>a and e<b)
    or exists(select 1 from t1 as x where x.b<t1.b)
    or d>e
order by col2,col1

# need to check the result later, currently just use ok to skip
onlyif todo
statement ok
select d-e as col1,
       case a+1 when b then 111 when c then 222
        when d then 333  when e then 444 else 555 end as col2
from t1
where (e>a and e<b)
    or exists(select 1 from t1 as x where x.b<t1.b)
    or d>e
order by col2,col1

# need to check the result later, currently just use ok to skip
onlyif todo
statement ok
select d-e as col1,
       case a+1 when b then 111 when c then 222
        when d then 333  when e then 444 else 555 end as col2
from t1
where d>e
    or (e>a and e<b)
    or exists(select 1 from t1 as x where x.b<t1.b)
order by col2,col1

# need to check the result later, currently just use ok to skip
onlyif todo
statement ok
select d-e as col1,
       case a+1 when b then 111 when c then 222
        when d then 333  when e then 444 else 555 end as col2
from t1
where d>e
    or (e>a and e<b)
    or exists(select 1 from t1 as x where x.b<t1.b)
order by col2,col1

# need to check the result later, currently just use ok to skip
onlyif todo
statement ok
select d-e as col1,
       case a+1 when b then 111 when c then 222
        when d then 333  when e then 444 else 555 end as col2
from t1
where exists(select 1 from t1 as x where x.b<t1.b)
    or d>e
    or (e>a and e<b)
order by col2,col1

# need to check the result later, currently just use ok to skip
onlyif todo
statement ok
select d-e as col1,
       case a+1 when b then 111 when c then 222
        when d then 333  when e then 444 else 555 end as col2
from t1
where exists(select 1 from t1 as x where x.b<t1.b)
    or d>e
    or (e>a and e<b)
order by col1,col2

# need to check the result later, currently just use ok to skip
onlyif todo
statement ok
select c as col1,
       (select count(*) from t1 as x where x.b<t1.b) as col2,
       d as col3
from t1
where d not between 110 and 150
    or a>b
    or e+d between a+b-10 and c+130
order by col2,col3,col1

# need to check the result later, currently just use ok to skip
onlyif todo
statement ok
select c as col1,
       (select count(*) from t1 as x where x.b<t1.b) as col2,
       d as col3
from t1
where d not between 110 and 150
    or a>b
    or e+d between a+b-10 and c+130
order by col2,col3,col1

# need to check the result later, currently just use ok to skip
onlyif todo
statement ok
select c as col1,
       (select count(*) from t1 as x where x.b<t1.b) as col2,
       d as col3
from t1
where a>b
    or e+d between a+b-10 and c+130
    or d not between 110 and 150
order by col2,col3,col1

# need to check the result later, currently just use ok to skip
onlyif todo
statement ok
select c as col1,
       (select count(*) from t1 as x where x.b<t1.b) as col2,
       d as col3
from t1
where a>b
    or e+d between a+b-10 and c+130
    or d not between 110 and 150
order by col1,col3,col2

query IIIIII
select c as col1,
       d as col2,
       a+b*2+c*3+d*4+e*5 as col3,
       d-e as col4,
       b-c as col5,
       a+b*2 as col6
from t1
order by col6,col4,col5,col2,col3,col1
----
106 108 1612 -1 -1 317
123 122 NULL NULL 1 369
125 128 1902 2 4 385
134 133 1985 1 -4 391
137 136 2046 1 2 416
141 140 2131 -4 2 428
147 NULL NULL NULL -2 439
150 NULL NULL NULL 1 455
155 NULL NULL NULL 3 475
161 164 2432 2 -1 483
166 NULL NULL NULL 1 502
172 171 2579 -2 -2 514
176 NULL NULL NULL -1 529
184 183 2728 3 -3 544
187 185 2806 -4 -1 560
193 190 2878 -2 1 579
195 196 2949 -1 3 595
214 212 3175 2 -3 635
215 217 3260 -2 3 652
224 222 3331 1 -1 666
225 226 3399 -1 3 685
231 233 3473 3 1 698
NULL 238 NULL 1 NULL 711
244 NULL NULL NULL -4 723
247 248 3706 2 2 743
119 116 NULL -1 NULL NULL
202 203 NULL -1 NULL NULL
113 114 NULL 4 -1 NULL
208 207 NULL NULL -2 NULL
102 101 NULL NULL NULL NULL

query IIIIII
select c as col1,
       d as col2,
       a+b*2+c*3+d*4+e*5 as col3,
       d-e as col4,
       b-c as col5,
       a+b*2 as col6
from t1
order by col5,col4,col3,col6,col2,col1
----
134 133 1985 1 -4 391
244 NULL NULL NULL -4 723
214 212 3175 2 -3 635
184 183 2728 3 -3 544
172 171 2579 -2 -2 514
147 NULL NULL NULL -2 439
208 207 NULL NULL -2 NULL
187 185 2806 -4 -1 560
106 108 1612 -1 -1 317
224 222 3331 1 -1 666
161 164 2432 2 -1 483
113 114 NULL 4 -1 NULL
176 NULL NULL NULL -1 529
193 190 2878 -2 1 579
231 233 3473 3 1 698
123 122 NULL NULL 1 369
150 NULL NULL NULL 1 455
166 NULL NULL NULL 1 502
141 140 2131 -4 2 428
137 136 2046 1 2 416
247 248 3706 2 2 743
215 217 3260 -2 3 652
195 196 2949 -1 3 595
225 226 3399 -1 3 685
155 NULL NULL NULL 3 475
125 128 1902 2 4 385
119 116 NULL -1 NULL NULL
202 203 NULL -1 NULL NULL
NULL 238 NULL 1 NULL 711
102 101 NULL NULL NULL NULL

query IIITIIT
select b as col1,
       case when a<b-3 then 111 when a<=b then 222
        when a<b+3 then 333 else 444 end as col2,
       a as col3,
       a+b*2+c*3+d*4+e*5 as col4,
       b-c as col5,
       case when c>avg_c then a*2 else b*10 end as col6,
       c-d as col7
from (
 select a, b, c, d, e, avg_c
 from (
  select avg(c) as avg_c from t1
 ) as Q cross join (select a, b, c, d, e from t1) as R
)
order by col6,col7,col4,col5,col2,col3,col1
----
175 444 179 NULL -1 358 NULL
181 333 182 2728 -3 364 1
186 333 188 2806 -1 376 2
194 222 191 2878 1 382 3
198 333 199 2949 3 398 -1
NULL 444 201 NULL NULL 402 -1
211 333 213 3175 -3 426 2
218 222 216 3260 3 432 -2
223 222 220 3331 -1 440 2
228 333 229 3399 3 458 -1
232 333 234 3473 1 468 -2
240 444 243 NULL -4 486 NULL
249 111 245 3706 2 490 -1
105 333 107 1612 -1 1050 -2
112 444 NULL NULL -1 1120 -1
124 222 121 NULL 1 1240 1
129 222 127 1902 4 1290 -3
130 333 131 1985 -4 1300 1
139 222 138 2046 2 1390 1
143 222 142 2131 2 1430 1
145 444 149 NULL -2 1450 NULL
151 333 153 NULL 1 1510 NULL
158 333 159 NULL 3 1580 NULL
160 444 163 2432 -1 1600 -3
167 333 168 NULL 1 1670 NULL
170 444 174 2579 -2 1700 1
236 444 239 NULL NULL 2360 NULL
206 444 NULL NULL -2 NULL 1
NULL 444 104 NULL NULL NULL 1
NULL 444 115 NULL NULL NULL 3

query IIIIIII
select b as col1,
       case when a<b-3 then 111 when a<=b then 222
        when a<b+3 then 333 else 444 end as col2,
       a as col3,
       a+b*2+c*3+d*4+e*5 as col4,
       b-c as col5,
       case when c>avg_c then a*2 else b*10 end as col6,
       c-d as col7
from (
 select a, b, c, d, e, avg_c
 from (
  select avg(c) as avg_c from t1
 ) as Q cross join (select a, b, c, d, e from t1) as R
)
order by col1,col6,col5,col4,col7,col2,col3
----
105 333 107 1612 -1 1050 -2
112 444 NULL NULL -1 1120 -1
124 222 121 NULL 1 1240 1
129 222 127 1902 4 1290 -3
130 333 131 1985 -4 1300 1
139 222 138 2046 2 1390 1
143 222 142 2131 2 1430 1
145 444 149 NULL -2 1450 NULL
151 333 153 NULL 1 1510 NULL
158 333 159 NULL 3 1580 NULL
160 444 163 2432 -1 1600 -3
167 333 168 NULL 1 1670 NULL
170 444 174 2579 -2 1700 1
175 444 179 NULL -1 358 NULL
181 333 182 2728 -3 364 1
186 333 188 2806 -1 376 2
194 222 191 2878 1 382 3
198 333 199 2949 3 398 -1
206 444 NULL NULL -2 NULL 1
211 333 213 3175 -3 426 2
218 222 216 3260 3 432 -2
223 222 220 3331 -1 440 2
228 333 229 3399 3 458 -1
232 333 234 3473 1 468 -2
236 444 239 NULL NULL 2360 NULL
240 444 243 NULL -4 486 NULL
249 111 245 3706 2 490 -1
NULL 444 201 NULL NULL 402 -1
NULL 444 104 NULL NULL NULL 1
NULL 444 115 NULL NULL NULL 3

# need to check the result later, currently just use ok to skip
onlyif todo
statement ok
select a+b*2+c*3+d*4+e*5 as col1,
       a+b*2 as col2,
       (a+b+c+d+e)/5 as col3,
       a+b*2+c*3+d*4 as col4,
       c as col5,
       c-d as col6
from t1
where (e>a and e<b)
    or (a>b-2 and a<b+2)
order by col6,col4,col5,col2,col3,col1

# need to check the result later, currently just use ok to skip
onlyif todo
statement ok
select a+b*2+c*3+d*4+e*5 as col1,
       a+b*2 as col2,
       (a+b+c+d+e)/5 as col3,
       a+b*2+c*3+d*4 as col4,
       c as col5,
       c-d as col6
from t1
where (e>a and e<b)
    or (a>b-2 and a<b+2)
order by col2,col4,col6,col5,col3,col1

# need to check the result later, currently just use ok to skip
onlyif todo
statement ok
select case when a<b-3 then 111 when a<=b then 222
        when a<b+3 then 333 else 444 end as col1,
       abs(b-c) as col2,
       a+b*2+c*3 as col3
from t1
where e+d between a+b-10 and c+130
    or a>b
    or (c<=d-2 or c>=d+2)
order by col2,col3,col1

# need to check the result later, currently just use ok to skip
onlyif todo
statement ok
select case when a<b-3 then 111 when a<=b then 222
        when a<b+3 then 333 else 444 end as col1,
       abs(b-c) as col2,
       a+b*2+c*3 as col3
from t1
where e+d between a+b-10 and c+130
    or a>b
    or (c<=d-2 or c>=d+2)
order by col2,col3,col1

# need to check the result later, currently just use ok to skip
onlyif todo
statement ok
select case when a<b-3 then 111 when a<=b then 222
        when a<b+3 then 333 else 444 end as col1,
       abs(b-c) as col2,
       a+b*2+c*3 as col3
from t1
where (c<=d-2 or c>=d+2)
    or e+d between a+b-10 and c+130
    or a>b
order by col2,col3,col1

# need to check the result later, currently just use ok to skip
onlyif todo
statement ok
select case when a<b-3 then 111 when a<=b then 222
        when a<b+3 then 333 else 444 end as col1,
       abs(b-c) as col2,
       a+b*2+c*3 as col3
from t1
where (c<=d-2 or c>=d+2)
    or e+d between a+b-10 and c+130
    or a>b
order by col1,col3,col2

# need to check the result later, currently just use ok to skip
onlyif todo
statement ok
select (select count(*) from t1 as x where x.c>t1.c and x.d<t1.d) as col1,
       a+b*2+c*3 as col2,
       abs(b-c) as col3,
       (select count(*) from t1 as x where x.b<t1.b) as col4,
       a+b*2+c*3+d*4+e*5 as col5,
       a as col6
from t1
where e+d between a+b-10 and c+130
   and exists(select 1 from t1 as x where x.b<t1.b)
order by col6,col4,col5,col2,col3,col1

# need to check the result later, currently just use ok to skip
onlyif todo
statement ok
select (select count(*) from t1 as x where x.c>t1.c and x.d<t1.d) as col1,
       a+b*2+c*3 as col2,
       abs(b-c) as col3,
       (select count(*) from t1 as x where x.b<t1.b) as col4,
       a+b*2+c*3+d*4+e*5 as col5,
       a as col6
from t1
where e+d between a+b-10 and c+130
   and exists(select 1 from t1 as x where x.b<t1.b)
order by col1,col6,col4,col3,col5,col2

# need to check the result later, currently just use ok to skip
onlyif todo
statement ok
select (select count(*) from t1 as x where x.c>t1.c and x.d<t1.d) as col1,
       a+b*2+c*3 as col2,
       abs(b-c) as col3,
       (select count(*) from t1 as x where x.b<t1.b) as col4,
       a+b*2+c*3+d*4+e*5 as col5,
       a as col6
from t1
where exists(select 1 from t1 as x where x.b<t1.b)
   and e+d between a+b-10 and c+130
order by col6,col4,col5,col2,col3,col1

# need to check the result later, currently just use ok to skip
onlyif todo
statement ok
select (select count(*) from t1 as x where x.c>t1.c and x.d<t1.d) as col1,
       a+b*2+c*3 as col2,
       abs(b-c) as col3,
       (select count(*) from t1 as x where x.b<t1.b) as col4,
       a+b*2+c*3+d*4+e*5 as col5,
       a as col6
from t1
where exists(select 1 from t1 as x where x.b<t1.b)
   and e+d between a+b-10 and c+130
order by col6,col4,col2,col5,col3,col1

# need to check the result later, currently just use ok to skip
onlyif todo
statement ok
select (a+b+c+d+e)/5 as col1,
       abs(a) as col2,
       abs(b-c) as col3,
       a+b*2 as col4,
       a-b as col5
from t1
where (a>b-2 and a<b+2)
order by col4,col5,col2,col3,col1

# need to check the result later, currently just use ok to skip
onlyif todo
statement ok
select (a+b+c+d+e)/5 as col1,
       abs(a) as col2,
       abs(b-c) as col3,
       a+b*2 as col4,
       a-b as col5
from t1
where (a>b-2 and a<b+2)
order by col3,col2,col1,col4,col5

query I
select e as col1
from t1
where c between b-2 and d+2
   and d>e
order by col1
----
110
132
135
162
180
210
221
230
246

query I
select e as col1
from t1
where c between b-2 and d+2
   and d>e
order by col1
----
110
132
135
162
180
210
221
230
246

query I
select e as col1
from t1
where d>e
   and c between b-2 and d+2
order by col1
----
110
132
135
162
180
210
221
230
246

query I
select e as col1
from t1
where d>e
   and c between b-2 and d+2
order by col1
----
110
132
135
162
180
210
221
230
246

# need to check the result later, currently just use ok to skip
onlyif todo
statement ok
select a+b*2 as col1,
       abs(a) as col2
from t1
where d not between 110 and 150
order by col2,col1

# need to check the result later, currently just use ok to skip
onlyif todo
statement ok
select a+b*2 as col1,
       abs(a) as col2
from t1
where d not between 110 and 150
order by col1,col2

# need to check the result later, currently just use ok to skip
onlyif todo
statement ok
select (select count(*) from t1 as x where x.b<t1.b) as col1,
       a as col2,
       a+b*2+c*3 as col3
from t1
where c between b-2 and d+2
   and (e>a and e<b)
order by col2,col3,col1

# need to check the result later, currently just use ok to skip
onlyif todo
statement ok
select (select count(*) from t1 as x where x.b<t1.b) as col1,
       a as col2,
       a+b*2+c*3 as col3
from t1
where c between b-2 and d+2
   and (e>a and e<b)
order by col2,col3,col1

# need to check the result later, currently just use ok to skip
onlyif todo
statement ok
select (select count(*) from t1 as x where x.b<t1.b) as col1,
       a as col2,
       a+b*2+c*3 as col3
from t1
where (e>a and e<b)
   and c between b-2 and d+2
order by col2,col3,col1

# need to check the result later, currently just use ok to skip
onlyif todo
statement ok
select (select count(*) from t1 as x where x.b<t1.b) as col1,
       a as col2,
       a+b*2+c*3 as col3
from t1
where (e>a and e<b)
   and c between b-2 and d+2
order by col3,col2,col1

# need to check the result later, currently just use ok to skip
onlyif todo
statement ok
select (select count(*) from t1 as x where x.c>t1.c and x.d<t1.d) as col1,
       (a+b+c+d+e)/5 as col2,
       c-d as col3,
       case when c>(select avg(c) from t1) then a*2 else b*10 end as col4,
       d as col5,
       a+b*2+c*3+d*4 as col6,
       abs(a) as col7
from t1
where (c<=d-2 or c>=d+2)
order by col6,col7,col4,col5,col2,col3,col1

# need to check the result later, currently just use ok to skip
onlyif todo
statement ok
select (select count(*) from t1 as x where x.c>t1.c and x.d<t1.d) as col1,
       (a+b+c+d+e)/5 as col2,
       c-d as col3,
       case when c>(select avg(c) from t1) then a*2 else b*10 end as col4,
       d as col5,
       a+b*2+c*3+d*4 as col6,
       abs(a) as col7
from t1
where (c<=d-2 or c>=d+2)
order by col3,col7,col6,col4,col5,col2,col1

query IIIIII
select a+b*2+c*3 as col1,
       d as col2,
       a+b*2 as col3,
       c-d as col4,
       e as col5,
       b-c as col6
from t1
order by col6,col4,col5,col2,col3,col1
----
793 133 391 1 132 -4
1455 NULL 723 NULL NULL -4
1096 183 544 1 180 -3
1277 212 635 2 210 -3
1030 171 514 1 173 -2
NULL 207 NULL 1 NULL -2
880 NULL 439 NULL 146 -2
966 164 483 -3 162 -1
635 108 317 -2 109 -1
NULL 114 NULL -1 110 -1
1121 185 560 2 189 -1
1338 222 666 2 221 -1
1057 NULL 529 NULL 177 -1
1391 233 698 -2 230 1
738 122 369 1 NULL 1
1158 190 579 3 192 1
1000 NULL 502 NULL 165 1
905 NULL 455 NULL NULL 1
1484 248 743 -1 246 2
827 136 416 1 135 2
851 140 428 1 144 2
1297 217 652 -2 219 3
1180 196 595 -1 197 3
1360 226 685 -1 227 3
940 NULL 475 NULL 157 3
760 128 385 -3 126 4
NULL 203 NULL -1 204 NULL
NULL 101 NULL 1 NULL NULL
NULL 116 NULL 3 117 NULL
NULL 238 711 NULL 237 NULL

query IIIIII
select a+b*2+c*3 as col1,
       d as col2,
       a+b*2 as col3,
       c-d as col4,
       e as col5,
       b-c as col6
from t1
order by col4,col2,col5,col6,col3,col1
----
760 128 385 -3 126 4
966 164 483 -3 162 -1
635 108 317 -2 109 -1
1297 217 652 -2 219 3
1391 233 698 -2 230 1
NULL 114 NULL -1 110 -1
1180 196 595 -1 197 3
NULL 203 NULL -1 204 NULL
1360 226 685 -1 227 3
1484 248 743 -1 246 2
NULL 101 NULL 1 NULL NULL
738 122 369 1 NULL 1
793 133 391 1 132 -4
827 136 416 1 135 2
851 140 428 1 144 2
1030 171 514 1 173 -2
1096 183 544 1 180 -3
NULL 207 NULL 1 NULL -2
1121 185 560 2 189 -1
1277 212 635 2 210 -3
1338 222 666 2 221 -1
NULL 116 NULL 3 117 NULL
1158 190 579 3 192 1
NULL 238 711 NULL 237 NULL
880 NULL 439 NULL 146 -2
940 NULL 475 NULL 157 3
1000 NULL 502 NULL 165 1
1057 NULL 529 NULL 177 -1
1455 NULL 723 NULL NULL -4
905 NULL 455 NULL NULL 1

# need to check the result later, currently just use ok to skip
onlyif todo
statement ok
select a+b*2+c*3+d*4 as col1,
       abs(a) as col2,
       d-e as col3
from t1
where (e>a and e<b)
   and (e>c or e<d)
order by col2,col3,col1

# need to check the result later, currently just use ok to skip
onlyif todo
statement ok
select a+b*2+c*3+d*4 as col1,
       abs(a) as col2,
       d-e as col3
from t1
where (e>a and e<b)
   and (e>c or e<d)
order by col1,col3,col2

# need to check the result later, currently just use ok to skip
onlyif todo
statement ok
select a+b*2+c*3+d*4 as col1,
       abs(a) as col2,
       d-e as col3
from t1
where (e>c or e<d)
   and (e>a and e<b)
order by col2,col3,col1

# need to check the result later, currently just use ok to skip
onlyif todo
statement ok
select a+b*2+c*3+d*4 as col1,
       abs(a) as col2,
       d-e as col3
from t1
where (e>c or e<d)
   and (e>a and e<b)
order by col2,col1,col3

# need to check the result later, currently just use ok to skip
onlyif todo
statement ok
select (select count(*) from t1 as x where x.c>t1.c and x.d<t1.d) as col1,
       c-d as col2,
       d-e as col3,
       c as col4
from t1
order by col4,col2,col3,col1

# need to check the result later, currently just use ok to skip
onlyif todo
statement ok
select (select count(*) from t1 as x where x.c>t1.c and x.d<t1.d) as col1,
       c-d as col2,
       d-e as col3,
       c as col4
from t1
order by col3,col2,col1,col4

query I
select d-e as col1
from t1
order by col1
----
-4
-4
-2
-2
-2
-1
-1
-1
-1
-1
1
1
1
1
2
2
2
2
3
3
4
NULL
NULL
NULL
NULL
NULL
NULL
NULL
NULL
NULL

query I
select d-e as col1
from t1
order by col1
----
-4
-4
-2
-2
-2
-1
-1
-1
-1
-1
1
1
1
1
2
2
2
2
3
3
4
NULL
NULL
NULL
NULL
NULL
NULL
NULL
NULL
NULL

# need to check the result later, currently just use ok to skip
onlyif todo
statement ok
select case a+1 when b then 111 when c then 222
        when d then 333  when e then 444 else 555 end as col1,
       (select count(*) from t1 as x where x.b<t1.b) as col2,
       b as col3
from t1
where e+d between a+b-10 and c+130
   and exists(select 1 from t1 as x where x.b<t1.b)
   and b>c
order by col2,col3,col1

# need to check the result later, currently just use ok to skip
onlyif todo
statement ok
select case a+1 when b then 111 when c then 222
        when d then 333  when e then 444 else 555 end as col1,
       (select count(*) from t1 as x where x.b<t1.b) as col2,
       b as col3
from t1
where e+d between a+b-10 and c+130
   and exists(select 1 from t1 as x where x.b<t1.b)
   and b>c
order by col2,col3,col1

# need to check the result later, currently just use ok to skip
onlyif todo
statement ok
select case a+1 when b then 111 when c then 222
        when d then 333  when e then 444 else 555 end as col1,
       (select count(*) from t1 as x where x.b<t1.b) as col2,
       b as col3
from t1
where exists(select 1 from t1 as x where x.b<t1.b)
   and e+d between a+b-10 and c+130
   and b>c
order by col2,col3,col1

# need to check the result later, currently just use ok to skip
onlyif todo
statement ok
select case a+1 when b then 111 when c then 222
        when d then 333  when e then 444 else 555 end as col1,
       (select count(*) from t1 as x where x.b<t1.b) as col2,
       b as col3
from t1
where exists(select 1 from t1 as x where x.b<t1.b)
   and e+d between a+b-10 and c+130
   and b>c
order by col1,col3,col2

# need to check the result later, currently just use ok to skip
onlyif todo
statement ok
select case a+1 when b then 111 when c then 222
        when d then 333  when e then 444 else 555 end as col1,
       (select count(*) from t1 as x where x.b<t1.b) as col2,
       b as col3
from t1
where exists(select 1 from t1 as x where x.b<t1.b)
   and b>c
   and e+d between a+b-10 and c+130
order by col2,col3,col1

# need to check the result later, currently just use ok to skip
onlyif todo
statement ok
select case a+1 when b then 111 when c then 222
        when d then 333  when e then 444 else 555 end as col1,
       (select count(*) from t1 as x where x.b<t1.b) as col2,
       b as col3
from t1
where exists(select 1 from t1 as x where x.b<t1.b)
   and b>c
   and e+d between a+b-10 and c+130
order by col1,col2,col3

# need to check the result later, currently just use ok to skip
onlyif todo
statement ok
select c as col1,
       a+b*2 as col2,
       (select count(*) from t1 as x where x.c>t1.c and x.d<t1.d) as col3,
       case when c>(select avg(c) from t1) then a*2 else b*10 end as col4,
       abs(b-c) as col5
from t1
where (e>c or e<d)
    or (a>b-2 and a<b+2)
order by col4,col5,col2,col3,col1

# need to check the result later, currently just use ok to skip
onlyif todo
statement ok
select c as col1,
       a+b*2 as col2,
       (select count(*) from t1 as x where x.c>t1.c and x.d<t1.d) as col3,
       case when c>(select avg(c) from t1) then a*2 else b*10 end as col4,
       abs(b-c) as col5
from t1
where (e>c or e<d)
    or (a>b-2 and a<b+2)
order by col3,col1,col5,col2,col4

# need to check the result later, currently just use ok to skip
onlyif todo
statement ok
select c as col1,
       a+b*2 as col2,
       (select count(*) from t1 as x where x.c>t1.c and x.d<t1.d) as col3,
       case when c>(select avg(c) from t1) then a*2 else b*10 end as col4,
       abs(b-c) as col5
from t1
where (a>b-2 and a<b+2)
    or (e>c or e<d)
order by col4,col5,col2,col3,col1

# need to check the result later, currently just use ok to skip
onlyif todo
statement ok
select c as col1,
       a+b*2 as col2,
       (select count(*) from t1 as x where x.c>t1.c and x.d<t1.d) as col3,
       case when c>(select avg(c) from t1) then a*2 else b*10 end as col4,
       abs(b-c) as col5
from t1
where (a>b-2 and a<b+2)
    or (e>c or e<d)
order by col3,col4,col5,col1,col2

# need to check the result later, currently just use ok to skip
onlyif todo
statement ok
select d-e as col1,
       e as col2
from t1
where (a>b-2 and a<b+2)
order by col2,col1

# need to check the result later, currently just use ok to skip
onlyif todo
statement ok
select d-e as col1,
       e as col2
from t1
where (a>b-2 and a<b+2)
order by col2,col1

# need to check the result later, currently just use ok to skip
onlyif todo
statement ok
select (select count(*) from t1 as x where x.c>t1.c and x.d<t1.d) as col1,
       a+b*2 as col2
from t1
where d not between 110 and 150
   and b>c
   and (e>a and e<b)
order by col2,col1

# need to check the result later, currently just use ok to skip
onlyif todo
statement ok
select (select count(*) from t1 as x where x.c>t1.c and x.d<t1.d) as col1,
       a+b*2 as col2
from t1
where d not between 110 and 150
   and b>c
   and (e>a and e<b)
order by col1,col2

# need to check the result later, currently just use ok to skip
onlyif todo
statement ok
select (select count(*) from t1 as x where x.c>t1.c and x.d<t1.d) as col1,
       a+b*2 as col2
from t1
where b>c
   and (e>a and e<b)
   and d not between 110 and 150
order by col2,col1

# need to check the result later, currently just use ok to skip
onlyif todo
statement ok
select (select count(*) from t1 as x where x.c>t1.c and x.d<t1.d) as col1,
       a+b*2 as col2
from t1
where b>c
   and (e>a and e<b)
   and d not between 110 and 150
order by col1,col2

# need to check the result later, currently just use ok to skip
onlyif todo
statement ok
select (select count(*) from t1 as x where x.c>t1.c and x.d<t1.d) as col1,
       a+b*2 as col2
from t1
where (e>a and e<b)
   and d not between 110 and 150
   and b>c
order by col2,col1

# need to check the result later, currently just use ok to skip
onlyif todo
statement ok
select (select count(*) from t1 as x where x.c>t1.c and x.d<t1.d) as col1,
       a+b*2 as col2
from t1
where (e>a and e<b)
   and d not between 110 and 150
   and b>c
order by col1,col2

query I
select case when a<b-3 then 111 when a<=b then 222
        when a<b+3 then 333 else 444 end as col1
from t1
order by col1
----
111
222
222
222
222
222
222
222
333
333
333
333
333
333
333
333
333
333
333
444
444
444
444
444
444
444
444
444
444
444

query I
select case when a<b-3 then 111 when a<=b then 222
        when a<b+3 then 333 else 444 end as col1
from t1
order by col1
----
111
222
222
222
222
222
222
222
333
333
333
333
333
333
333
333
333
333
333
444
444
444
444
444
444
444
444
444
444
444

# need to check the result later, currently just use ok to skip
onlyif todo
statement ok
select c-d as col1
from t1
where c between b-2 and d+2
   and d not between 110 and 150
order by col1

# need to check the result later, currently just use ok to skip
onlyif todo
statement ok
select c-d as col1
from t1
where c between b-2 and d+2
   and d not between 110 and 150
order by col1

# need to check the result later, currently just use ok to skip
onlyif todo
statement ok
select c-d as col1
from t1
where d not between 110 and 150
   and c between b-2 and d+2
order by col1

# need to check the result later, currently just use ok to skip
onlyif todo
statement ok
select c-d as col1
from t1
where d not between 110 and 150
   and c between b-2 and d+2
order by col1

# need to check the result later, currently just use ok to skip
onlyif todo
statement ok
select case when a<b-3 then 111 when a<=b then 222
        when a<b+3 then 333 else 444 end as col1,
       b as col2
from t1
where b>c
    or c between b-2 and d+2
    or c>d
order by col2,col1

# need to check the result later, currently just use ok to skip
onlyif todo
statement ok
select case when a<b-3 then 111 when a<=b then 222
        when a<b+3 then 333 else 444 end as col1,
       b as col2
from t1
where b>c
    or c between b-2 and d+2
    or c>d
order by col1,col2

# need to check the result later, currently just use ok to skip
onlyif todo
statement ok
select case when a<b-3 then 111 when a<=b then 222
        when a<b+3 then 333 else 444 end as col1,
       b as col2
from t1
where b>c
    or c>d
    or c between b-2 and d+2
order by col2,col1

# need to check the result later, currently just use ok to skip
onlyif todo
statement ok
select case when a<b-3 then 111 when a<=b then 222
        when a<b+3 then 333 else 444 end as col1,
       b as col2
from t1
where b>c
    or c>d
    or c between b-2 and d+2
order by col1,col2

# need to check the result later, currently just use ok to skip
onlyif todo
statement ok
select case when a<b-3 then 111 when a<=b then 222
        when a<b+3 then 333 else 444 end as col1,
       b as col2
from t1
where c>d
    or b>c
    or c between b-2 and d+2
order by col2,col1

# need to check the result later, currently just use ok to skip
onlyif todo
statement ok
select case when a<b-3 then 111 when a<=b then 222
        when a<b+3 then 333 else 444 end as col1,
       b as col2
from t1
where c>d
    or b>c
    or c between b-2 and d+2
order by col1,col2

# need to check the result later, currently just use ok to skip
onlyif todo
statement ok
select d-e as col1,
       a as col2,
       e as col3
from t1
where (c<=d-2 or c>=d+2)
order by col2,col3,col1

# need to check the result later, currently just use ok to skip
onlyif todo
statement ok
select d-e as col1,
       a as col2,
       e as col3
from t1
where (c<=d-2 or c>=d+2)
order by col3,col2,col1

query I
select a+b*2 as col1
from t1
order by col1
----
317
369
385
391
416
428
439
455
475
483
502
514
529
544
560
579
595
635
652
666
685
698
711
723
743
NULL
NULL
NULL
NULL
NULL

query I
select a+b*2 as col1
from t1
order by col1
----
317
369
385
391
416
428
439
455
475
483
502
514
529
544
560
579
595
635
652
666
685
698
711
723
743
NULL
NULL
NULL
NULL
NULL

# need to check the result later, currently just use ok to skip
onlyif todo
statement ok
select d as col1,
       a+b*2+c*3+d*4+e*5 as col2,
       b-c as col3
from t1
where (c<=d-2 or c>=d+2)
   and d>e
   and d not between 110 and 150
order by col2,col3,col1

# need to check the result later, currently just use ok to skip
onlyif todo
statement ok
select d as col1,
       a+b*2+c*3+d*4+e*5 as col2,
       b-c as col3
from t1
where (c<=d-2 or c>=d+2)
   and d>e
   and d not between 110 and 150
order by col1,col3,col2

# need to check the result later, currently just use ok to skip
onlyif todo
statement ok
select d as col1,
       a+b*2+c*3+d*4+e*5 as col2,
       b-c as col3
from t1
where d>e
   and (c<=d-2 or c>=d+2)
   and d not between 110 and 150
order by col2,col3,col1

# need to check the result later, currently just use ok to skip
onlyif todo
statement ok
select d as col1,
       a+b*2+c*3+d*4+e*5 as col2,
       b-c as col3
from t1
where d>e
   and (c<=d-2 or c>=d+2)
   and d not between 110 and 150
order by col2,col1,col3

query TITIIIT
select d-e as col1,
       case when c>avg_c then a*2 else b*10 end as col2,
       e as col3,
       a+b*2+c*3+d*4 as col4,
       a as col5,
       a+b*2+c*3 as col6,
       (a+b+c+d+e)/5 as col7
from (
 select a, b, c, d, e, avg_c
 from (
  select avg(c) as avg_c from t1
 ) as Q cross join (select a, b, c, d, e from t1) as R
)
where b>c
order by col6,col7,col4,col5,col2,col3,col1
----
NULL 1240 NULL 1226 121 738 NULL
2 1290 126 1272 127 760 127.0
1 1390 135 1371 138 827 137.0
-4 1430 144 1411 142 851 142.0
NULL 1510 NULL NULL 153 905 NULL
NULL 1580 157 NULL 159 940 NULL
NULL 1670 165 NULL 168 1000 NULL
-2 382 192 1918 191 1158 192.0
-1 398 197 1964 199 1180 197.0
-2 432 219 2165 216 1297 217.0
-1 458 227 2264 229 1360 227.0
3 468 230 2323 234 1391 232.0
2 490 246 2476 245 1484 247.0

query TITIIIT
select d-e as col1,
       case when c>avg_c then a*2 else b*10 end as col2,
       e as col3,
       a+b*2+c*3+d*4 as col4,
       a as col5,
       a+b*2+c*3 as col6,
       (a+b+c+d+e)/5 as col7
from (
 select a, b, c, d, e, avg_c
 from (
  select avg(c) as avg_c from t1
 ) as Q cross join (select a, b, c, d, e from t1) as R
)
where b>c
order by col5,col6,col2,col4,col7,col3,col1
----
NULL 1240 NULL 1226 121 738 NULL
2 1290 126 1272 127 760 127.0
1 1390 135 1371 138 827 137.0
-4 1430 144 1411 142 851 142.0
NULL 1510 NULL NULL 153 905 NULL
NULL 1580 157 NULL 159 940 NULL
NULL 1670 165 NULL 168 1000 NULL
-2 382 192 1918 191 1158 192.0
-1 398 197 1964 199 1180 197.0
-2 432 219 2165 216 1297 217.0
-1 458 227 2264 229 1360 227.0
3 468 230 2323 234 1391 232.0
2 490 246 2476 245 1484 247.0

# need to check the result later, currently just use ok to skip
onlyif todo
statement ok
select (select count(*) from t1 as x where x.b<t1.b) as col1,
       e as col2,
       a+b*2+c*3+d*4 as col3,
       a as col4
from t1
order by col4,col2,col3,col1

# need to check the result later, currently just use ok to skip
onlyif todo
statement ok
select (select count(*) from t1 as x where x.b<t1.b) as col1,
       e as col2,
       a+b*2+c*3+d*4 as col3,
       a as col4
from t1
order by col2,col3,col4,col1

# need to check the result later, currently just use ok to skip
onlyif todo
statement ok
select a+b*2+c*3 as col1,
       a-b as col2,
       e as col3,
       d-e as col4
from t1
where b>c
order by col4,col2,col3,col1

# need to check the result later, currently just use ok to skip
onlyif todo
statement ok
select a+b*2+c*3 as col1,
       a-b as col2,
       e as col3,
       d-e as col4
from t1
where b>c
order by col3,col1,col4,col2

# need to check the result later, currently just use ok to skip
onlyif todo
statement ok
select a+b*2+c*3 as col1,
       abs(b-c) as col2,
       e as col3,
       (a+b+c+d+e)/5 as col4,
       b as col5,
       d as col6,
       c-d as col7
from t1
where (a>b-2 and a<b+2)
    or a>b
order by col6,col7,col4,col5,col2,col3,col1

# need to check the result later, currently just use ok to skip
onlyif todo
statement ok
select a+b*2+c*3 as col1,
       abs(b-c) as col2,
       e as col3,
       (a+b+c+d+e)/5 as col4,
       b as col5,
       d as col6,
       c-d as col7
from t1
where (a>b-2 and a<b+2)
    or a>b
order by col2,col6,col3,col1,col5,col4,col7

query IIIII
select case when c>avg_c then a*2 else b*10 end as col1,
       d as col2,
       a+b*2+c*3+d*4 as col3,
       a as col4,
       a+b*2+c*3+d*4+e*5 as col5
from (
 select a, b, c, d, e, avg_c
 from (
  select avg(c) as avg_c from t1
 ) as Q cross join (select a, b, c, d, e from t1) as R
)
where e+d between a+b-10 and c+130
order by col4,col5,col2,col3,col1
----
1050 108 1067 107 1612
1290 128 1272 127 1902

query IIIII
select case when c>avg_c then a*2 else b*10 end as col1,
       d as col2,
       a+b*2+c*3+d*4 as col3,
       a as col4,
       a+b*2+c*3+d*4+e*5 as col5
from (
 select a, b, c, d, e, avg_c
 from (
  select avg(c) as avg_c from t1
 ) as Q cross join (select a, b, c, d, e from t1) as R
)
where e+d between a+b-10 and c+130
order by col4,col5,col1,col3,col2
----
1050 108 1067 107 1612
1290 128 1272 127 1902

# need to check the result later, currently just use ok to skip
onlyif todo
statement ok
select (a+b+c+d+e)/5 as col1,
       abs(a) as col2,
       (select count(*) from t1 as x where x.c>t1.c and x.d<t1.d) as col3,
       a as col4,
       c-d as col5,
       a+b*2 as col6
from t1
where d>e
    or exists(select 1 from t1 as x where x.b<t1.b)
order by col6,col4,col5,col2,col3,col1

# need to check the result later, currently just use ok to skip
onlyif todo
statement ok
select (a+b+c+d+e)/5 as col1,
       abs(a) as col2,
       (select count(*) from t1 as x where x.c>t1.c and x.d<t1.d) as col3,
       a as col4,
       c-d as col5,
       a+b*2 as col6
from t1
where d>e
    or exists(select 1 from t1 as x where x.b<t1.b)
order by col3,col6,col4,col5,col2,col1

# need to check the result later, currently just use ok to skip
onlyif todo
statement ok
select (a+b+c+d+e)/5 as col1,
       abs(a) as col2,
       (select count(*) from t1 as x where x.c>t1.c and x.d<t1.d) as col3,
       a as col4,
       c-d as col5,
       a+b*2 as col6
from t1
where exists(select 1 from t1 as x where x.b<t1.b)
    or d>e
order by col6,col4,col5,col2,col3,col1

# need to check the result later, currently just use ok to skip
onlyif todo
statement ok
select (a+b+c+d+e)/5 as col1,
       abs(a) as col2,
       (select count(*) from t1 as x where x.c>t1.c and x.d<t1.d) as col3,
       a as col4,
       c-d as col5,
       a+b*2 as col6
from t1
where exists(select 1 from t1 as x where x.b<t1.b)
    or d>e
order by col3,col4,col6,col5,col2,col1

# need to check the result later, currently just use ok to skip
onlyif todo
statement ok
select case a+1 when b then 111 when c then 222
        when d then 333  when e then 444 else 555 end as col1,
       case when c>(select avg(c) from t1) then a*2 else b*10 end as col2,
       a+b*2+c*3+d*4+e*5 as col3,
       (select count(*) from t1 as x where x.b<t1.b) as col4
from t1
where b>c
order by col4,col2,col3,col1

# need to check the result later, currently just use ok to skip
onlyif todo
statement ok
select case a+1 when b then 111 when c then 222
        when d then 333  when e then 444 else 555 end as col1,
       case when c>(select avg(c) from t1) then a*2 else b*10 end as col2,
       a+b*2+c*3+d*4+e*5 as col3,
       (select count(*) from t1 as x where x.b<t1.b) as col4
from t1
where b>c
order by col1,col3,col4,col2

query IIII
select b-c as col1,
       c-d as col2,
       c as col3,
       case a+1 when b then 111 when c then 222
        when d then 333  when e then 444 else 555 end as col4
from t1
order by col4,col2,col3,col1
----
2 1 137 111
2 1 141 111
NULL -1 202 222
-3 2 214 222
-4 NULL 244 222
4 -3 125 333
-1 -3 161 333
-1 -2 106 333
3 -2 215 333
1 1 123 333
-3 1 184 333
NULL 3 119 333
2 -1 247 444
-4 1 134 444
-1 2 187 444
-1 2 224 444
1 3 193 444
1 -2 231 555
-1 -1 113 555
3 -1 195 555
3 -1 225 555
NULL 1 102 555
-2 1 172 555
-2 1 208 555
-2 NULL 147 555
1 NULL 150 555
3 NULL 155 555
1 NULL 166 555
-1 NULL 176 555
NULL NULL NULL 555

query IIII
select b-c as col1,
       c-d as col2,
       c as col3,
       case a+1 when b then 111 when c then 222
        when d then 333  when e then 444 else 555 end as col4
from t1
order by col1,col3,col4,col2
----
-4 1 134 444
-4 NULL 244 222
-3 1 184 333
-3 2 214 222
-2 NULL 147 555
-2 1 172 555
-2 1 208 555
-1 -2 106 333
-1 -1 113 555
-1 -3 161 333
-1 NULL 176 555
-1 2 187 444
-1 2 224 444
1 1 123 333
1 NULL 150 555
1 NULL 166 555
1 3 193 444
1 -2 231 555
2 1 137 111
2 1 141 111
2 -1 247 444
3 NULL 155 555
3 -1 195 555
3 -2 215 333
3 -1 225 555
4 -3 125 333
NULL 1 102 555
NULL 3 119 333
NULL -1 202 222
NULL NULL NULL 555

# need to check the result later, currently just use ok to skip
onlyif todo
statement ok
select a-b as col1,
       c as col2,
       (select count(*) from t1 as x where x.b<t1.b) as col3,
       (select count(*) from t1 as x where x.c>t1.c and x.d<t1.d) as col4
from t1
order by col4,col2,col3,col1

# need to check the result later, currently just use ok to skip
onlyif todo
statement ok
select a-b as col1,
       c as col2,
       (select count(*) from t1 as x where x.b<t1.b) as col3,
       (select count(*) from t1 as x where x.c>t1.c and x.d<t1.d) as col4
from t1
order by col4,col2,col3,col1

# need to check the result later, currently just use ok to skip
onlyif todo
statement ok
select d as col1,
       b-c as col2,
       (a+b+c+d+e)/5 as col3
from t1
where d>e
   and (e>c or e<d)
   and (c<=d-2 or c>=d+2)
order by col2,col3,col1

# need to check the result later, currently just use ok to skip
onlyif todo
statement ok
select d as col1,
       b-c as col2,
       (a+b+c+d+e)/5 as col3
from t1
where d>e
   and (e>c or e<d)
   and (c<=d-2 or c>=d+2)
order by col2,col3,col1

# need to check the result later, currently just use ok to skip
onlyif todo
statement ok
select d as col1,
       b-c as col2,
       (a+b+c+d+e)/5 as col3
from t1
where d>e
   and (c<=d-2 or c>=d+2)
   and (e>c or e<d)
order by col2,col3,col1

# need to check the result later, currently just use ok to skip
onlyif todo
statement ok
select d as col1,
       b-c as col2,
       (a+b+c+d+e)/5 as col3
from t1
where d>e
   and (c<=d-2 or c>=d+2)
   and (e>c or e<d)
order by col1,col3,col2

# need to check the result later, currently just use ok to skip
onlyif todo
statement ok
select d as col1,
       b-c as col2,
       (a+b+c+d+e)/5 as col3
from t1
where (c<=d-2 or c>=d+2)
   and (e>c or e<d)
   and d>e
order by col2,col3,col1

# need to check the result later, currently just use ok to skip
onlyif todo
statement ok
select d as col1,
       b-c as col2,
       (a+b+c+d+e)/5 as col3
from t1
where (c<=d-2 or c>=d+2)
   and (e>c or e<d)
   and d>e
order by col1,col2,col3

# need to check the result later, currently just use ok to skip
onlyif todo
statement ok
select a+b*2+c*3+d*4 as col1,
       (select count(*) from t1 as x where x.c>t1.c and x.d<t1.d) as col2,
       c-d as col3,
       case when c>(select avg(c) from t1) then a*2 else b*10 end as col4,
       case a+1 when b then 111 when c then 222
        when d then 333  when e then 444 else 555 end as col5,
       abs(a) as col6
from t1
where (a>b-2 and a<b+2)
order by col6,col4,col5,col2,col3,col1

# need to check the result later, currently just use ok to skip
onlyif todo
statement ok
select a+b*2+c*3+d*4 as col1,
       (select count(*) from t1 as x where x.c>t1.c and x.d<t1.d) as col2,
       c-d as col3,
       case when c>(select avg(c) from t1) then a*2 else b*10 end as col4,
       case a+1 when b then 111 when c then 222
        when d then 333  when e then 444 else 555 end as col5,
       abs(a) as col6
from t1
where (a>b-2 and a<b+2)
order by col2,col3,col6,col4,col5,col1

# need to check the result later, currently just use ok to skip
onlyif todo
statement ok
select a as col1,
       case when a<b-3 then 111 when a<=b then 222
        when a<b+3 then 333 else 444 end as col2,
       (select count(*) from t1 as x where x.c>t1.c and x.d<t1.d) as col3,
       e as col4,
       a+b*2+c*3+d*4+e*5 as col5,
       abs(a) as col6
from t1
where c between b-2 and d+2
   and d>e
order by col6,col4,col5,col2,col3,col1

# need to check the result later, currently just use ok to skip
onlyif todo
statement ok
select a as col1,
       case when a<b-3 then 111 when a<=b then 222
        when a<b+3 then 333 else 444 end as col2,
       (select count(*) from t1 as x where x.c>t1.c and x.d<t1.d) as col3,
       e as col4,
       a+b*2+c*3+d*4+e*5 as col5,
       abs(a) as col6
from t1
where c between b-2 and d+2
   and d>e
order by col1,col5,col3,col6,col2,col4

# need to check the result later, currently just use ok to skip
onlyif todo
statement ok
select a as col1,
       case when a<b-3 then 111 when a<=b then 222
        when a<b+3 then 333 else 444 end as col2,
       (select count(*) from t1 as x where x.c>t1.c and x.d<t1.d) as col3,
       e as col4,
       a+b*2+c*3+d*4+e*5 as col5,
       abs(a) as col6
from t1
where d>e
   and c between b-2 and d+2
order by col6,col4,col5,col2,col3,col1

# need to check the result later, currently just use ok to skip
onlyif todo
statement ok
select a as col1,
       case when a<b-3 then 111 when a<=b then 222
        when a<b+3 then 333 else 444 end as col2,
       (select count(*) from t1 as x where x.c>t1.c and x.d<t1.d) as col3,
       e as col4,
       a+b*2+c*3+d*4+e*5 as col5,
       abs(a) as col6
from t1
where d>e
   and c between b-2 and d+2
order by col1,col2,col6,col4,col5,col3

query I
select e as col1
from t1
where (e>c or e<d)
   and d>e
   and d not between 110 and 150
order by col1
----
162
180
210
221
230
237
246

query I
select e as col1
from t1
where (e>c or e<d)
   and d>e
   and d not between 110 and 150
order by col1
----
162
180
210
221
230
237
246

query I
select e as col1
from t1
where d>e
   and d not between 110 and 150
   and (e>c or e<d)
order by col1
----
162
180
210
221
230
237
246

query I
select e as col1
from t1
where d>e
   and d not between 110 and 150
   and (e>c or e<d)
order by col1
----
162
180
210
221
230
237
246

query I
select e as col1
from t1
where d not between 110 and 150
   and (e>c or e<d)
   and d>e
order by col1
----
162
180
210
221
230
237
246

query I
select e as col1
from t1
where d not between 110 and 150
   and (e>c or e<d)
   and d>e
order by col1
----
162
180
210
221
230
237
246

query I
select e as col1
from t1
where (e>c or e<d)
   and d not between 110 and 150
   and d>e
order by col1
----
162
180
210
221
230
237
246

query I
select e as col1
from t1
where (e>c or e<d)
   and d not between 110 and 150
   and d>e
order by col1
----
162
180
210
221
230
237
246

# need to check the result later, currently just use ok to skip
onlyif todo
statement ok
select a+b*2+c*3 as col1,
       case a+1 when b then 111 when c then 222
        when d then 333  when e then 444 else 555 end as col2,
       a+b*2+c*3+d*4+e*5 as col3,
       a-b as col4,
       (select count(*) from t1 as x where x.c>t1.c and x.d<t1.d) as col5,
       d as col6
from t1
where d not between 110 and 150
    or (e>a and e<b)
order by col6,col4,col5,col2,col3,col1

# need to check the result later, currently just use ok to skip
onlyif todo
statement ok
select a+b*2+c*3 as col1,
       case a+1 when b then 111 when c then 222
        when d then 333  when e then 444 else 555 end as col2,
       a+b*2+c*3+d*4+e*5 as col3,
       a-b as col4,
       (select count(*) from t1 as x where x.c>t1.c and x.d<t1.d) as col5,
       d as col6
from t1
where d not between 110 and 150
    or (e>a and e<b)
order by col1,col5,col4,col3,col6,col2

# need to check the result later, currently just use ok to skip
onlyif todo
statement ok
select a+b*2+c*3 as col1,
       case a+1 when b then 111 when c then 222
        when d then 333  when e then 444 else 555 end as col2,
       a+b*2+c*3+d*4+e*5 as col3,
       a-b as col4,
       (select count(*) from t1 as x where x.c>t1.c and x.d<t1.d) as col5,
       d as col6
from t1
where (e>a and e<b)
    or d not between 110 and 150
order by col6,col4,col5,col2,col3,col1

# need to check the result later, currently just use ok to skip
onlyif todo
statement ok
select a+b*2+c*3 as col1,
       case a+1 when b then 111 when c then 222
        when d then 333  when e then 444 else 555 end as col2,
       a+b*2+c*3+d*4+e*5 as col3,
       a-b as col4,
       (select count(*) from t1 as x where x.c>t1.c and x.d<t1.d) as col5,
       d as col6
from t1
where (e>a and e<b)
    or d not between 110 and 150
order by col6,col1,col5,col2,col4,col3

query IF
select case when c>avg_c then a*2 else b*10 end as col1,
       (a+b+c+d+e)/5 as col2
from (
 select a, b, c, d, e, avg_c
 from (
  select avg(c) as avg_c from t1
 ) as Q cross join (select a, b, c, d, e from t1) as R
)
where e+d between a+b-10 and c+130
order by col2,col1
----
1050 107.0
1290 127.0

query IF
select case when c>avg_c then a*2 else b*10 end as col1,
       (a+b+c+d+e)/5 as col2
from (
 select a, b, c, d, e, avg_c
 from (
  select avg(c) as avg_c from t1
 ) as Q cross join (select a, b, c, d, e from t1) as R
)
where e+d between a+b-10 and c+130
order by col1,col2
----
1050 107.0
1290 127.0

query IIFII
select c as col1,
       a+b*2+c*3+d*4+e*5 as col2,
       (a+b+c+d+e)/5 as col3,
       abs(b-c) as col4,
       b as col5
from t1
order by col4,col5,col2,col3,col1
----
106 1612 107.0 1 105
113 NULL NULL 1 112
123 NULL NULL 1 124
150 NULL NULL 1 151
161 2432 162.0 1 160
166 NULL NULL 1 167
176 NULL NULL 1 175
187 2806 187.0 1 186
193 2878 192.0 1 194
224 3331 222.0 1 223
231 3473 232.0 1 232
137 2046 137.0 2 139
141 2131 142.0 2 143
147 NULL NULL 2 145
172 2579 172.0 2 170
208 NULL NULL 2 206
247 3706 247.0 2 249
155 NULL NULL 3 158
184 2728 182.0 3 181
195 2949 197.0 3 198
214 3175 212.0 3 211
215 3260 217.0 3 218
225 3399 227.0 3 228
125 1902 127.0 4 129
134 1985 132.0 4 130
244 NULL NULL 4 240
NULL NULL NULL NULL 236
102 NULL NULL NULL NULL
119 NULL NULL NULL NULL
202 NULL NULL NULL NULL

query IIFII
select c as col1,
       a+b*2+c*3+d*4+e*5 as col2,
       (a+b+c+d+e)/5 as col3,
       abs(b-c) as col4,
       b as col5
from t1
order by col2,col4,col1,col3,col5
----
106 1612 107.0 1 105
125 1902 127.0 4 129
134 1985 132.0 4 130
137 2046 137.0 2 139
141 2131 142.0 2 143
161 2432 162.0 1 160
172 2579 172.0 2 170
184 2728 182.0 3 181
187 2806 187.0 1 186
193 2878 192.0 1 194
195 2949 197.0 3 198
214 3175 212.0 3 211
215 3260 217.0 3 218
224 3331 222.0 1 223
225 3399 227.0 3 228
231 3473 232.0 1 232
247 3706 247.0 2 249
113 NULL NULL 1 112
123 NULL NULL 1 124
150 NULL NULL 1 151
166 NULL NULL 1 167
176 NULL NULL 1 175
147 NULL NULL 2 145
208 NULL NULL 2 206
155 NULL NULL 3 158
244 NULL NULL 4 240
102 NULL NULL NULL NULL
119 NULL NULL NULL NULL
202 NULL NULL NULL NULL
NULL NULL NULL NULL 236

query ITII
select a+b*2 as col1,
       c-d as col2,
       case a+1 when b then 111 when c then 222
        when d then 333  when e then 444 else 555 end as col3,
       case when c>avg_c then a*2 else b*10 end as col4
from (
 select a, b, c, d, e, avg_c
 from (
  select avg(c) as avg_c from t1
 ) as Q cross join (select a, b, c, d, e from t1) as R
)
order by col4,col2,col3,col1
----
529 NULL 555 358
544 1 333 364
560 2 444 376
579 3 444 382
595 -1 555 398
NULL -1 222 402
635 2 222 426
652 -2 333 432
666 2 444 440
685 -1 555 458
698 -2 555 468
723 NULL 222 486
743 -1 444 490
317 -2 333 1050
NULL -1 555 1120
369 1 333 1240
385 -3 333 1290
391 1 444 1300
416 1 111 1390
428 1 111 1430
439 NULL 555 1450
455 NULL 555 1510
475 NULL 555 1580
483 -3 333 1600
502 NULL 555 1670
514 1 555 1700
711 NULL 555 2360
NULL 1 555 NULL
NULL 1 555 NULL
NULL 3 333 NULL

query IIII
select a+b*2 as col1,
       c-d as col2,
       case a+1 when b then 111 when c then 222
        when d then 333  when e then 444 else 555 end as col3,
       case when c>avg_c then a*2 else b*10 end as col4
from (
 select a, b, c, d, e, avg_c
 from (
  select avg(c) as avg_c from t1
 ) as Q cross join (select a, b, c, d, e from t1) as R
)
order by col2,col3,col4,col1
----
385 -3 333 1290
483 -3 333 1600
652 -2 333 432
317 -2 333 1050
698 -2 555 468
NULL -1 222 402
743 -1 444 490
595 -1 555 398
685 -1 555 458
NULL -1 555 1120
416 1 111 1390
428 1 111 1430
544 1 333 364
369 1 333 1240
391 1 444 1300
514 1 555 1700
NULL 1 555 NULL
NULL 1 555 NULL
635 2 222 426
560 2 444 376
666 2 444 440
NULL 3 333 NULL
579 3 444 382
723 NULL 222 486
529 NULL 555 358
439 NULL 555 1450
455 NULL 555 1510
475 NULL 555 1580
502 NULL 555 1670
711 NULL 555 2360

# need to check the result later, currently just use ok to skip
onlyif todo
statement ok
select b-c as col1,
       (select count(*) from t1 as x where x.c>t1.c and x.d<t1.d) as col2,
       a+b*2 as col3
from t1
where a>b
   and (e>a and e<b)
   and (c<=d-2 or c>=d+2)
order by col2,col3,col1

# need to check the result later, currently just use ok to skip
onlyif todo
statement ok
select b-c as col1,
       (select count(*) from t1 as x where x.c>t1.c and x.d<t1.d) as col2,
       a+b*2 as col3
from t1
where a>b
   and (e>a and e<b)
   and (c<=d-2 or c>=d+2)
order by col2,col1,col3

# need to check the result later, currently just use ok to skip
onlyif todo
statement ok
select b-c as col1,
       (select count(*) from t1 as x where x.c>t1.c and x.d<t1.d) as col2,
       a+b*2 as col3
from t1
where (c<=d-2 or c>=d+2)
   and (e>a and e<b)
   and a>b
order by col2,col3,col1

# need to check the result later, currently just use ok to skip
onlyif todo
statement ok
select b-c as col1,
       (select count(*) from t1 as x where x.c>t1.c and x.d<t1.d) as col2,
       a+b*2 as col3
from t1
where (c<=d-2 or c>=d+2)
   and (e>a and e<b)
   and a>b
order by col3,col1,col2

# need to check the result later, currently just use ok to skip
onlyif todo
statement ok
select b-c as col1,
       (select count(*) from t1 as x where x.c>t1.c and x.d<t1.d) as col2,
       a+b*2 as col3
from t1
where a>b
   and (c<=d-2 or c>=d+2)
   and (e>a and e<b)
order by col2,col3,col1

# need to check the result later, currently just use ok to skip
onlyif todo
statement ok
select b-c as col1,
       (select count(*) from t1 as x where x.c>t1.c and x.d<t1.d) as col2,
       a+b*2 as col3
from t1
where a>b
   and (c<=d-2 or c>=d+2)
   and (e>a and e<b)
order by col3,col2,col1

# need to check the result later, currently just use ok to skip
onlyif todo
statement ok
select (select count(*) from t1 as x where x.c>t1.c and x.d<t1.d) as col1,
       a as col2,
       a+b*2+c*3 as col3,
       case a+1 when b then 111 when c then 222
        when d then 333  when e then 444 else 555 end as col4
from t1
order by col4,col2,col3,col1

# need to check the result later, currently just use ok to skip
onlyif todo
statement ok
select (select count(*) from t1 as x where x.c>t1.c and x.d<t1.d) as col1,
       a as col2,
       a+b*2+c*3 as col3,
       case a+1 when b then 111 when c then 222
        when d then 333  when e then 444 else 555 end as col4
from t1
order by col2,col3,col1,col4

# need to check the result later, currently just use ok to skip
onlyif todo
statement ok
select (select count(*) from t1 as x where x.b<t1.b) as col1,
       case when a<b-3 then 111 when a<=b then 222
        when a<b+3 then 333 else 444 end as col2,
       b-c as col3,
       a+b*2+c*3+d*4+e*5 as col4,
       b as col5
from t1
order by col4,col5,col2,col3,col1

# need to check the result later, currently just use ok to skip
onlyif todo
statement ok
select (select count(*) from t1 as x where x.b<t1.b) as col1,
       case when a<b-3 then 111 when a<=b then 222
        when a<b+3 then 333 else 444 end as col2,
       b-c as col3,
       a+b*2+c*3+d*4+e*5 as col4,
       b as col5
from t1
order by col3,col5,col4,col2,col1

# need to check the result later, currently just use ok to skip
onlyif todo
statement ok
select a+b*2+c*3+d*4+e*5 as col1,
       a-b as col2,
       d as col3
from t1
where e+d between a+b-10 and c+130
order by col2,col3,col1

# need to check the result later, currently just use ok to skip
onlyif todo
statement ok
select a+b*2+c*3+d*4+e*5 as col1,
       a-b as col2,
       d as col3
from t1
where e+d between a+b-10 and c+130
order by col2,col1,col3

query IIT
select a as col1,
       abs(a) as col2,
       a+b*2+c*3+d*4+e*5 as col3
from t1
order by col2,col3,col1
----
104 104 NULL
107 107 1612
115 115 NULL
121 121 NULL
127 127 1902
131 131 1985
138 138 2046
142 142 2131
149 149 NULL
153 153 NULL
159 159 NULL
163 163 2432
168 168 NULL
174 174 2579
179 179 NULL
182 182 2728
188 188 2806
191 191 2878
199 199 2949
201 201 NULL
213 213 3175
216 216 3260
220 220 3331
229 229 3399
234 234 3473
239 239 NULL
243 243 NULL
245 245 3706
NULL NULL NULL
NULL NULL NULL

query IIT
select a as col1,
       abs(a) as col2,
       a+b*2+c*3+d*4+e*5 as col3
from t1
order by col1,col3,col2
----
104 104 NULL
107 107 1612
115 115 NULL
121 121 NULL
127 127 1902
131 131 1985
138 138 2046
142 142 2131
149 149 NULL
153 153 NULL
159 159 NULL
163 163 2432
168 168 NULL
174 174 2579
179 179 NULL
182 182 2728
188 188 2806
191 191 2878
199 199 2949
201 201 NULL
213 213 3175
216 216 3260
220 220 3331
229 229 3399
234 234 3473
239 239 NULL
243 243 NULL
245 245 3706
NULL NULL NULL
NULL NULL NULL

# need to check the result later, currently just use ok to skip
onlyif todo
statement ok
select c as col1,
       a+b*2+c*3+d*4+e*5 as col2,
       b-c as col3,
       a as col4,
       d-e as col5
from t1
where c between b-2 and d+2
    or (a>b-2 and a<b+2)
    or d>e
order by col4,col5,col2,col3,col1

# need to check the result later, currently just use ok to skip
onlyif todo
statement ok
select c as col1,
       a+b*2+c*3+d*4+e*5 as col2,
       b-c as col3,
       a as col4,
       d-e as col5
from t1
where c between b-2 and d+2
    or (a>b-2 and a<b+2)
    or d>e
order by col3,col5,col4,col2,col1

# need to check the result later, currently just use ok to skip
onlyif todo
statement ok
select c as col1,
       a+b*2+c*3+d*4+e*5 as col2,
       b-c as col3,
       a as col4,
       d-e as col5
from t1
where (a>b-2 and a<b+2)
    or c between b-2 and d+2
    or d>e
order by col4,col5,col2,col3,col1

# need to check the result later, currently just use ok to skip
onlyif todo
statement ok
select c as col1,
       a+b*2+c*3+d*4+e*5 as col2,
       b-c as col3,
       a as col4,
       d-e as col5
from t1
where (a>b-2 and a<b+2)
    or c between b-2 and d+2
    or d>e
order by col3,col2,col5,col1,col4

# need to check the result later, currently just use ok to skip
onlyif todo
statement ok
select c as col1,
       a+b*2+c*3+d*4+e*5 as col2,
       b-c as col3,
       a as col4,
       d-e as col5
from t1
where (a>b-2 and a<b+2)
    or d>e
    or c between b-2 and d+2
order by col4,col5,col2,col3,col1

# need to check the result later, currently just use ok to skip
onlyif todo
statement ok
select c as col1,
       a+b*2+c*3+d*4+e*5 as col2,
       b-c as col3,
       a as col4,
       d-e as col5
from t1
where (a>b-2 and a<b+2)
    or d>e
    or c between b-2 and d+2
order by col5,col3,col4,col2,col1

# need to check the result later, currently just use ok to skip
onlyif todo
statement ok
select a as col1,
       (a+b+c+d+e)/5 as col2,
       b-c as col3,
       a+b*2 as col4,
       case when a<b-3 then 111 when a<=b then 222
        when a<b+3 then 333 else 444 end as col5
from t1
where a>b
order by col4,col5,col2,col3,col1

# need to check the result later, currently just use ok to skip
onlyif todo
statement ok
select a as col1,
       (a+b+c+d+e)/5 as col2,
       b-c as col3,
       a+b*2 as col4,
       case when a<b-3 then 111 when a<=b then 222
        when a<b+3 then 333 else 444 end as col5
from t1
where a>b
order by col1,col2,col4,col5,col3

# need to check the result later, currently just use ok to skip
onlyif todo
statement ok
select a+b*2 as col1
from t1
where b>c
    or a>b
order by col1

# need to check the result later, currently just use ok to skip
onlyif todo
statement ok
select a+b*2 as col1
from t1
where b>c
    or a>b
order by col1

# need to check the result later, currently just use ok to skip
onlyif todo
statement ok
select a+b*2 as col1
from t1
where a>b
    or b>c
order by col1

# need to check the result later, currently just use ok to skip
onlyif todo
statement ok
select a+b*2 as col1
from t1
where a>b
    or b>c
order by col1

query IIII
select b-c as col1,
       a+b*2 as col2,
       a+b*2+c*3+d*4 as col3,
       d-e as col4
from t1
order by col4,col2,col3,col1
----
2 428 1411 -4
-1 560 1861 -4
-2 514 1714 -2
1 579 1918 -2
3 652 2165 -2
-1 317 1067 -1
3 595 1964 -1
3 685 2264 -1
NULL NULL NULL -1
NULL NULL NULL -1
-4 391 1325 1
2 416 1371 1
-1 666 2226 1
NULL 711 NULL 1
4 385 1272 2
-1 483 1622 2
-3 635 2125 2
2 743 2476 2
-3 544 1828 3
1 698 2323 3
-1 NULL NULL 4
1 369 1226 NULL
-2 439 NULL NULL
1 455 NULL NULL
3 475 NULL NULL
1 502 NULL NULL
-1 529 NULL NULL
-4 723 NULL NULL
-2 NULL NULL NULL
NULL NULL NULL NULL

query IIII
select b-c as col1,
       a+b*2 as col2,
       a+b*2+c*3+d*4 as col3,
       d-e as col4
from t1
order by col4,col3,col2,col1
----
2 428 1411 -4
-1 560 1861 -4
-2 514 1714 -2
1 579 1918 -2
3 652 2165 -2
-1 317 1067 -1
3 595 1964 -1
3 685 2264 -1
NULL NULL NULL -1
NULL NULL NULL -1
-4 391 1325 1
2 416 1371 1
-1 666 2226 1
NULL 711 NULL 1
4 385 1272 2
-1 483 1622 2
-3 635 2125 2
2 743 2476 2
-3 544 1828 3
1 698 2323 3
-1 NULL NULL 4
1 369 1226 NULL
-2 439 NULL NULL
1 455 NULL NULL
3 475 NULL NULL
1 502 NULL NULL
-1 529 NULL NULL
-4 723 NULL NULL
-2 NULL NULL NULL
NULL NULL NULL NULL

# need to check the result later, currently just use ok to skip
onlyif todo
statement ok
select abs(b-c) as col1,
       (select count(*) from t1 as x where x.b<t1.b) as col2,
       a as col3,
       a+b*2+c*3+d*4 as col4
from t1
where a>b
order by col4,col2,col3,col1

# need to check the result later, currently just use ok to skip
onlyif todo
statement ok
select abs(b-c) as col1,
       (select count(*) from t1 as x where x.b<t1.b) as col2,
       a as col3,
       a+b*2+c*3+d*4 as col4
from t1
where a>b
order by col3,col4,col2,col1

# need to check the result later, currently just use ok to skip
onlyif todo
statement ok
select a+b*2+c*3+d*4 as col1
from t1
where c>d
   and (c<=d-2 or c>=d+2)
   and d>e
order by col1

# need to check the result later, currently just use ok to skip
onlyif todo
statement ok
select a+b*2+c*3+d*4 as col1
from t1
where c>d
   and (c<=d-2 or c>=d+2)
   and d>e
order by col1

# need to check the result later, currently just use ok to skip
onlyif todo
statement ok
select a+b*2+c*3+d*4 as col1
from t1
where d>e
   and c>d
   and (c<=d-2 or c>=d+2)
order by col1

# need to check the result later, currently just use ok to skip
onlyif todo
statement ok
select a+b*2+c*3+d*4 as col1
from t1
where d>e
   and c>d
   and (c<=d-2 or c>=d+2)
order by col1

# need to check the result later, currently just use ok to skip
onlyif todo
statement ok
select a+b*2+c*3+d*4 as col1
from t1
where c>d
   and d>e
   and (c<=d-2 or c>=d+2)
order by col1

# need to check the result later, currently just use ok to skip
onlyif todo
statement ok
select a+b*2+c*3+d*4 as col1
from t1
where c>d
   and d>e
   and (c<=d-2 or c>=d+2)
order by col1

# need to check the result later, currently just use ok to skip
onlyif todo
statement ok
select b-c as col1,
       case when a<b-3 then 111 when a<=b then 222
        when a<b+3 then 333 else 444 end as col2
from t1
where d>e
order by col2,col1

# need to check the result later, currently just use ok to skip
onlyif todo
statement ok
select b-c as col1,
       case when a<b-3 then 111 when a<=b then 222
        when a<b+3 then 333 else 444 end as col2
from t1
where d>e
order by col1,col2

# need to check the result later, currently just use ok to skip
onlyif todo
statement ok
select a+b*2+c*3 as col1,
       (select count(*) from t1 as x where x.b<t1.b) as col2
from t1
order by col2,col1

# need to check the result later, currently just use ok to skip
onlyif todo
statement ok
select a+b*2+c*3 as col1,
       (select count(*) from t1 as x where x.b<t1.b) as col2
from t1
order by col1,col2

# need to check the result later, currently just use ok to skip
onlyif todo
statement ok
select (select count(*) from t1 as x where x.b<t1.b) as col1,
       a+b*2+c*3 as col2,
       abs(b-c) as col3,
       case a+1 when b then 111 when c then 222
        when d then 333  when e then 444 else 555 end as col4,
       e as col5
from t1
where e+d between a+b-10 and c+130
order by col4,col5,col2,col3,col1

# need to check the result later, currently just use ok to skip
onlyif todo
statement ok
select (select count(*) from t1 as x where x.b<t1.b) as col1,
       a+b*2+c*3 as col2,
       abs(b-c) as col3,
       case a+1 when b then 111 when c then 222
        when d then 333  when e then 444 else 555 end as col4,
       e as col5
from t1
where e+d between a+b-10 and c+130
order by col5,col4,col2,col3,col1

query IIIFI
select a-b as col1,
       a as col2,
       case when a<b-3 then 111 when a<=b then 222
        when a<b+3 then 333 else 444 end as col3,
       (a+b+c+d+e)/5 as col4,
       abs(a) as col5
from t1
order by col4,col5,col2,col3,col1
----
2 107 333 107.0 107
-2 127 222 127.0 127
1 131 333 132.0 131
-1 138 222 137.0 138
-1 142 222 142.0 142
3 163 444 162.0 163
4 174 444 172.0 174
1 182 333 182.0 182
2 188 333 187.0 188
-3 191 222 192.0 191
1 199 333 197.0 199
2 213 333 212.0 213
-2 216 222 217.0 216
-3 220 222 222.0 220
1 229 333 227.0 229
2 234 333 232.0 234
-4 245 111 247.0 245
NULL 104 444 NULL 104
NULL 115 444 NULL 115
-3 121 222 NULL 121
4 149 444 NULL 149
2 153 333 NULL 153
1 159 333 NULL 159
1 168 333 NULL 168
4 179 444 NULL 179
NULL 201 444 NULL 201
3 239 444 NULL 239
3 243 444 NULL 243
NULL NULL 444 NULL NULL
NULL NULL 444 NULL NULL

query IIIFI
select a-b as col1,
       a as col2,
       case when a<b-3 then 111 when a<=b then 222
        when a<b+3 then 333 else 444 end as col3,
       (a+b+c+d+e)/5 as col4,
       abs(a) as col5
from t1
order by col4,col2,col5,col3,col1
----
2 107 333 107.0 107
-2 127 222 127.0 127
1 131 333 132.0 131
-1 138 222 137.0 138
-1 142 222 142.0 142
3 163 444 162.0 163
4 174 444 172.0 174
1 182 333 182.0 182
2 188 333 187.0 188
-3 191 222 192.0 191
1 199 333 197.0 199
2 213 333 212.0 213
-2 216 222 217.0 216
-3 220 222 222.0 220
1 229 333 227.0 229
2 234 333 232.0 234
-4 245 111 247.0 245
NULL 104 444 NULL 104
NULL 115 444 NULL 115
-3 121 222 NULL 121
4 149 444 NULL 149
2 153 333 NULL 153
1 159 333 NULL 159
1 168 333 NULL 168
4 179 444 NULL 179
NULL 201 444 NULL 201
3 239 444 NULL 239
3 243 444 NULL 243
NULL NULL 444 NULL NULL
NULL NULL 444 NULL NULL

# need to check the result later, currently just use ok to skip
onlyif todo
statement ok
select abs(a) as col1,
       a+b*2+c*3+d*4 as col2,
       b as col3,
       (select count(*) from t1 as x where x.c>t1.c and x.d<t1.d) as col4,
       a+b*2+c*3+d*4+e*5 as col5,
       a-b as col6,
       e as col7
from t1
where (e>c or e<d)
   and e+d between a+b-10 and c+130
   and c>d
order by col6,col7,col4,col5,col2,col3,col1

# need to check the result later, currently just use ok to skip
onlyif todo
statement ok
select abs(a) as col1,
       a+b*2+c*3+d*4 as col2,
       b as col3,
       (select count(*) from t1 as x where x.c>t1.c and x.d<t1.d) as col4,
       a+b*2+c*3+d*4+e*5 as col5,
       a-b as col6,
       e as col7
from t1
where (e>c or e<d)
   and e+d between a+b-10 and c+130
   and c>d
order by col5,col3,col1,col4,col2,col6,col7

# need to check the result later, currently just use ok to skip
onlyif todo
statement ok
select abs(a) as col1,
       a+b*2+c*3+d*4 as col2,
       b as col3,
       (select count(*) from t1 as x where x.c>t1.c and x.d<t1.d) as col4,
       a+b*2+c*3+d*4+e*5 as col5,
       a-b as col6,
       e as col7
from t1
where e+d between a+b-10 and c+130
   and (e>c or e<d)
   and c>d
order by col6,col7,col4,col5,col2,col3,col1

# need to check the result later, currently just use ok to skip
onlyif todo
statement ok
select abs(a) as col1,
       a+b*2+c*3+d*4 as col2,
       b as col3,
       (select count(*) from t1 as x where x.c>t1.c and x.d<t1.d) as col4,
       a+b*2+c*3+d*4+e*5 as col5,
       a-b as col6,
       e as col7
from t1
where e+d between a+b-10 and c+130
   and (e>c or e<d)
   and c>d
order by col6,col5,col4,col7,col1,col3,col2

# need to check the result later, currently just use ok to skip
onlyif todo
statement ok
select abs(a) as col1,
       a+b*2+c*3+d*4 as col2,
       b as col3,
       (select count(*) from t1 as x where x.c>t1.c and x.d<t1.d) as col4,
       a+b*2+c*3+d*4+e*5 as col5,
       a-b as col6,
       e as col7
from t1
where c>d
   and (e>c or e<d)
   and e+d between a+b-10 and c+130
order by col6,col7,col4,col5,col2,col3,col1

# need to check the result later, currently just use ok to skip
onlyif todo
statement ok
select abs(a) as col1,
       a+b*2+c*3+d*4 as col2,
       b as col3,
       (select count(*) from t1 as x where x.c>t1.c and x.d<t1.d) as col4,
       a+b*2+c*3+d*4+e*5 as col5,
       a-b as col6,
       e as col7
from t1
where c>d
   and (e>c or e<d)
   and e+d between a+b-10 and c+130
order by col1,col2,col3,col6,col7,col4,col5

# need to check the result later, currently just use ok to skip
onlyif todo
statement ok
select a-b as col1,
       c as col2
from t1
where exists(select 1 from t1 as x where x.b<t1.b)
    or (a>b-2 and a<b+2)
order by col2,col1

# need to check the result later, currently just use ok to skip
onlyif todo
statement ok
select a-b as col1,
       c as col2
from t1
where exists(select 1 from t1 as x where x.b<t1.b)
    or (a>b-2 and a<b+2)
order by col1,col2

# need to check the result later, currently just use ok to skip
onlyif todo
statement ok
select case a+1 when b then 111 when c then 222
        when d then 333  when e then 444 else 555 end as col1,
       a+b*2+c*3+d*4 as col2
from t1
where (a>b-2 and a<b+2)
   and e+d between a+b-10 and c+130
   and (e>a and e<b)
order by col2,col1

# need to check the result later, currently just use ok to skip
onlyif todo
statement ok
select case a+1 when b then 111 when c then 222
        when d then 333  when e then 444 else 555 end as col1,
       a+b*2+c*3+d*4 as col2
from t1
where (a>b-2 and a<b+2)
   and e+d between a+b-10 and c+130
   and (e>a and e<b)
order by col2,col1

# need to check the result later, currently just use ok to skip
onlyif todo
statement ok
select case a+1 when b then 111 when c then 222
        when d then 333  when e then 444 else 555 end as col1,
       a+b*2+c*3+d*4 as col2
from t1
where (e>a and e<b)
   and e+d between a+b-10 and c+130
   and (a>b-2 and a<b+2)
order by col2,col1

# need to check the result later, currently just use ok to skip
onlyif todo
statement ok
select case a+1 when b then 111 when c then 222
        when d then 333  when e then 444 else 555 end as col1,
       a+b*2+c*3+d*4 as col2
from t1
where (e>a and e<b)
   and e+d between a+b-10 and c+130
   and (a>b-2 and a<b+2)
order by col1,col2

# need to check the result later, currently just use ok to skip
onlyif todo
statement ok
select case a+1 when b then 111 when c then 222
        when d then 333  when e then 444 else 555 end as col1,
       a+b*2+c*3+d*4 as col2
from t1
where (a>b-2 and a<b+2)
   and (e>a and e<b)
   and e+d between a+b-10 and c+130
order by col2,col1

