statement ok
DROP VIEW IF EXISTS tmp_view

statement ok
DROP VIEW IF EXISTS tmp_view2

statement ok
CREATE VIEW tmp_view AS SELECT number % 3 AS a, avg(number) FROM numbers(1000) GROUP BY a ORDER BY a

statement error 2306
CREATE VIEW tmp_view AS SELECT 1

statement ok
CREATE VIEW tmp_view2 AS SELECT * FROM numbers(100)

statement ok
CREATE VIEW IF NOT EXISTS tmp_view2 AS SELECT * FROM numbers(50)

query TT
show create table tmp_view2
----
tmp_view2 CREATE VIEW `default`.`tmp_view2` AS SELECT * FROM numbers(100)

statement ok
DROP VIEW IF EXISTS tmp_view

statement ok
DROP VIEW IF EXISTS tmp_view2

statement ok
drop database if exists test_view

statement ok
drop view if exists default.v0

statement ok
create database test_view

statement ok
create table test_view.t0(id int)

statement ok
create table test_view.t1(id int)

statement ok
insert into test_view.t0 values(1)

statement ok
insert into test_view.t0 values(2)

statement ok
create view default.v0 as select * from test_view.t0 union select * from test_view.t1

query T
select * from default.v0 order by v0.id
----
1
2

query T
select v0.id from default.v0 order by v0.id
----
1
2

query T
select v1.id from default.v0 as v1 order by v1.id
----
1
2

statement ok
create view default.v2 as select * from test_view.t0 where ((((((t0.id)-(1362151668)))-((+ 1362151668))))is not distinct from((+ ((-177629504)/(2071531978)))))

statement ok
select * from default.v2

statement ok
drop view default.v0

statement ok
drop view default.v2

statement ok
drop database test_view

statement ok
drop table if exists default.c

statement ok
create table default.c like information_schema.keywords

statement ok
select * from c

statement ok
drop table c

statement ok
create view tmp_view(c1, c2) as select number % 3 as a, avg(number) from numbers(1000) group by a order by a

query T
describe tmp_view
----
c1 TINYINT UNSIGNED NO 0 (empty)
c2 DOUBLE YES NULL (empty)

statement error 1018
create view tmp_view2(d1, d2) as select * from numbers(3)

statement ok
drop view if exists tmp_view

statement ok
drop view if exists loop_view1;

statement ok
drop view if exists loop_view2;

statement ok
drop view if exists loop_view3;

statement error 1025
create view loop_view1 as select * from loop_view3;

statement error 1025
create view loop_view2 as select * from loop_view1;

statement error 1025
create view loop_view3 as select * from loop_view2;

statement ok
create view replace_view(a) as select * from numbers(3);

statement error 1005
create or replace view if not exists replace_view(a) as select * from numbers(3);

statement ok
create or replace view replace_view(b) as select * from numbers(1);

query I
select b from replace_view;
----
0

statement ok
drop view if exists replace_view;

statement ok
drop table if exists t;

statement ok
drop view if exists v;

statement ok
create table t(id int);

statement ok
create view v as select id from t;

statement ok
select default.v.id from v;

statement ok
drop table if exists t;

statement ok
drop view if exists v;
