statement ok
DROP DATABASE IF EXISTS db

statement ok
CREATE DATABASE db

statement ok
CREATE TABLE db.t(c1 int) ENGINE = Null

query I
SELECT COUNT(1) from system.tables where name = 't' and database = 'db'
----
1

statement ok
CREATE DATABASE IF NOT EXISTS db

statement error 2301
CREATE DATABASE db

statement ok
DROP DATABASE IF EXISTS db

statement error 2301
CREATE DATABASE system

statement error 1002
DROP DATABASE system

statement error 1119
CREATE DATABASE catalog_not_exist.t

statement ok
DROP SCHEMA IF EXISTS db

statement ok
CREATE SCHEMA db

statement ok
CREATE TABLE db.t(c1 int) ENGINE = Null

query I
SELECT COUNT(1) from system.tables where name = 't' and database = 'db'
----
1

statement ok
CREATE SCHEMA IF NOT EXISTS db

statement error 2301
CREATE SCHEMA db

statement ok
DROP SCHEMA IF EXISTS db

statement error 2301
CREATE SCHEMA system

statement error 1002
DROP SCHEMA system

statement error 1119
CREATE SCHEMA catalog_not_exist.t

statement ok
create database test;

statement ok
create table test.a (a int);

statement ok
insert into test.a values(1);

query I
select * from test.a;
----
1

statement ok
create or replace database test;

statement error 1025
select * from test.a;

statement error 1005
create or replace database if not exists test;

statement ok
drop database test;
